-- phpMyAdmin SQL Dump
-- version 4.5.1
-- http://www.phpmyadmin.net
--
-- 主機: 127.0.0.1
-- 產生時間： 2016-09-20 09:18:03
-- 伺服器版本: 10.1.8-MariaDB
-- PHP 版本： 5.6.14

SET SQL_MODE = "NO_AUTO_VALUE_ON_ZERO";
SET time_zone = "+00:00";


/*!40101 SET @OLD_CHARACTER_SET_CLIENT=@@CHARACTER_SET_CLIENT */;
/*!40101 SET @OLD_CHARACTER_SET_RESULTS=@@CHARACTER_SET_RESULTS */;
/*!40101 SET @OLD_COLLATION_CONNECTION=@@COLLATION_CONNECTION */;
/*!40101 SET NAMES utf8mb4 */;

--
-- 資料庫： `coin`
--

-- --------------------------------------------------------

--
-- 資料表結構 `checklist`
--

CREATE TABLE `checklist` (
  `c_id` int(11) NOT NULL COMMENT '審核表ID',
  `p_id` int(11) NOT NULL COMMENT '專題ID',
  `u_id` int(11) DEFAULT NULL COMMENT '使用者ID',
  `stage` varchar(10) NOT NULL COMMENT '階段(ex: 1-1,1-2,..)',
  `no_01` tinyint(2) DEFAULT NULL COMMENT '答案01(0：否 1：是)',
  `no_02` tinyint(2) DEFAULT NULL COMMENT '答案02(0：否 1：是)',
  `no_03` tinyint(2) DEFAULT NULL COMMENT '答案03(0：否 1：是)',
  `no_04` tinyint(2) DEFAULT NULL COMMENT '答案04(0：否 1：是)',
  `no_05` tinyint(2) DEFAULT NULL COMMENT '答案05(0：否 1：是)',
  `no_06` tinyint(2) DEFAULT NULL COMMENT '答案06(0：否 1：是)',
  `no_07` tinyint(2) DEFAULT NULL COMMENT '答案07(0：否 1：是)',
  `no_08` tinyint(2) DEFAULT NULL COMMENT '答案08(0：否 1：是)',
  `no_09` tinyint(2) DEFAULT NULL COMMENT '答案09(0：否 1：是)',
  `no_10` tinyint(2) DEFAULT NULL COMMENT '答案10(0：否 1：是)',
  `no_11` tinyint(2) DEFAULT NULL COMMENT '答案11(0：否 1：是)',
  `no_12` tinyint(2) DEFAULT NULL COMMENT '答案12(0：否 1：是)',
  `no_13` tinyint(2) DEFAULT NULL COMMENT '答案13(0：否 1：是)',
  `check_time` timestamp NOT NULL DEFAULT CURRENT_TIMESTAMP COMMENT '建立時間'
) ENGINE=InnoDB DEFAULT CHARSET=utf8 COMMENT='審核表';

--
-- 資料表的匯出資料 `checklist`
--

INSERT INTO `checklist` (`c_id`, `p_id`, `u_id`, `stage`, `no_01`, `no_02`, `no_03`, `no_04`, `no_05`, `no_06`, `no_07`, `no_08`, `no_09`, `no_10`, `no_11`, `no_12`, `no_13`, `check_time`) VALUES
(72, 7, 70, '1-1', 1, 1, 1, 1, 1, 1, 1, 1, NULL, NULL, NULL, NULL, NULL, '2016-05-24 07:34:46'),
(73, 7, 70, '1-2', 1, 1, 1, 1, 1, 1, 1, NULL, NULL, NULL, NULL, NULL, NULL, '2016-05-24 09:02:56'),
(74, 7, 70, '2-1', 1, 1, 1, 1, 1, 1, 1, 1, NULL, NULL, NULL, NULL, NULL, '2016-05-24 10:10:31'),
(77, 7, 70, '2-2', 1, 1, 1, 1, 1, 1, 1, 1, 1, 1, NULL, NULL, NULL, '2016-05-24 13:12:40'),
(78, 7, 70, '2-3', 1, 1, 1, NULL, NULL, NULL, NULL, NULL, NULL, NULL, NULL, NULL, NULL, '2016-05-24 16:19:42'),
(79, 7, 70, '2-4', 1, 1, 1, 1, 1, NULL, NULL, NULL, NULL, NULL, NULL, NULL, NULL, '2016-05-24 16:58:22'),
(80, 7, 70, '3-1', 1, 1, 1, 1, NULL, NULL, NULL, NULL, NULL, NULL, NULL, NULL, NULL, '2016-05-24 17:14:15'),
(83, 8, 3, '1-1', 1, 1, 1, 1, 1, 1, 1, 1, NULL, NULL, NULL, NULL, NULL, '2016-05-27 08:20:06'),
(84, 8, 3, '1-2', 1, 1, 1, 1, 1, 1, 1, NULL, NULL, NULL, NULL, NULL, NULL, '2016-05-27 08:20:46'),
(86, 8, 3, '2-2', 1, 1, 1, 1, 1, 1, 1, 1, 1, 1, NULL, NULL, NULL, '2016-05-27 15:23:05'),
(87, 8, 3, '2-3', 1, 1, 1, NULL, NULL, NULL, NULL, NULL, NULL, NULL, NULL, NULL, NULL, '2016-05-27 18:02:37'),
(88, 8, 3, '2-4', 1, 1, 1, 1, 1, NULL, NULL, NULL, NULL, NULL, NULL, NULL, NULL, '2016-05-27 20:37:08'),
(89, 8, 3, '3-1', 1, 1, 1, 1, NULL, NULL, NULL, NULL, NULL, NULL, NULL, NULL, NULL, '2016-05-28 13:05:47'),
(90, 8, 3, '3-2', 1, 1, 1, 1, 1, 1, 1, 1, 1, 1, 1, NULL, NULL, '2016-05-30 02:45:57'),
(91, 8, 3, '3-3', 1, 1, NULL, NULL, NULL, NULL, NULL, NULL, NULL, NULL, NULL, NULL, NULL, '2016-05-30 03:10:13'),
(92, 8, 3, '4-1', 1, 1, 1, NULL, NULL, NULL, NULL, NULL, NULL, NULL, NULL, NULL, NULL, '2016-05-30 03:36:40'),
(93, 8, 3, '4-2', 1, 1, 1, 1, NULL, NULL, NULL, NULL, NULL, NULL, NULL, NULL, NULL, '2016-05-30 08:04:50'),
(94, 8, 3, '5-1', 1, 1, 1, 1, 1, NULL, NULL, NULL, NULL, NULL, NULL, NULL, NULL, '2016-05-30 08:29:49'),
(95, 8, 3, '5-2', 1, 1, 1, 1, 1, 1, 1, NULL, NULL, NULL, NULL, NULL, NULL, '2016-05-30 08:40:55'),
(96, 8, 3, '5-3', 1, 1, 1, 1, 1, 1, 1, NULL, NULL, NULL, NULL, NULL, NULL, '2016-05-30 08:46:18'),
(97, 8, 3, '5-4', NULL, NULL, NULL, NULL, NULL, NULL, NULL, NULL, NULL, NULL, NULL, NULL, NULL, '2016-05-31 09:21:39'),
(98, 10, 21, '1-1', 1, 1, 1, 1, 1, 1, 1, 1, NULL, NULL, NULL, NULL, NULL, '2016-06-05 14:20:07'),
(99, 10, 21, '1-2', 1, 1, 1, 1, 1, 1, 1, NULL, NULL, NULL, NULL, NULL, NULL, '2016-06-05 14:46:48'),
(104, 9, 4, '1-1', 1, 1, 1, 1, 1, 1, 1, 1, NULL, NULL, NULL, NULL, NULL, '2016-07-13 07:27:35'),
(105, 9, 4, '1-2', 1, 1, 1, 1, 1, 1, 1, NULL, NULL, NULL, NULL, NULL, NULL, '2016-07-13 07:28:43');

-- --------------------------------------------------------

--
-- 資料表結構 `database`
--

CREATE TABLE `database` (
  `d_id` int(11) NOT NULL COMMENT '資料庫ID',
  `p_id` int(11) NOT NULL COMMENT '專題ID',
  `s_id` int(11) NOT NULL COMMENT '學生ID',
  `category` int(2) NOT NULL COMMENT '資料庫種類 1：網站 2：雜誌 3：書籍 4：圖片 5：未分類',
  `title` varchar(100) NOT NULL COMMENT '資源名稱',
  `src_name` varchar(100) NOT NULL COMMENT '來源名稱',
  `src_link` varchar(255) DEFAULT NULL COMMENT '資料來源',
  `authors` varchar(100) DEFAULT NULL COMMENT '作者',
  `pages` varchar(50) DEFAULT NULL COMMENT '頁數',
  `publisher` varchar(100) DEFAULT NULL COMMENT '出版社',
  `published_date` date NOT NULL DEFAULT '0000-00-00' COMMENT '出版日期',
  `description` text NOT NULL COMMENT '摘錄/說明',
  `fileurl` varchar(255) DEFAULT NULL COMMENT '圖片/檔案URL',
  `database_time` timestamp NOT NULL DEFAULT CURRENT_TIMESTAMP COMMENT '時間'
) ENGINE=InnoDB DEFAULT CHARSET=utf8 COMMENT='小組資源';

--
-- 資料表的匯出資料 `database`
--

INSERT INTO `database` (`d_id`, `p_id`, `s_id`, `category`, `title`, `src_name`, `src_link`, `authors`, `pages`, `publisher`, `published_date`, `description`, `fileurl`, `database_time`) VALUES
(48, 7, 71, 1, '空 氣', '空氣的流動、測量風向與風力大小', NULL, NULL, NULL, NULL, '0000-00-00', '', NULL, '2016-05-24 08:26:50'),
(49, 7, 71, 2, '電路DIY', '製作小型風力發電機， 測量風力大小', NULL, NULL, '-', NULL, '0000-00-00', '', NULL, '2016-05-24 08:30:43'),
(50, 7, 71, 3, '熱和我們的生活', '研究散熱與空氣流動的概念', NULL, NULL, '-', '', '0000-00-00', '', NULL, '2016-05-24 08:32:36'),
(51, 8, 4, 1, '雙色家蟻', '數位典藏與數位學習聯合目錄', 'http://catalog.digitalarchives.tw/item/00/42/ac/d0.html', NULL, NULL, NULL, '0000-00-00', '', NULL, '2016-05-26 14:38:41'),
(52, 8, 3, 4, '紅胸突腹蟻', 'http://www.ant-home.idv.tw/888/a-2/a2-pic-a20.htm', NULL, NULL, NULL, NULL, '0000-00-00', '', '/co.in/science/model/document/database/1-8.PNG', '2016-05-26 15:33:24'),
(53, 8, 3, 4, '隱翅蟲皮膚炎', '快樂小藥師-痞客邦', NULL, NULL, NULL, NULL, '0000-00-00', '隱翅蟲皮膚炎往往發生在炎熱夏季下雨後，皮膚接觸隱翅蟲體液（只要接觸10-15秒就反應）產生嚴重的強酸灼傷，皮膚隨即會發生局部型的刺痛、紅腫、紅斑、水泡與糜爛，因為一般不會潰爛至真皮所以並不會留下疤痕。很多人都沒有察覺已經被蟲體接觸過，少部分病患會發現死亡的蟲體；通常都在外露部皮膚如臉部、頸部以及四肢產生，隱翅蟲不像其他害蟲螫咬人體，只是無意中碰觸到人體被拍死（或壓到或接觸到打死之蟲屍），流出琥珀色有毒體液（體液中含有的刺激性物質「隱翅蟲素」paederin）而造成人類皮膚的刺激。', '/co.in/science/model/document/database/1-9.jpg', '2016-05-26 17:38:19'),
(54, 8, 3, 5, '雙色突胸家蟻', '台灣生物多樣性資訊網', NULL, NULL, NULL, NULL, '0000-00-00', '臺灣物種名錄全部資料', NULL, '2016-05-26 17:58:23'),
(56, 8, 3, 5, '天呀台灣螞蟻這麼多種！', '瑪姬咕咕的生活指南', NULL, NULL, NULL, NULL, '0000-00-00', '', '/co.in/science/model/document/database/1-3.jpg', '2016-05-26 18:11:23'),
(57, 8, 3, 1, '紅火蟻會叮人！', 'Xuite日誌', 'https://www.google.com/webhp?sourceid=chrome-instant&ion=1&espv=2&ie=UTF-8#q=%E7%B4%85%E7%81%AB%E8%9F%BB', NULL, NULL, NULL, '0000-00-00', '紅火蟻入侵台灣已有多年, 電視及報章雜誌都曾有報導, 提醒民眾戶外活動要小心, 只是在這水泥城市, 要遭遇到這喜歡築巢在充滿陽光的草坪地的紅火蟻。', NULL, '2016-05-26 18:56:59'),
(58, 8, 3, 1, '小心火蟻的毒害', '綠十字健康網', 'http://www.greencross.org.tw/toxin/fire%20aunt.htm', NULL, NULL, NULL, '0000-00-00', '小心火蟻的毒害. 長庚臨床毒物科林杰樑醫師. 最近毒物中心及門診接到一些諮詢火蟻咬傷的電話及病患，加上媒體的報導，才知道火蟻已經大舉入侵台灣桃園及嘉義', NULL, '2016-05-26 18:58:38'),
(59, 8, 3, 2, '趕走惱人的螞蟻', '康健雜誌41期', NULL, NULL, '1-2', NULL, '2002-04-01', '如何趕走惱人的螞蟻？', NULL, '2016-05-27 07:06:26'),
(60, 8, 3, 1, '螞蟻', '維基百科，自由的百科全書', 'https://zh.wikipedia.org/wiki/%E8%9A%82%E8%9A%81', NULL, NULL, NULL, '0000-00-00', '螞蟻，古代又稱馬蟻[3]或馬螘[4]是一種有社會性的生活習性的昆蟲，屬於膜翅目，膜翅目的其他昆蟲有胡蜂、黃蜂等。最早在1.3億—1.1億年前的白堊紀中期就出現了，可能是從侏羅紀出現的原始胡蜂演變出來的，螞蟻和胡蜂的主要區別是螞蟻的觸角是明顯的膝狀彎曲，腹部有一、二節呈結節狀，而胡蜂的腹部是一個整體。', NULL, '2016-05-27 18:55:21'),
(61, 10, 21, 1, '為什麼會做夢？睡眠與夢的關係——《神奇的心理學》', '生活中的科學、公共議題中的科學，都在PanSci泛科學。', 'http://pansci.asia/archives/87938', NULL, NULL, NULL, '0000-00-00', 'pansci', NULL, '2016-06-05 14:28:02'),
(62, 10, 21, 1, '「見鬼」的神經科學說法', '「見鬼」的神經科學說法', 'http://pansci.asia/archives/83748', NULL, NULL, NULL, '0000-00-00', '', NULL, '2016-06-05 14:31:11'),
(63, 10, 21, 1, '同居，好嗎？', '同居，好嗎？', 'http://pansci.asia/archives/74516', NULL, NULL, NULL, '0000-00-00', '', NULL, '2016-06-05 14:40:28'),
(64, 12, 74, 1, '天氣瓶 DIY (Storm Glass)', 'Pinbox親子手做', 'https://pinbox.tw/box/10149', NULL, NULL, NULL, '0000-00-00', '', NULL, '2016-06-07 13:04:22'),
(65, 12, 74, 1, '天氣瓶', '維基百科，自由的百科全書', 'https://zh.wikipedia.org/wiki/%E5%A4%A9%E6%B0%A3%E7%93%B6', NULL, NULL, NULL, '0000-00-00', '天氣瓶，又稱風暴瓶（Storm Glass），是一種歐洲曾在18世紀~19世紀時用於天氣預報工具。密閉的玻璃容器中，裝入數種化學物質組成的透明溶液。根據外界溫度、天氣的改變，瓶內會展現出不同型態的結晶，預報天氣的變化。近代已不用作天氣預報工具，而轉變為一種趣味性質的科學裝飾。', NULL, '2016-06-07 13:05:47'),
(66, 12, 74, 2, '天氣', '天氣雜誌', NULL, NULL, '-', NULL, '0000-00-00', '', NULL, '2016-07-13 01:21:59');

-- --------------------------------------------------------

--
-- 資料表結構 `database_cnt`
--

CREATE TABLE `database_cnt` (
  `d_c_id` int(11) NOT NULL COMMENT '關聯資料庫ID',
  `d_id` int(11) NOT NULL COMMENT '小組資源ID',
  `k_id` int(11) NOT NULL COMMENT '關鍵字ID',
  `database_time` timestamp NOT NULL DEFAULT CURRENT_TIMESTAMP ON UPDATE CURRENT_TIMESTAMP COMMENT '建立時間'
) ENGINE=InnoDB DEFAULT CHARSET=utf8 COMMENT='小組資源和關鍵字';

--
-- 資料表的匯出資料 `database_cnt`
--

INSERT INTO `database_cnt` (`d_c_id`, `d_id`, `k_id`, `database_time`) VALUES
(160, 48, 20, '2016-05-24 08:26:50'),
(161, 48, 21, '2016-05-24 08:26:50'),
(162, 48, 22, '2016-05-24 08:26:50'),
(163, 49, 20, '2016-05-24 08:30:43'),
(164, 49, 21, '2016-05-24 08:30:43'),
(165, 49, 22, '2016-05-24 08:30:43'),
(166, 50, 20, '2016-05-24 08:32:36'),
(167, 50, 21, '2016-05-24 08:32:36'),
(168, 50, 22, '2016-05-24 08:32:36'),
(169, 51, 23, '2016-05-26 14:38:41'),
(170, 51, 24, '2016-05-26 14:38:41'),
(171, 51, 25, '2016-05-26 14:38:41'),
(172, 52, 27, '2016-05-26 15:33:24'),
(173, 52, 26, '2016-05-26 15:33:24'),
(174, 52, 25, '2016-05-26 15:33:24'),
(175, 53, 29, '2016-05-26 17:38:19'),
(176, 53, 28, '2016-05-26 17:38:19'),
(177, 53, 25, '2016-05-26 17:38:19'),
(178, 54, 23, '2016-05-26 17:58:23'),
(179, 54, 25, '2016-05-26 17:58:23'),
(180, 54, 24, '2016-05-26 17:58:23'),
(184, 56, 23, '2016-05-26 18:11:23'),
(185, 56, 25, '2016-05-26 18:11:23'),
(186, 56, 28, '2016-05-26 18:11:23'),
(187, 57, 24, '2016-05-26 18:56:59'),
(188, 57, 26, '2016-05-26 18:56:59'),
(189, 57, 28, '2016-05-26 18:56:59'),
(190, 58, 24, '2016-05-26 18:58:38'),
(191, 58, 25, '2016-05-26 18:58:38'),
(192, 58, 23, '2016-05-26 18:58:38'),
(193, 59, 24, '2016-05-27 07:06:26'),
(194, 59, 25, '2016-05-27 07:06:26'),
(195, 59, 28, '2016-05-27 07:06:26'),
(196, 60, 25, '2016-05-27 18:55:21'),
(197, 60, 24, '2016-05-27 18:55:21'),
(198, 60, 27, '2016-05-27 18:55:21'),
(199, 61, 30, '2016-06-05 14:28:02'),
(200, 61, 31, '2016-06-05 14:28:02'),
(201, 61, 32, '2016-06-05 14:28:02'),
(202, 62, 31, '2016-06-05 14:31:11'),
(203, 62, 33, '2016-06-05 14:31:11'),
(204, 62, 34, '2016-06-05 14:31:11'),
(205, 63, 32, '2016-06-05 14:40:28'),
(206, 63, 30, '2016-06-05 14:40:28'),
(207, 63, 34, '2016-06-05 14:40:28'),
(208, 64, 35, '2016-06-07 13:04:22'),
(209, 64, 36, '2016-06-07 13:04:22'),
(210, 64, 37, '2016-06-07 13:04:22'),
(211, 65, 36, '2016-06-07 13:05:47'),
(212, 65, 38, '2016-06-07 13:05:47'),
(213, 65, 39, '2016-06-07 13:05:47'),
(214, 66, 36, '2016-07-13 01:21:59'),
(215, 66, 37, '2016-07-13 01:21:59'),
(216, 66, 39, '2016-07-13 01:21:59');

-- --------------------------------------------------------

--
-- 資料表結構 `database_kwd`
--

CREATE TABLE `database_kwd` (
  `k_id` int(11) NOT NULL COMMENT '關鍵字ID',
  `p_id` int(11) NOT NULL COMMENT '專題ID',
  `name` varchar(255) NOT NULL COMMENT '關鍵字名稱',
  `database_time` timestamp NOT NULL DEFAULT CURRENT_TIMESTAMP COMMENT '建立時間'
) ENGINE=InnoDB DEFAULT CHARSET=utf8 COMMENT='關鍵字';

--
-- 資料表的匯出資料 `database_kwd`
--

INSERT INTO `database_kwd` (`k_id`, `p_id`, `name`, `database_time`) VALUES
(20, 7, '循環', '2016-05-24 08:01:00'),
(21, 7, '風扇', '2016-05-24 08:01:08'),
(22, 7, '氣流', '2016-05-24 08:01:14'),
(23, 8, '節肢動物門', '2016-05-26 14:37:11'),
(24, 8, '昆蟲綱', '2016-05-26 14:37:22'),
(25, 8, '蟻科', '2016-05-26 14:37:31'),
(26, 8, '雜食性', '2016-05-26 15:31:41'),
(27, 8, '大型蟻', '2016-05-26 15:31:58'),
(28, 8, '含刺激性毒素', '2016-05-26 17:32:30'),
(29, 8, '八角狀', '2016-05-26 17:34:19'),
(30, 10, '作夢 pansci', '2016-06-05 14:24:43'),
(31, 10, '心理', '2016-06-05 14:27:25'),
(32, 10, '身理', '2016-06-05 14:27:53'),
(33, 10, '見鬼', '2016-06-05 14:30:10'),
(34, 10, '神經學', '2016-06-05 14:30:35'),
(35, 12, '天氣瓶', '2016-06-07 13:03:55'),
(36, 12, '風暴瓶', '2016-06-07 13:04:04'),
(37, 12, '溫度的改變', '2016-06-07 13:04:14'),
(38, 12, '天氣預報', '2016-06-07 13:05:12'),
(39, 12, '結晶', '2016-06-07 13:05:24'),
(41, 9, '紙', '2016-06-07 13:30:33'),
(42, 9, '膠水', '2016-06-07 13:38:18'),
(43, 9, '膠帶', '2016-06-07 13:38:30');

-- --------------------------------------------------------

--
-- 資料表結構 `diary`
--

CREATE TABLE `diary` (
  `d_id` int(11) NOT NULL COMMENT '日誌ID',
  `p_id` int(11) DEFAULT NULL COMMENT '小組ID',
  `u_id` int(11) NOT NULL COMMENT '日誌者ID',
  `date` date NOT NULL COMMENT '日誌日期',
  `type` int(2) NOT NULL COMMENT '日誌種類 老師 0：指導日誌 1：反思日誌 學生 0：個人日誌 1：反思日誌 2：小組日誌',
  `category` int(2) DEFAULT NULL COMMENT '老師型態 指導 0：線上指導 1：面對面 反思 0：開始專題前 1：形成問題 2：設計計畫 3：執行計畫 4：報告與展示 5：形成結論 學生階段 個人 NULL 反思 1：形成問題 2：規劃 3：執行 4：結論 5：報告與展示 小組 NULL',
  `stage` varchar(10) DEFAULT NULL COMMENT '階段任務',
  `content_1` text COMMENT '內容一',
  `content_2` text COMMENT '內容二',
  `content_3` text COMMENT '內容三',
  `content_4` text COMMENT '內容四',
  `content_5` text COMMENT '內容五',
  `content_6` text COMMENT '內容六',
  `content_7` text COMMENT '內容七',
  `content_8` text COMMENT '內容八',
  `filename` varchar(50) DEFAULT NULL COMMENT '附加檔案',
  `fileurl` varchar(255) DEFAULT NULL COMMENT '附加檔案URL',
  `diary _time` timestamp NOT NULL DEFAULT CURRENT_TIMESTAMP ON UPDATE CURRENT_TIMESTAMP COMMENT '建立時間'
) ENGINE=InnoDB DEFAULT CHARSET=utf8;

--
-- 資料表的匯出資料 `diary`
--

INSERT INTO `diary` (`d_id`, `p_id`, `u_id`, `date`, `type`, `category`, `stage`, `content_1`, `content_2`, `content_3`, `content_4`, `content_5`, `content_6`, `content_7`, `content_8`, `filename`, `fileurl`, `diary _time`) VALUES
(21, 7, 70, '2016-05-24', 2, NULL, '2-1', '小組日誌', '小組日誌', '小組日誌', NULL, NULL, NULL, NULL, NULL, '擷取4.PNG', '/co.in/science/model/document/diary/擷取4.PNG', '2016-05-24 09:36:30'),
(22, 7, 70, '2016-05-24', 1, 1, NULL, '形成問題', '形成問題', '形成問題', '形成問題', '形成問題', '形成問題', '形成問題', NULL, NULL, NULL, '2016-05-24 09:39:50'),
(23, 7, 71, '2016-05-24', 1, 1, NULL, '形成問題', '形成問題', '形成問題', '形成問題', '形成問題', '形成問題', '形成問題', NULL, NULL, NULL, '2016-05-24 09:40:14'),
(24, 7, 70, '2016-05-24', 1, 2, NULL, '規劃', '規劃', '規劃', '規劃', NULL, NULL, NULL, NULL, NULL, NULL, '2016-05-24 17:07:38'),
(25, 8, 3, '2016-05-27', 1, 1, NULL, '若你下次要和同學一起做科展，要尋找科展的題目，你覺得要注意什麼？', '你是如何找出你有興趣研究的題目？', '在找出科展的研究題目時，什麼是你覺得困難的？', '科展系統有幫你們克服這些困難嗎？', '在許多有興趣的題目中，你們是如何決定出最想做的題目？', '在尋找題目的這段時間，你覺得科展系統所提供的哪些功能是你覺得能幫你們找到想研究的題目？', '如果要讓你們再做一次科展，在找出科展的研究題目時，你希望科展系統還可以提供哪一些目前沒有的功能，以幫助你們找出科展的研究題目？', NULL, NULL, NULL, '2016-05-27 09:02:45'),
(26, 8, 5, '2016-05-27', 1, 1, NULL, '若你下次要和同學一起做科展，要尋找科展的題目，你覺得要注意什麼？', '你是如何找出你有興趣研究的題目？', '在找出科展的研究題目時，什麼是你覺得困難的？', '科展系統有幫你們克服這些困難嗎？', '在許多有興趣的題目中，你們是如何決定出最想做的題目？', '在尋找題目的這段時間，你覺得科展系統所提供的哪些功能是你覺得能幫你們找到想研究的題目？', '如果要讓你們再做一次科展，在找出科展的研究題目時，你希望科展系統還可以提供哪一些目前沒有的功能，以幫助你們找出科展的研究題目？', NULL, NULL, NULL, '2016-05-27 09:07:22'),
(27, 8, 5, '2016-05-27', 0, NULL, '2-1', '目前研究進度已經進展到哪裡了？', '我和同學討論了什麼？', '我學習到什麼？尤其哪些是以前沒學過的？', '接下來，我想要如何進行科展？', NULL, NULL, NULL, NULL, NULL, NULL, '2016-05-27 09:08:36'),
(28, 8, 3, '2016-05-27', 2, NULL, '2-1', '討論的問題', '討論的結論', '後續應進行之工作', NULL, NULL, NULL, NULL, NULL, NULL, NULL, '2016-05-27 12:24:54'),
(29, 8, 3, '2016-05-28', 1, 2, NULL, '請你說說看，你們依據想研究的問題來設計出可解決問題或找出答案的計畫，在這設計的過程中，你是如何進行的？有哪一些步驟？例如先做…..然後再做……最後才……請依順序說明。', '設計計畫的哪一些步驟，對你來說是困難的？為什麼？科展系統有幫你們克服這些困難嗎？', '在進行設計計畫的這段時間，你覺得科展系統所提供的哪些功能是你覺得能幫你們設計計畫的？', '如果要讓你們再做一次科展，在進行設計計畫時，你希望科展系統還可以提供哪一些目前沒有的功能，以幫助你們進行設計計畫？', NULL, NULL, NULL, NULL, NULL, NULL, '2016-05-28 12:48:41'),
(30, 8, 3, '2016-05-30', 1, 3, NULL, '這次的實驗/調查/探索過程中你是如何進行的？有哪一些步驟？例如先做…然後再做……最後才……請依順序說明。', '哪一些實驗/調查/探索的過程對你而言是困難的？為什麼？科展系統有幫你們克服這些困難嗎？', '在進行實驗/調查/探索過程的這段時間，你覺得科展系統所提供的哪些功能是你覺得能幫你們進行實驗/調查/探索的？', '如果要讓你們再做一次科展，在進行實驗/調查/探索時，你希望科展系統還可以提供哪一些目前沒有的功能，以幫助你們進行實驗/調查/探索？', NULL, NULL, NULL, NULL, NULL, NULL, '2016-05-30 03:17:39'),
(31, 8, 3, '2016-05-30', 1, 4, NULL, '說說看這次的實驗/調查數據，你是如何解釋實驗/調查的結果？你是如何整理數據結果讓別人容易看得懂？', '說說看你的研究結果？依據你的實驗/調查 假設和實驗/調查 數據，有什麼發現？', '說說看你的科展結論寫了哪些內容？', '在寫科展結論的過程中，那一些部份是你覺得困難的？為什麼？科展系統有幫你們克服這些困難嗎？', '在寫科展結論的這段時間，你覺得科展系統所提供的哪些功能是你覺得能幫你們寫科展結論的？', '如果要讓你們再做一次科展，在進行寫科展結論時，你希望科展系統還可以提供哪一些目前沒有的功能，以幫助你們寫科展結論？', NULL, NULL, NULL, NULL, '2016-05-30 08:29:22'),
(32, 8, 3, '2016-05-31', 1, 5, NULL, '說說看你的科展報告內容主要寫些什麼？', '說說看，你上台向老師同學分享你的研究報告，報告了哪些你覺得重要的地方？哪些地方你沒有說出來，為什麼？', '說說看你的科展結論寫了哪些內容？', '在上台分享報告的過程中，那一個部份是你覺得最困難的？為什麼？', '同學和老師對你寫的報告內容提出了什麼疑問？你依據什麼來回答？請舉例說明。', '在科展報告的過程中，那一些部份是你覺得困難的？為什麼？科展系統有幫你們克服這些困難嗎？', '在科展報告的這段時間，你覺得科展系統所提供的哪些功能是你覺得能幫你們進行科展報告？', '如果要讓你們再做一次科展，在進行科展報告時，你希望科展系統還可以提供哪一些目前沒有的功能，以幫助你們進行科展報告？', NULL, NULL, '2016-05-31 09:51:05'),
(33, 8, 3, '2016-06-02', 0, NULL, '5-5', '目前研究進度已經進展到哪裡了？', '目前研究進度已經進展到哪裡了？', '目前研究進度已經進展到哪裡了？', '目前研究進度已經進展到哪裡了？', NULL, NULL, NULL, NULL, NULL, NULL, '2016-06-02 05:05:57'),
(34, 8, 3, '2016-06-03', 0, NULL, '5-5', '我和同學討論了什麼？', '我和同學討論了什麼？', '我和同學討論了什麼？', '我和同學討論了什麼？', NULL, NULL, NULL, NULL, NULL, NULL, '2016-06-02 05:06:08'),
(35, 8, 2, '2016-06-02', 0, 0, NULL, '指導事項', '指導事項', '指導事項', NULL, NULL, NULL, NULL, NULL, NULL, NULL, '2016-06-02 08:17:33'),
(36, 8, 2, '2016-06-02', 0, 0, NULL, '指導事項', '指導事項', '指導事項', NULL, NULL, NULL, NULL, NULL, NULL, NULL, '2016-06-02 08:18:52'),
(39, 8, 2, '2016-06-02', 1, 0, NULL, '過去你有沒有指導學生進行科展的經驗呢？', '過去你有沒有指導學生進行科展的經驗呢？', '過去你有沒有指導學生進行科展的經驗呢？', '過去你有沒有指導學生進行科展的經驗呢？', '過去你有沒有指導學生進行科展的經驗呢？', '過去你有沒有指導學生進行科展的經驗呢？', NULL, NULL, NULL, NULL, '2016-06-02 08:50:46'),
(40, 8, 3, '2016-06-04', 2, NULL, '5-1', '如何觀察螞蟻的生活型態？', '我們可能需要跟老師借攝影機錄影。', '準備攝影機。', NULL, NULL, NULL, NULL, NULL, NULL, NULL, '2016-06-03 15:18:48'),
(41, 8, 3, '2016-06-01', 0, NULL, '5-1', '已經做到繳交成果報告書了', '該要如何上船一本好的作品報告書', '撰寫研究報告書', '與同學間進行討論', NULL, NULL, NULL, NULL, NULL, NULL, '2016-06-03 15:20:52'),
(42, 10, 21, '2016-06-01', 2, NULL, '1-1', '同居作夢見鬼', '心理影響身理', '進行文獻探討', NULL, NULL, NULL, NULL, NULL, NULL, NULL, '2016-06-05 14:51:09'),
(43, 8, 2, '2015-06-06', 0, 1, NULL, '教導如何撰寫作品報告書', '學生們有了初步了解', '可能下次要再講一次觀念', NULL, NULL, NULL, NULL, NULL, NULL, NULL, '2016-06-05 17:37:29'),
(44, 12, 74, '2016-06-07', 0, NULL, '1-1', '1-1', '要做什麼主題好？', '跟同學一起討論', '回家再跟同學討論看看', NULL, NULL, NULL, NULL, NULL, NULL, '2016-06-07 13:00:33'),
(45, 9, 3, '2016-07-04', 1, 1, NULL, '11', '1', '1', '1', '1', '1', '1', NULL, NULL, NULL, '2016-07-04 08:49:36'),
(46, 9, 4, '2016-07-04', 1, 1, NULL, '1', '1', '1', '1', '1', '1', '1', NULL, NULL, NULL, '2016-07-04 08:52:42');

-- --------------------------------------------------------

--
-- 資料表結構 `discussion`
--

CREATE TABLE `discussion` (
  `d_id` int(11) NOT NULL COMMENT '討論區ID',
  `p_id` int(11) NOT NULL COMMENT '專題ID',
  `u_id` int(11) NOT NULL COMMENT '提出討論ID',
  `type` int(2) NOT NULL COMMENT '討論種類 0：一般 1：提議',
  `stage` varchar(10) NOT NULL COMMENT '階段(ex：1-1，1-2..)',
  `title` varchar(100) NOT NULL COMMENT '主題',
  `description` text COMMENT '說明',
  `filename` varchar(100) DEFAULT NULL COMMENT '附加檔案名稱',
  `fileurl` varchar(255) DEFAULT NULL COMMENT '附加檔案URL',
  `discussion_time` timestamp NOT NULL DEFAULT CURRENT_TIMESTAMP COMMENT '輸入時間'
) ENGINE=InnoDB DEFAULT CHARSET=utf8 COMMENT='討論區(主題)';

--
-- 資料表的匯出資料 `discussion`
--

INSERT INTO `discussion` (`d_id`, `p_id`, `u_id`, `type`, `stage`, `title`, `description`, `filename`, `fileurl`, `discussion_time`) VALUES
(15, 7, 71, 1, '1-1', '循環風扇', '循環風扇', '擷取.PNG', '/co.in/science/model/document/discussion/擷取.PNG', '2016-05-24 07:05:27'),
(16, 7, 71, 1, '1-1', '循環風扇', '每 到 了 夏 天 ， 氣 溫 驟 然 升 高 ， 教 室裡異常悶熱， 打開窗戶和窗簾\n陽光直射進來，使溫度更高；關了窗戶窗簾，卻使教室更不通風，再\n用更多的風扇都無法使教室有一絲的涼快。', NULL, NULL, '2016-05-24 07:26:53'),
(17, 7, 71, 0, '2-1', '循環風扇各種特殊構造', '循環風扇各種特殊構造', NULL, NULL, '2016-05-24 08:08:11'),
(18, 7, 71, 1, '1-1', '「一般風扇」的表現比「循環風扇」', '「一般風扇」的表現比「循環風扇」', NULL, NULL, '2016-05-24 09:01:57'),
(19, 7, 70, 0, '2-1', '打球？', '晚上打球如何？', NULL, NULL, '2016-05-24 09:43:15'),
(20, 7, 71, 1, '2-3', '提出題目：「一般風扇」的表現比「循環風扇」來的好？', '循環的電風扇，比一般風扇來的涼快？', NULL, NULL, '2016-05-24 16:16:38'),
(21, 7, 71, 1, '2-4', '嘗試性實驗：影響風扇「風力及最遠有效風距」的最大因素？', '影響風力與風距最大因素為風的強弱。', NULL, NULL, '2016-05-24 16:26:23'),
(22, 7, 70, 1, '3-1', '執行實驗：影響風扇「風力及最遠有效風距」的最大因素？', '影響風力與風距最大因素為風的強弱。', NULL, NULL, '2016-05-24 17:13:30'),
(23, 8, 3, 0, '1-1', '打球？', '打球？打球？', NULL, NULL, '2016-05-26 19:01:57'),
(24, 8, 3, 1, '1-1', '提出主題：雙色突胸家蟻', '百科全書上記載', NULL, NULL, '2016-05-27 07:29:08'),
(25, 8, 3, 1, '1-1', '提出主題：隱翅蟲', '前陣子被咬到...超痛...', NULL, NULL, '2016-05-27 07:38:11'),
(26, 8, 3, 1, '2-3', '紀錄表格：洞口型態？', '假設螞蟻數量多，洞口形態越大', NULL, NULL, '2016-05-27 17:55:12'),
(27, 8, 3, 1, '2-4', '嘗試性實驗：洞口型態？', '假設螞蟻數量多，洞口形態越大', '1-7.PNG', '/co.in/science/model/document/discussion/1-7.PNG', '2016-05-27 18:36:14'),
(28, 8, 3, 1, '2-4', '嘗試性實驗：如何築巢呢？', '利用小石，土和沙建築成巢穴', NULL, NULL, '2016-05-27 18:38:15'),
(29, 8, 3, 1, '3-1', '執行實驗：如何築巢呢？', '利用小石，土和沙建築成巢穴', NULL, NULL, '2016-05-28 13:01:04'),
(30, 8, 3, 1, '3-2', '資料分析：洞口型態？', '假設螞蟻數量多，洞口形態越大', NULL, NULL, '2016-05-30 02:44:00'),
(31, 8, 3, 1, '4-1', '研究討論：洞口型態？', '假設螞蟻數量多，洞口形態越大', NULL, NULL, '2016-05-30 03:21:25'),
(32, 8, 3, 1, '4-2', '研究結論：研究結論', '遇到食物會分享給同伴，不會獨自享用，充分的表現社會性昆蟲無私利他的行為。', NULL, NULL, '2016-05-30 08:04:02'),
(33, 8, 2, 0, '5-2', '晚上開會', '晚上開會晚上開會', NULL, NULL, '2016-06-02 09:58:59'),
(34, 9, 4, 1, '1-1', '提出主題 - 雜草也能做電池？', '雜草也能做電池？', NULL, NULL, '2016-06-02 10:19:54'),
(35, 10, 21, 1, '1-1', '我好累', '我想回家', NULL, NULL, '2016-06-05 14:09:30'),
(36, 10, 21, 1, '1-1', '提出主題：我家', '我累了', NULL, NULL, '2016-06-05 14:15:17'),
(37, 10, 21, 1, '1-1', '提出主題：我家', '不想回家', NULL, NULL, '2016-06-05 14:18:49'),
(38, 11, 21, 0, '1-1', 'cbvncvb', 'cbvncvbn', NULL, NULL, '2016-06-06 03:13:23'),
(39, 12, 74, 0, '1-1', '天氣瓶', '拿天氣瓶做實驗好不好？', NULL, NULL, '2016-06-07 13:01:15'),
(40, 9, 3, 0, '1-1', '想睡', '想睡想睡想睡想睡想睡想睡', NULL, NULL, '2016-06-07 20:52:22');

-- --------------------------------------------------------

--
-- 資料表結構 `discussion_active`
--

CREATE TABLE `discussion_active` (
  `d_a_id` int(11) NOT NULL COMMENT '討論狀態ID',
  `d_id` int(11) NOT NULL COMMENT '討論ID',
  `u_id` int(11) NOT NULL COMMENT '使用者ID',
  `good` tinyint(2) DEFAULT '0' COMMENT '按讚',
  `star` tinyint(2) NOT NULL DEFAULT '0' COMMENT '星號',
  `bookmark` tinyint(2) NOT NULL DEFAULT '0' COMMENT '追蹤',
  `discussion_time` timestamp NOT NULL DEFAULT CURRENT_TIMESTAMP COMMENT '更新時間'
) ENGINE=InnoDB DEFAULT CHARSET=utf8;

--
-- 資料表的匯出資料 `discussion_active`
--

INSERT INTO `discussion_active` (`d_a_id`, `d_id`, `u_id`, `good`, `star`, `bookmark`, `discussion_time`) VALUES
(43, 15, 70, 1, 0, 0, '2016-05-24 07:05:27'),
(44, 15, 71, 1, 0, 0, '2016-05-24 07:05:27'),
(45, 16, 70, 1, 0, 0, '2016-05-24 07:26:53'),
(46, 16, 71, 0, 0, 1, '2016-05-24 07:26:53'),
(47, 17, 70, 0, 0, 0, '2016-05-24 08:08:11'),
(48, 17, 71, 0, 0, 0, '2016-05-24 08:08:11'),
(49, 18, 70, 0, 1, 0, '2016-05-24 09:01:57'),
(50, 18, 71, 1, 0, 0, '2016-05-24 09:01:57'),
(51, 19, 70, 0, 0, 0, '2016-05-24 09:43:15'),
(52, 19, 71, 0, 0, 0, '2016-05-24 09:43:15'),
(53, 20, 70, 0, 0, 0, '2016-05-24 16:16:38'),
(54, 20, 71, 0, 0, 0, '2016-05-24 16:16:38'),
(55, 21, 70, 0, 0, 0, '2016-05-24 16:26:24'),
(56, 21, 71, 0, 0, 0, '2016-05-24 16:26:24'),
(57, 22, 70, 0, 0, 0, '2016-05-24 17:13:30'),
(58, 22, 71, 0, 0, 0, '2016-05-24 17:13:30'),
(59, 23, 3, 0, 0, 0, '2016-05-26 19:01:57'),
(60, 23, 4, 0, 0, 0, '2016-05-26 19:01:57'),
(61, 23, 5, 0, 0, 0, '2016-05-26 19:01:57'),
(62, 24, 3, 0, 0, 0, '2016-05-27 07:29:08'),
(63, 24, 4, 0, 0, 0, '2016-05-27 07:29:08'),
(64, 24, 5, 0, 0, 0, '2016-05-27 07:29:08'),
(65, 25, 3, 1, 1, 0, '2016-05-27 07:38:11'),
(66, 25, 4, 0, 0, 0, '2016-05-27 07:38:11'),
(67, 25, 5, 0, 0, 0, '2016-05-27 07:38:11'),
(68, 26, 3, 0, 0, 0, '2016-05-27 17:55:12'),
(69, 26, 4, 0, 0, 0, '2016-05-27 17:55:12'),
(70, 26, 5, 0, 0, 0, '2016-05-27 17:55:12'),
(71, 27, 3, 0, 0, 0, '2016-05-27 18:36:14'),
(72, 27, 4, 0, 0, 0, '2016-05-27 18:36:14'),
(73, 27, 5, 0, 0, 0, '2016-05-27 18:36:14'),
(74, 28, 3, 0, 0, 0, '2016-05-27 18:38:15'),
(75, 28, 4, 0, 0, 0, '2016-05-27 18:38:15'),
(76, 28, 5, 0, 0, 0, '2016-05-27 18:38:15'),
(77, 29, 3, 0, 0, 0, '2016-05-28 13:01:04'),
(78, 29, 4, 0, 0, 0, '2016-05-28 13:01:04'),
(79, 29, 5, 0, 0, 0, '2016-05-28 13:01:04'),
(80, 30, 3, 0, 0, 0, '2016-05-30 02:44:00'),
(81, 30, 4, 0, 0, 0, '2016-05-30 02:44:00'),
(82, 30, 5, 0, 0, 0, '2016-05-30 02:44:00'),
(83, 31, 3, 0, 0, 0, '2016-05-30 03:21:25'),
(84, 31, 4, 0, 0, 0, '2016-05-30 03:21:25'),
(85, 31, 5, 0, 0, 0, '2016-05-30 03:21:25'),
(86, 32, 3, 0, 0, 0, '2016-05-30 08:04:02'),
(87, 32, 4, 0, 0, 0, '2016-05-30 08:04:02'),
(88, 32, 5, 0, 0, 0, '2016-05-30 08:04:02'),
(89, 33, 2, 1, 0, 1, '2016-06-02 09:58:59'),
(90, 33, 0, 0, 0, 0, '2016-06-02 09:58:59'),
(91, 33, 3, 0, 0, 0, '2016-06-02 09:58:59'),
(92, 33, 4, 0, 0, 0, '2016-06-02 09:58:59'),
(93, 33, 5, 0, 0, 0, '2016-06-02 09:58:59'),
(94, 34, 2, 1, 1, 1, '2016-06-02 10:19:54'),
(95, 34, 0, 0, 0, 0, '2016-06-02 10:19:54'),
(96, 34, 4, 1, 1, 0, '2016-06-02 10:19:54'),
(97, 34, 3, 1, 1, 0, '2016-06-02 10:19:54'),
(98, 34, 5, 0, 0, 0, '2016-06-02 10:19:54'),
(99, 34, 68, 0, 0, 0, '2016-06-02 10:19:54'),
(100, 35, 20, 0, 0, 0, '2016-06-05 14:09:30'),
(101, 35, 0, 0, 0, 0, '2016-06-05 14:09:30'),
(102, 35, 21, 0, 0, 0, '2016-06-05 14:09:30'),
(103, 35, 22, 0, 0, 0, '2016-06-05 14:09:30'),
(104, 36, 20, 0, 0, 0, '2016-06-05 14:15:17'),
(105, 36, 0, 0, 0, 0, '2016-06-05 14:15:17'),
(106, 36, 21, 0, 0, 0, '2016-06-05 14:15:17'),
(107, 36, 22, 0, 0, 0, '2016-06-05 14:15:17'),
(108, 37, 20, 0, 0, 0, '2016-06-05 14:18:49'),
(109, 37, 0, 0, 0, 0, '2016-06-05 14:18:49'),
(110, 37, 21, 0, 0, 0, '2016-06-05 14:18:49'),
(111, 37, 22, 0, 0, 0, '2016-06-05 14:18:49'),
(112, 38, 20, 0, 0, 0, '2016-06-06 03:13:23'),
(113, 38, 0, 0, 0, 0, '2016-06-06 03:13:23'),
(114, 38, 21, 0, 0, 0, '2016-06-06 03:13:24'),
(115, 38, 22, 0, 0, 0, '2016-06-06 03:13:24'),
(116, 39, 73, 0, 0, 0, '2016-06-07 13:01:15'),
(117, 39, 0, 0, 0, 0, '2016-06-07 13:01:15'),
(118, 39, 74, 0, 0, 0, '2016-06-07 13:01:15'),
(119, 39, 75, 0, 0, 0, '2016-06-07 13:01:15'),
(120, 40, 2, 1, 0, 0, '2016-06-07 20:52:22'),
(121, 40, 4, 0, 0, 0, '2016-06-07 20:52:23'),
(122, 40, 3, 0, 0, 0, '2016-06-07 20:52:23'),
(123, 40, 5, 0, 0, 0, '2016-06-07 20:52:23');

-- --------------------------------------------------------

--
-- 資料表結構 `discussion_reply`
--

CREATE TABLE `discussion_reply` (
  `d_r_id` int(11) NOT NULL COMMENT '回覆討論區ID',
  `d_id` int(11) NOT NULL COMMENT '討論區ID',
  `r_u_id` int(11) NOT NULL COMMENT '回覆討論ID',
  `category` int(2) NOT NULL COMMENT '回覆種類 1：提出個人意見 2：提出不同的意見 3：提出理由 4：提供佐證資料 5：舉例 6：做總結',
  `content` text NOT NULL COMMENT '回覆內容',
  `filename` varchar(100) DEFAULT NULL COMMENT '回覆檔案',
  `fileurl` varchar(255) DEFAULT NULL COMMENT '回覆檔案URL',
  `discussion_reply_time` timestamp NOT NULL DEFAULT CURRENT_TIMESTAMP COMMENT '回覆時間'
) ENGINE=InnoDB DEFAULT CHARSET=utf8 COMMENT='討論區(回覆)';

--
-- 資料表的匯出資料 `discussion_reply`
--

INSERT INTO `discussion_reply` (`d_r_id`, `d_id`, `r_u_id`, `category`, `content`, `filename`, `fileurl`, `discussion_reply_time`) VALUES
(3, 15, 70, 1, '好押XDD', NULL, NULL, '2016-05-24 07:14:06'),
(4, 15, 71, 1, 'OK', NULL, NULL, '2016-05-24 07:16:54'),
(5, 19, 71, 2, '先吃完，晚餐好不？', NULL, NULL, '2016-05-24 09:44:01'),
(6, 19, 70, 3, '可是...我怕來不及搭車XDD', NULL, NULL, '2016-05-24 09:44:37'),
(7, 19, 71, 1, '好啦OKOK', NULL, NULL, '2016-05-24 09:44:55'),
(8, 19, 69, 1, '= =作業寫完了？', NULL, NULL, '2016-05-24 09:45:31'),
(9, 19, 70, 6, '...老師來了快跑XDD', NULL, NULL, '2016-05-24 09:45:55'),
(10, 28, 3, 1, '0.0', NULL, NULL, '2016-05-27 20:36:41'),
(11, 27, 3, 1, '0.0', NULL, NULL, '2016-05-27 20:36:48'),
(12, 32, 3, 1, '遇到食物會分享給同伴', NULL, NULL, '2016-05-30 08:04:29'),
(13, 34, 3, 1, '可以嗎？', NULL, NULL, '2016-06-02 19:14:29'),
(14, 35, 20, 1, '可以回家了喔', NULL, NULL, '2016-06-05 14:10:16'),
(15, 35, 21, 1, '真的嗎', NULL, NULL, '2016-06-05 14:11:08'),
(16, 24, 2, 1, '好像不錯！', NULL, NULL, '2016-06-05 18:45:09'),
(17, 34, 4, 1, '我查過書本，不然先跟老師討論看看。', NULL, NULL, '2016-06-02 19:14:29'),
(18, 34, 3, 1, '好。', NULL, NULL, '2016-06-02 19:14:29'),
(19, 34, 3, 1, '111', NULL, NULL, '2016-06-28 11:33:53'),
(20, 34, 2, 2, '1111', NULL, NULL, '2016-07-13 07:34:10');

-- --------------------------------------------------------

--
-- 資料表結構 `friends`
--

CREATE TABLE `friends` (
  `f_id` int(11) NOT NULL COMMENT '朋友ID',
  `u_id` int(11) NOT NULL COMMENT '使用者ID',
  `friend` int(11) NOT NULL COMMENT '好朋友ID',
  `accept` tinyint(1) NOT NULL COMMENT '狀態 0：等待 1：答應 2：拒絕',
  `friend_time` timestamp NOT NULL DEFAULT CURRENT_TIMESTAMP ON UPDATE CURRENT_TIMESTAMP
) ENGINE=InnoDB DEFAULT CHARSET=utf8 COMMENT='好友名單';

-- --------------------------------------------------------

--
-- 資料表結構 `guide`
--

CREATE TABLE `guide` (
  `g_id` int(11) NOT NULL COMMENT '指引ID',
  `content` text NOT NULL COMMENT '教師指導手冊'
) ENGINE=InnoDB DEFAULT CHARSET=utf8;

--
-- 資料表的匯出資料 `guide`
--

INSERT INTO `guide` (`g_id`, `content`) VALUES
(1, '<h3 style="text-align: center; text-decoration: underline;">前言</h3>\n<p style="text-indent: 2em;">全國中小學<span class=''guide_hint'' value=''「科學展覽」我國中、小學各年級學校的學生經常在指導老師的帶領下，以專題小組形式進行科學探究活動，並定期製作科展專題，參與學校或地方已上的展覽會，進行發表、分享和評比。''>科學展覽</span>的歷史已有五十多屆，歷屆獲獎作品內容豐富多樣；從改良常用的工具到觀察當地特有物種的生活習性，各個都是極富巧思、投入大量心力的作品。研究領域從物理化學到應用科學，凡是與科學有關的議題都被納入科展中，足見即使是尚在學習階段的青、少年，只要獲得指導教師的協助及鼓勵，都能在生活周遭發現問題、研究問題、解決問題。</p>\n<p style="text-indent: 2em;"><span class=''guide_hint'' value=''「專題探究學習系統」由WURET所開發之第三代科展專題系統。''>「專題探究學習系統」</span>為了幫助指導教師在指導科展作品的過程中能「按步驟、有系統、好輕鬆」的進行指導，設計了精美的網路平台、詳實的教師手冊，協助每一位生手、老手教師帶領學生進行科展；不只讓學生在進行科學探究活動的過程學習科學知識，更能透過科展培養<span class=''guide_hint'' value=''「解決問題」希望透過此系統可以幫助學生們建立問題解決的能力。''>「解決問題」</span>的能力。</p>\n<p style="text-indent: 2em;">觀察指導科展的生手教師，普遍都對於帶領學生進行科學探究感到相當棘手，學校校長、老師對科展常常先入為主的認為「學生哪有能力做科學研究？」這種對於學生能力的質疑，乃是源自教師對於<span class=''guide_hint'' value=''「科學探究」經由科學性的探究活動，使學生獲得相關的知識與技能，養成科學思考的習慣。''>「科學探究」</span>的錯誤認知。一般教師常常認為：「科學研究是在探索真理」、「科學研究是為了發現新的科學知識」，這種觀念讓指導科展的教師未上戰場已先投降，對於指導一件工程如此龐大的作品感到無助，甚至認為科展是在浪費學生時間。</p>\n<p style="text-indent: 2em;">事實上科學展覽並沒有要學生「發現新知」、「探究真理」，而是希望學生透過製做科展的過程中，學會以自主探究的方式解決問題；讓學生在面對未來多樣化的議題時，能以科學方法解決疑問，成為自主學習的人。以這種「教學」的出發點帶領學生參與科展，必然能讓指導教師以及參與的學生認清科展的目的、增加信心並且減少挫折感。</p>\n<p style="text-indent: 2em;">我們相信透過「專題探究學習系統」的引導，不僅能減少教師在指導過程中的負擔，更能讓師生在製作科展作品的過程中學習「如何研究問題」，培養出有著豐富科學素養的小小科學家！</p>'),
(2, '<h3 style="text-align: center; text-decoration: underline;">教師時程表</h3>\n<table width="100%" border="3" cellpadding="5" cellspacing="0">\n	<tr>\n		<th width="20%" style="background-color: #D3D3D3"><p>周次</p></th>\n		<th width="30%" style="background-color: #D3D3D3"><p>階段</p></th>\n		<th width="30%" style="background-color: #D3D3D3"><p>教師該做什麼</p></th>\n		<th width="10%" style="background-color: #D3D3D3"><p>時限</p></th>\n	</tr>\n	<tr>\n		<td rowspan="2"><p>第一周</p><p>＊(1/6至1/12)</p></td>\n		<td><p>進行教學規劃</p><p>1. 訂定教學目標</p></td>\n		<td><p>決定教學的目標</p><p>確認所需資源</p></td>\n		<td></td>\n	</tr>\n	<tr>\n		<td>2. 擬訂<span class=''guide_hint'' value=''「時間表」規劃專題小組，個階段完成時間。''>時間表</span></td>\n		<td><p>規劃製作科展的起訖</p></td>\n		<td></td>\n	</tr>\n	<tr>\n		<th width="20%" style="background-color: #D3D3D3"><p>周次</p></th>\n		<th width="30%" style="background-color: #D3D3D3"><p>學生進度</p></th>\n		<th width="30%" style="background-color: #D3D3D3"><p>學生繳交資料/教師評估</p></th>\n		<th width="10%" style="background-color: #D3D3D3"><p>時限</p></th>\n	</tr>\n	<tr>\n		<td><p>第二周</p><p>(1/13至1/19)</p></td>\n		<td><p>提出問題</p><p>1. 尋找適合研究的主題</p></td>\n		<td><ol>\n				<li>學生繳交時間表</li>\n				<li>寄出<span class=''guide_hint'' value=''「家長聯繫函」確認家長是否贊成孩子做科展，以免日後產生問題。''>家長聯繫函</span></li>\n			</ol>\n		</td>\n		<td></td>\n	</tr>\n	<tr>\n		<td><p>第三周</p><p>(1/20至1/26)</p></td>\n		<td><p>1. 確定研究主題</p>\n			<ul>\n				<li>分析研究主題</li>\n				<li>蒐集相關資訊</li>\n			</ul>\n		</td>\n		<td>\n			<p>教師評估安全性及可行性★</p>\n		</td>\n		<td></td>\n	</tr>\n	<tr>\n		<td><p>第四周</p><p>(1/27至2/2)</p></td>\n		<td><p>提出假設</p></td>\n		<td><p>假設及變因學習單</p></td>\n		<td></td>\n	</tr>\n	<tr>\n		<td><p>第五周</p><p>第六周</p><p>(2/3至2/16)</p></td>\n		<td><p>根據假設設計實驗</p><p>1. 設計實驗步驟</p></td>\n		<td>\n			<ol>\n				<li>器材清單★</li>\n				<li>實驗步驟★</li>\n			</ol>\n		</td>\n		<td></td>\n	</tr>\n	<tr>\n		<td><p>第七周</p><p>(2/17至2/23)</p></td>\n		<td><p>1. 進行實驗</p></td>\n		<td>\n			<ol>\n				<li>實驗日誌</li>\n				<li>數據表</li>\n			</ol>\n		</td>\n		<td></td>\n	</tr>\n	<tr>\n		<td><p>第八周</p><p>(2/24至3/3)</p></td>\n		<td><p>數據分析及製作圖表</p></td>\n		<td>\n			<ol>\n				<li>圖表</li>\n				<li>結論</li>\n			</ol>\n		</td>\n		<td></td>\n	</tr>\n	<tr>\n		<th colspan="4" style="background-color: #D3D3D3"><p style="font-weight: bolder;">成果展示</p></th>\n	</tr>\n	<tr>\n		<td><p>第九周</p><p>(3/4至3/17)</p></td>\n		<td><p>作品說明書、展示海報</p></td>\n		<td></td>\n		<td></td>\n	</tr>\n	<tr>\n		<td><p>第十周</p><p>(3/18至4/4)</p>	</td>\n		<td><p>課堂演示</p></td>\n		<td></td>\n		<td></td>\n	</tr>\n</table>\n<p>＊周次下方日期乃是依照全縣科展時程，經推算所得之日期，未考慮年假等因素，僅供參考</p>\n<p>★學生必須完成這個步驟才可以進行下一個階段</p>'),
(3, '<h3 style="text-align: center; text-decoration: underline;">教學規劃</h3>\n<p style="font-weight: bolder;">訂定教學目標</p>\n<table width="100%" border="1" cellpadding="0" cellspacing="0">\n	<tr>\n		<td colspan="3"><p>你想要透過這次的科學探究讓學生體驗到什麼呢？以下可以作為參考：</p>\n		<ul>\n			<li>讓學生透過主動研究問題，漸漸成為對科學有熱情的小小科學家</li>\n			<li>挑戰學生透過科學探究的活動，學習科學理論以及定理</li>\n			<li>讓學生有機會將所學知識妥善表達，和周遭的人分享</li>\n			<li>其他目標_________________________________________________________</li>\n		</ul></td>\n	</tr>\n	<tr>\n		<td colspan="3">\n			<p>擁有哪些特質的學生適合參與科展：</p>\n		</td>\n	</tr>\n	<tr>\n		<td>\n			<ul>\n				<li>課後時間充裕</li>\n				<li>觀察力敏銳</li>\n				<li>喜歡動手做實驗</li>\n				<li>有耐心、願意反覆進行實驗</li>\n			</ul>\n			</td>\n		<td colspan="2">\n			<ul>\n				<li>有強烈的研究動機</li>\n				<li>好奇、喜愛發問</li>\n				<li>口條清晰、說話不結巴</li>\n				<li>喜歡紀錄、分享感動</li>\n			</ul>\n		</td>\n	</tr>\n	<tr>\n		<td colspan="3">\n			<p>讓學生分組進行科展嗎？ □是 □否</p>\n			<p>以下是分組進行的優缺點：</p>\n		</td>\n	</tr>\n	<tr>\n		<td colspan="2">\n			<p>優點</p>\n			<ul>\n				<li>教師不用指導太多的作品</li>\n				<li>增進學生團隊合作的能力</li>\n				<li>有經驗的小組將事半功倍</li>\n			</ul>\n		</td>\n		<td>\n			<p>缺點</p>\n			<ul>\n				<li>工作分配常常不均</li>\n			</ul>\n		</td>\n	</tr>\n</table>\n<p style="font-weight: bolder;">訂定時間表</p>\n<ul>\n	<li>完成科展通常需要十周的時間</li>\n	<li>和其他科任老師談談你的計畫，以免各科老師都出了不少的作業，讓學生有過多負擔。</li>\n	<li>配合全國科展來訂定你的時間表，也許學生的作品非常優秀，可以參加全國科展！</li>\n</ul>\n<p>時間表可以讓學生知道如何按部就班地完成一個科學研究，並且指引學生避免走太多冤枉路，同時也是讓教師檢核教學進度及成效的方法。</p>\n<p style="font-weight: bolder;">寄出家屬聯繫函</p>\n<p style="text-indent: 2em;">學生將會花費相當多的時間在製作科展上，這意味著他們的課餘時間管理會遇到困難，有的要去安親班、有的要回家幫忙煮飯；教師除了輔導學生做好時間規劃之外，也應該和家長聯絡，共同協助孩子騰出更多時間進行科學探究活動。</p>'),
(4, '<h3 style="text-align: center; text-decoration: underline;">協助學生找到值得研究的問題</h3>\n<p style="font-weight: bolder;">為什麼要做科展</p>\n<p style="text-indent: 2em;">當學生有機會自行研究有興趣的主題，通常他們會表現出極大的熱情，並且努力將研究完成。能夠引起學生興趣的主題通常能讓學生「運用已知的知識解決問題」，爾後不管是建立<span class=''guide_hint'' value=''「實驗假設」利用問題去假設實驗結果，最後再由真正實驗結果去證實自己的假設。''>假設</span>或是設計實驗都將事半功倍。</p>\n<p style="text-indent: 2em;">全國科展的宗旨是「希望學生在學習的過程中，發現問題，進而利用科學方法進行研究，最後解決問題。」教育意義重大，但時下師生對於科展常常抱有「高深莫測」以及「科展是為了發現新知」的看法，以至於著手尋找研究主題的時候就遇到困難。事實上做科展的目的並非發現新知，而是讓學生透過自主探究的方式解決問題，使學生在面對未來多樣化的議題時，能以科學方法解決疑問，成為<span class=''guide_hint'' value=''「自主學習」希望藉由科展專題，能夠培養學生們自主學習的精神。''>自主學習</span>的人。</p>\n<p style="font-weight: bolder;">尋找主題的方向</p>\n<p style="text-indent: 2em;">對於學生來說，研究主題不外乎來自於「課堂上」以及「生活上」，有時候是來自於「他人的研究」。</p>\n<span style="background-color: #D3D3D3">課堂上</span>\n<p style="text-indent: 2em;">在課堂上學到的新知常常是片段的知識，其中有許多值得深入鑽研的地方。以2012年全國中小學科展國中組化學科第一名作品『「氧」「氫」蓄銳‧死灰復「燃」』的研究動機為例：</p>\n<p style="text-indent: 2em;"><em>我們想參加學校的科展，找到在國中理化課程中有水電解的實驗，將水通電後會產生氫氣與氧氣，在找尋資料時發現有「氫氧燃料電池」。老師說氫氧燃料電池就是這個水電解反應的逆反應，但是，我們實際實驗時產生氫氣和氧氣後，再接上馬達後卻一動也不動，沒有電可以用，真是喪氣！&hellip;</em></p>\n<p style="text-indent: 2em;">學生研究此類問題通常都有初步的先備知識，查找資料時也比較得心應手，若遇到困難也可以請教學校老師。</p>\n<span style="background-color: #D3D3D3">生活上</span>\n<p style="text-indent: 2em;">生活中遇到的問題則非常多樣，從路邊的榕樹到家裡的蟑螂都可能是研究的目標，以2013年國中組生活與應用學科第二名的作品「省錢！再省錢！螺旋燈管散熱之研究」的研究動機為例：</p>\n<p style="text-indent: 2em;"><em>某天，我寫功課時，突然發現頭頂上有一個螺旋省電燈管變得比其它的燈管暗，好像快壞的樣子，過了幾天，果真不出所料，它壞了！可是它不是幾個月前才剛裝上去的嗎？怎麼這樣就壞了？這壞的頻率也太高了吧！省電燈不是都很長壽嗎？</em></p>\n<p style="text-indent: 2em;">以上的例子可以做為學生尋找主題的參考，避免學生因為「學海茫茫」而感到「回頭是岸」。</p>\n<span style="background-color: #D3D3D3">他人的研究</span>\n<p style="text-indent: 2em;">學生在<span class=''guide_hint'' value=''「參考歷屆科展作品」藉由參考歷屆作品，激發學生們的想法，學會站在巨人的肩膀上！''>參考歷屆科展作品</span>的時候，有時會發現一些值得研究的地方，可能是學長姐在進行實驗時過於草率的推論、也可能是他們的結論引發學生形成了另一個研究問題。以2013年全國中小學科展國小組生物科第一名《「銅」話故事的「孑」局》的研究動機為例：</p>\n<p style="text-indent: 2em;"><em>在升五年級的暑假裡，本組組員瀏覽臺灣科學教育館的網頁，看到中華民國第五十一屆科學展覽會，高雄市七賢國小的學長姐研究孑孓獲得生物科第一名「春眠怖『孑』曉，處處蚊子咬」的作品，結果是：「水中一元硬幣愈多，對</em><em>1</em><em>齡及</em><em>3</em><em>齡蟲生存威脅愈大」、「許願池中硬幣防治蚊蟲的秘密，在於水中的一元硬幣和五十元硬幣可『阻斷』孑孓的生長」。</em></p>\n<p style="text-indent: 2em;"><em>因為對於這個研究內容感覺到非常有趣，所以根據報告書中的資料，思考了幾個問題，並換取了許多新的一元硬幣，開始針對「孑孓真的不會生存在許願池嗎？」以及「是否只要銅離子存在，就能阻斷孑孓生長？」等相關的疑惑展開研究。</em></p>\n<p style="text-indent: 2em;">我們必須強調，對於學生來說（尤其是第一次進行科學探究的學生）找尋值得研究的主題是相當困難的一件事情。教師除了耐心地引導學生找尋主題之外，更要預備足夠的時間讓學生思考和尋找。</p>\n<p style="font-weight: bolder;">評估研究問題的安全性及<span class=''guide_hint'' value=''「可行性」需評估研究問題的可行性，以免實驗做不出來。例：如何踏上火星？''>可行性</sapn></p>\n<p style="text-indent: 2em;">可以研究的主題千百種，教師必須先評估學生想要研究的問題，才能確保學生的安全，以及完成實驗的可能性。當學生選擇了太過危險（例如需要使用炸藥）的研究方式，教師應視情況要求學生改變研究主題，維護學生安全。另外有些實驗器材太過昂貴且不易取得，甚至不容易操作，教師更應評估財力以及能力，協助學生選出適當的主題；畢竟科學探究不等於國科會計畫，學生的研究時間也不充裕，應根據生活周遭所遇到的問題慎選研究主題。</p>\n<p style="text-indent: 2em;">以下是不好的科展題目清單：</p>\n<table width="100%" border="3" cellpadding="5" cellspacing="0">\n	<tr>\n		<th width="55%" style="background-color: #D3D3D3"><p>不好的科展題目</p></th>\n		<th width="45%" style="background-color: #D3D3D3"><p>原因</p></th>\n	</tr>\n	<tr>\n		<td>1. 偏向喜好或味覺的題目<br /><span><em>例：可口可樂與百事可樂，哪個好喝？</em></span></td>\n		<td><p>沒辦法用準確的數字進行測量</p></td>\n	</tr>\n	<tr>\n		<td>2. 測試哪一種產品最好用<br /><span><em>例：哪一款清潔劑效果最好？</em></span></td>\n		<td><p>產品背後的科學知識較為複雜難懂</p></td>\n	</tr>\n	<tr>\n		<td>3. 要求人們回憶的題目<br /><span><em>例：日治時期的醬油與現代醬油的差異</em></span></td>\n		<td><p>蒐集到的資料常常是不準確的</p></td>\n	</tr>\n	<tr>\n		<td>4. 不同色光對植物的影響</td>\n		<td><p>太多人做過了</p></td>\n	</tr>\n		<td>5. 音樂或談話對植物的影響<br /><span><em>例：搖滾樂及古典樂如何影響植物生長？</em></span></td>\n		<td><p>差異難以量測</p></td>\n	</tr>\n	<tr>\n		<td>6. 運動、音樂或電玩..等對血壓的影響<br /><span><em>例：看鬼片與喜劇片時血壓的差異？</em></span></td>\n		<td><p>結果通常很顯而易見，或是難以控制實驗的變因</p></td>\n	</tr>\n	<tr>\n		<td>7. 對色彩的記憶、感覺、情緒、品味及強度等<br /><span><em>例：紅色是否讓人熱情如火？</em></span></td>\n		<td><p>太過主觀以及難以衡量</p></td>\n	</tr>\n	<tr>\n		<td>8. 含有困難的量測方法、不易取得實驗器材的主題<br /><span><em>例：地震發生前白老鼠會有什麼異常行為？</em></span></td>\n		<td><p>無法量測數據就不是科學研究</p></td>\n	</tr>\n	<tr>\n		<td>9. 筆跡或筆順分析</td>\n		<td><p>對科學的幫助不大</p></td>\n	</tr>\n	<tr>\n		<td>10. 占星術、第六感<br /><span><em>例：獅子座男孩是否有領導特質？</em></span></td>\n		<td><p>沒有科學有效性</p></td>\n	</tr>\n	<tr>\n		<td>11. 需要危險、難以取得、昂貴或非法的材料<br /><span><em>例：警用手槍的彈道分析</em></span></td>\n		<td><p>違背科學展覽的初衷</p></td>\n	</tr>\n	<tr>\n		<td>12. 牽涉虐待動物的主題<br /><span><em>例：熊掌的營養成分分析</em></span></td>\n		<td><p>違背科學展覽的初衷</p></td>\n	</tr>\n	<tr>\n		<td>13. 對人的身體或心理會造成風險的題目<br /><span><em>例：瓦斯氣爆威力的研究</em></span></td>\n		<td><p>違背科學展覽的初衷</p></td>\n	</tr>\n	<tr>\n		<td>14. 需要對動物進行活體採樣的主題<br /><span><em>例：企鵝皮下脂肪的結構</em></span></td>\n		<td><p>違背科學展覽的初衷</p></td>\n	</tr>\n</table>\n<p style="text-indent: 2em;">上列清單大都是不易界定變因、花費昂貴、太過危險的研究主題，不適合學生研究。</p>'),
(5, '<h3 style="text-align: center; text-decoration: underline;">協助學生分析主題</h3>\n<p style="text-indent: 2em;">一般來說，使人有興趣的主題大多蘊含了相當廣泛的知識在裡面。例如小明對蟑螂有興趣，想要深入研究蟑螂，這時小明該怎麼著手研究蟑螂呢？例如「蟑螂的品種」、「蟑螂的習性」、「蟑螂的食物」、「蟑螂的生殖」&hellip;等等；甚至還有人會想到應用層面的問題，像是「如何不用殺蟲劑消滅蟑螂」、「如何防範蟑螂在廚房內橫行霸道」、「如何防止蟑螂在我家客廳產卵」&hellip;等問題。</p>\n<p style="text-indent: 2em;">這些都是很好的問題，然而有些問題純粹屬於知識上的疑問，只要查閱書籍或是上網搜尋都可以找到令人滿意的答案；此時就會造成學生的困惑：「我究竟該研究什麼？哪些是別人尚未探索、而我可以鑽研的領域呢？」以下的分類可以幫助學生快速地找到研究的方向：</p>\n<table width="100%" border="3" cellpadding="0" cellspacing="0">\n	<tr>\n		<th width="10%"><p>分類</p></th>\n		<th width="90%"><p>範例（以蟑螂為例）</p></th>\n	</tr>\n	<tr>\n		<td align="center"><p>人</p></td>\n		<td><p><em>什麼人會怕蟑螂？男性和女性怕蟑螂的比例？蟑螂對人有什麼危害或幫助？蟑螂分成哪些品種？</em></p></td>\n	</tr>\n	<tr>\n		<td align="center"><p>事</p></td>\n		<td><p><em>蟑螂平常都做什麼事？</em></p></td>\n	</tr>\n	<tr>\n		<td align="center"><p>時</p></td>\n		<td><p><em>什麼時候蟑螂活動力最強？地球上什麼時候開始有蟑螂？蟑螂的繁殖季節是何時？</em></p></td>\n	</tr>\n	<tr>\n		<td align="center"><p>地</p></td>\n		<td><p><em>蟑螂大都出現在什麼地方？</em></p></td>\n	</tr>\n	<tr>\n		<td align="center"><p>物</p></td>\n		<td><p><em>蟑螂吃什麼？什麼食物會讓蟑螂蜂擁而至？蟑螂怕什麼東西？人們最常拿什麼東西打蟑螂？</em></p></td>\n	</tr>\n	<tr>\n		<td align="center"><p>為何？</p></td>\n		<td><p><em>蟑螂為何要出現在廚房？為什麼蟑螂可以很久不吃東西？</em></p></td>\n	</tr>\n	<tr>\n		<td align="center"><p>如何？</p></td>\n		<td><p><em>蟑螂如何繁衍下一代？蟑螂如何呼吸？蟑螂如何覓食？蟑螂如何飛行？如何不用殺蟲劑消滅蟑螂？</em></p></td>\n	</tr>\n</table>\n<p style="text-indent: 2em;">我們會發現「蟑螂平常都做什麼事？」通常與研究主題無關，其他問題則大都是知識性問題，查找資料即可。</p>\n<p style="text-align: center;"><img src="/co.in/science/model/images/guide_01.jpg" width="80%"></p>\n<p style="text-indent: 2em;">值得注意的是「如何不用殺蟲劑消滅蟑螂？」是一個值得研究的<span style="font-weight: bolder;">目標問題</span>，而這個問題也許和「蟑螂如何呼吸」、「蟑螂吃什麼」以及「蟑螂如何覓食」這些<span style="font-weight: bolder;">次要問題</span>有關係。這些都是值得探討的項目，但只有少部分的問題可以透過實驗來研究，學生可以透過這種思考方式來找出方向。</p>\n<p style="text-align: center;"><img src="/co.in/science/model/images/guide_02.jpg" width="80%"></p>\n<p style="text-indent: 2em;">再度以「如何不用殺蟲劑消滅蟑螂？」為例，這時候我們可以思考造成蟑螂死亡的原因可能有哪些？蟑螂是無法呼吸窒息而死？抑或是平常吃的食物被下了毒？甚至是覓食所需的器官被破壞了導致蟑螂餓死？在查詢資料的時候將<span style="font-weight: bolder;">次要問題</span>解答清楚，學生就能利用這些知識當作墊腳石，提出對於<span style="font-weight: bolder;">目標問題</span>的可能解答。</p>\n<p>透過這種「收斂思考」可以幫助學生找出真正值得研究的問題，並將整個科展的目標呈現出來。</p>\n<p style="font-weight: bolder;">討論圖（Discussion Map）</p>\n<p style="text-indent: 2em;">一般來說，科展作品都是由一群學生合作所完成的，在完成科展的過程中常常需要做討論，有時候教師只能憑感覺去評斷學生參與討論的熱烈程度；如果帶領的某些學生太過沉默內向或是討論一直離題，會導致整個科展進行的相當不順利，徒增教師和學生的挫折感。</p>\n<p style="text-indent: 2em;">我們建議每位教師能夠透過「討論圖」監測學生進行討論的過程，只要在學生討論任何與科展有關係的議題時，像下圖一般將討論的情況用線段和箭頭畫出來，就可以清楚的看到這個討論小組的討論狀況：</p>\n<p style="text-indent: 2em;">從上圖的討論圖之中，我們可以看出：</p>\n<p style="text-align: center;"><img src="/co.in/science/model/images/guide_03.jpg" width="90%"></p>\n<ol>\n	<li><u>沺沺</u>：一直跟<u>阿民</u>說話（單箭頭），而且和<u>阿民</u>也有很好的互動（雙箭頭），不過和<u>哲哲</u>沒有任何互動。而且<u>沺沺</u>所有的互動都和討論的議題無關，所以<u>沺沺</u>並沒有一條箭頭是連向「討論議題」的。另外教師也給了<u>沺沺</u>很多的意見和提示（虛線單箭頭）。</li>\n	<li><u>阿民</u>：和<u>沺沺</u>有比較多的互動，也和<u>哲哲</u>有少許的互動，從圖中可以看出<u>阿民</u>和「討論議題」有關係的箭頭只有兩條，與討論議題有關的互動似乎太少了點，有可能都在聊天。</li>\n	<li><u>哲哲</u>：大量的箭頭都指向「討論議題」，代表<u>哲哲</u>的討論都聚焦在討論議題之上而鮮少離題。但是<u>哲哲</u>和其他兩位學生的互動甚少，與教師的互動（虛線雙箭頭）反而較多，可以看出<u>哲哲</u>大部分的時間都是和教師一同討論。</li>\n	<li>教師：從圖中可以看出教師花了很多的時間與<u>哲哲</u>互動，也花了很多時間教導<u>沺沺</u>，但因為和<u>阿民</u>之間完全沒有連接的箭頭，可以看出<u>阿民</u>並沒有接受到老師的指導。</li>\n</ol>\n<p style="font-weight: bolder;">蒐集資訊</p>\n<p style="text-indent: 2em;">教師可能需要協助學生蒐集相關的資訊，幫助學生更加了解自己的研究主題，才能夠針對自己的研究主題提出假設。</p>\n<p style="text-indent: 2em;">學生在進行科展時所選定的題目，往往涉及他們不熟悉的知識和概念；此時教師的角色應該是協助學生蒐集相關的資訊，讓學生在蒐集資訊的過程中逐步釐清自己的想法，並更加認識自己研究的主題到底是什麼。通常包含了以下的向度：</p>\n<ul>\n	<li>過去人們研究這個事物（現象）有哪些成果？</li>\n	<li>一些名詞以及概念的定義？</li>\n	<li>研究主題所衍生出來的一系列問題，現在有大家廣為接受的解答嗎？</li>\n	<li>科學家提出了哪些定律或是計算方法，能協助學生解決這個問題？</li>\n</ul>\n<p style="text-indent: 2em;">資訊的來源可以是圖書館也可以是網路，在現今網路發達的時代，學生常傾向於使用網路做為搜尋資訊的工具。然而網路資訊又多又雜，要如何確定學生找到的資訊是可信的，將會是教師的一大挑戰。我們認為諸如「Yahoo奇摩知識+」或是「某論壇討論區」的資訊需要謹慎篩選，因為裡面的內容大都來自別人的經驗談，常常是沒有任何根據的。另外學生最常使用的「維基百科」可靠度雖然較高，但是「維基百科」的編輯權是開放給每一位網路使用者的，有些資訊亦須斟酌更多參考資料，方能做為可信的資訊來源。</p>'),
(6, '<h3 style="text-align: center; text-decoration: underline;">協助學生提出假設</h3>\n<p style="text-indent: 2em;">在科學領域，假設是為了解釋某個現象的發生，所提出來的一組陳述。在日常生活用語裡，假設可以看成是一種猜想或推論。</p>\n<p style="text-indent: 2em;">假設的形式通常包含兩個現象之間的因果關係，教師需要協助學生了解什麼是假設？什麼是變因？這個主題的變因有哪些？要如何測量？變因是否可以量化？如此方能設計嚴謹的實驗去驗證假設是否正確。</p>\n<p style="text-indent: 2em;">假設不是學生無厘頭的預測，科學家在提出假設時大都根據自己「已知的知識」以及「觀察到的證據」，並經過推論之後所形成的。若學生提出的假設只是天馬行空的想法而沒有足夠的證據支持他的推論，就不是一個好的假設。</p>\n<p style="text-indent: 2em;">以2010年全國科展物理科國小組第一名「以柔克剛---當牛奶糖撞上椰子」的實驗內容為例，同學們在網路上看到牛奶糖打穿椰子殼的影片之後感到不可思議，於是先檢驗牛奶糖與椰子殼的硬度，發現椰子殼比較硬。這個資訊讓同學們思考眾多可能性，並提出假設：「牛奶糖在經過加速之後，力量足以打穿硬度比它高的椰子殼。」而進行一系列的實驗。</p>\n<p style="text-indent: 2em;">假設的形式常常是長這個樣子：「如果&hellip;，就會&hellip;」帶有強烈的因果關係，因、果分別是上述的操縱變因以及應變變因。例如「施予的肥料愈多，植物會長得愈高」、「服用安眠藥會導致夢遊」。</p>\n<p style="font-weight: bolder;">如何提出假設</p>\n<ol>\n	<li>做假設之前，學生必須對這個問題很有興趣。</li>\n	<li>假設是肯定句，不是問句。假設不是研究中遇到的問題，而是一種嚴謹的，可被檢驗的預測，<span style="font-weight: bolder;">實驗者普遍相信他的預測會和實驗結果相符</span>。</li>\n	<li>假設要簡單明瞭。</li>\n	<li>注意變因。好的假設能明確的說出操縱變因和應變變因。</li>\n	<li>不要好高騖遠，一個實驗只要有一個假設就好。</li>\n</ol>\n<table border="1" cellpadding="0" cellspacing="0" style="color: #808080;">\n	<tr>\n		<th width="65%">好的假設</th>\n		<th width="35%">不好的假設</th>\n	</tr>\n	<tr>\n		<td>\n			<p>對彈簧所施的拉力增加，彈簧的長度就會跟著變長。【康軒版五上第四單元】<br />\n			等量的水，當水的溫度越高，砂糖可溶解量會增加。【康軒版三上第四單元】<br />\n			電磁鐵的漆包線圈的圈數增加，電磁鐵的磁力愈強。【康軒版六上第四單元】<br />\n			鐵在潮濕的環境下容易生鏽。【康軒版六下第二單元】<br />\n			水中的氧氣變少了，虹鱒身上的蝨子就變多了。<br />\n			<em>原因：可以被檢驗，包含主角和變因，並能預測結果</em></p>\n		</td>\n		<td>\n			<p>我們的宇宙被另一個更大的宇宙包圍起來。<br />\n			<em>原因：沒辦法檢測</em></p>\n		</td>\n	</tr>\n	<tr>\n		<td>\n			<p>接觸瓢蟲一週後，植物上的蚜蟲數量會減少。<br />\n			<em>原因：提出自變項(瓢蟲)和因變項(蚜蟲數量)，並能預測結果。</em></p>\n		</td>\n		<td>\n			<p>瓢蟲是治療被蚜蟲危害植物的天然農藥。<br />\n			<em>原因：沒有提出如何測量和評估預測。</em></p>\n		</td>\n	</tr>\n</table><br />\n<span style="background-color: #D3D3D3">變因和假設的例子</span>\n<p>1. 問題：糖的溶解量會因水溫的不同而改變嗎？【康軒版三上第四單元】<br />操縱變因（自變項）：水溫（冰水、常溫的水、熱水）<br />應變變因（依變項）：糖的溶解量<br />控制變因：1.水的體積 2.糖的種類 3.容器的種類<br />假設：糖的溶解量會隨水溫的升高而增加。<br />\n</p>\n<p>2. 問題：當串聯的電池數量增加（電壓愈大），會使纏繞線圈的電磁鐵所產生的磁力更強嗎？【康軒版六上第四單元】<br />操縱變因（自變項）：電池的數量（1顆、2顆、3顆）<br />應變變因（依變項）：磁力（亦可量化為吸引的迴紋針數量）<br />控制變因：1.電池種類、品牌 2.恆溫(電池會在溫暖的環境中有較佳的發電效率) 3.漆包線的粗細、圈數 4.線圈內鐵棒的種類、形狀、重量 5.線圈的口徑<br />假設：電磁鐵在串聯的電池數量越多的情況下，所產生的磁力會越強。<br />\n</p>\n<p>3. 問題：不同類型的AA電池，在不同（低、中、高）放電設備中，何種電池可以維持最久時間？<br />操縱變因（自變項）：電壓<br />應變變因（依變項）：時間，每一個電池可以工作多久的時間？<br />\n</p>\n<table width="100%" border="1" cellpadding="0" cellspacing="0" style="color: #808080;">\n	<tr>\n		<th width="20%">實驗群組</th>\n		<th width="80%">控制變因</th>\n	</tr>\n	<tr>\n		<td align="center"><p>低放電設備</p></td>\n		<td>\n			<ol>\n				<li>相同的CD播放器</li>\n				<li>播放相同的歌曲</li>\n				<li>調至相同的音量</li>\n			</ol>\n		</td>\n	</tr>\n	<tr>\n		<td align="center"><p>中放電設備</p></td>\n		<td>\n			<ol>\n				<li>相同的手電筒</li>\n				<li>相同的燈泡</li>\n			</ol>\n		</td>\n	</tr>\n	<tr>\n		<td align="center"><p>高放電設備</p></td>\n		<td>\n			<p>相同的照相機閃光燈</p>\n		</td>\n	</tr>\n	<tr>\n		<td align="center"><p>所有的實驗</p></td>\n		<td>\n			<ol>\n				<li>電池種類</li>\n				<li>恆溫(電池會在溫暖的環境中有較佳的發電效率)</li>\n			</ol>\n		</td>\n	</tr>\n</table>\n<p>假設：如果我測試的時間越來越長，那勁量鹼性電池的電壓會比其他電池還要高</p>\n<span style="font-weight: bolder; background-color: #D3D3D3">設計研究問題與假設應注意的事項</span>\n<table width="100%" border="1" cellpadding="0" cellspacing="0">\n	<tr>\n		<td>\n			<p style="color: #74B8FE;">1. 一個好的研究問題應包含主角、操縱變因及應變變因，而且答案是未知的。</p>\n			<p>例如：「照射陽光會不會讓小白菜長得更高？」，這個題目中主角是小白菜、操縱變因是陽光的日照時間、應變變因是小白菜的高度，但是大家都知道陽光會幫助小白菜生長，所以這個問題就不適合再進行實驗。</p>\n		</td>\n	</tr>\n	<tr>\n		<td>\n			<p style="color: #74B8FE;">2. 操縱變因應選擇容易改變的因素。</p>\n			<p>例如「飛機的機翼長度會不會影響飛行的距離？」就是一個比較成功的研究問題。主角是飛機，操縱變因是機翼長度，這個變因很容易修改並測量。應變變因是飛行距離，而且答案是未知的。</p>\n		</td>\n	</tr>\n	<tr>\n		<td>\n			<p style="color: #74B8FE;">3. 控制變因應維持不變。</p>\n			<p>利用上面的問題來思考可能會影響飛行的各項因素，在這個實驗中，其他的因素都應保持不變。例如無風的環境、飛機的重量、飛機的形狀、飛機的材質、機翼的夾角&hellip;等都應維持相同。</p>\n		</td>\n	</tr>\n	<tr>\n		<td>\n			<p style="color: #74B8FE;">4. 假設應簡潔合理。</p>\n			<p>針對機翼問題來進行假設，一樣要包含主角、操作變因與應變變因，例如「飛機的機翼長度越長，飛行的距離越遠」。但是假設不一定會與實驗結果相符合。</p>\n		</td>\n	</tr>\n</table>'),
(7, '<h3 style="text-align: center; text-decoration: underline;">設計實驗步驟</h3>\n<p style="font-weight: bolder;">器材清單</p>\n<p style="text-indent: 2em;">學生在進行實驗時勢必將用到實驗器材，這些器材有可能是學校有的實驗設備，或是需要學生自行動手製作的器材。在設計實驗步驟時，學生必須列出一份器材清單，並清楚描述使用器材的規格、材質，若有照片則更好。</p>\n<p style="text-indent: 2em;">以下是器材清單的例子：</p>\n<ol>\n	<li>研究工具範例<p style="text-align: left;"><img src="/co.in/science/model/images/guide_04.jpg" width="90%"></p><p style="font-size: 14px;">2013年全國中小學科展國小組物理科第一名「發電800W--廢棄運動風扇腳踏車變身發電機」,p2</p></li>\n	<li>研究材料範例<p style="text-align: left;"><img src="/co.in/science/model/images/guide_05.jpg" width="80%"></p><p style="font-size: 14px;">2013年全國中小學科展國小組物理科第二名「發電800W--廢棄運動風扇腳踏車變身發電機」,p2</p></li>\n	<li>材料清單範例<p style="text-align: left;"><img src="/co.in/science/model/images/guide_06.jpg" width="40%"></p><p style="font-size: 14px;">資料來源：2013年全國中小學科展國中組物理科第一名「黑與白的邂逅--探討黑條紋與白條紋升溫降溫的變化」</p></li>\n</ol>\n<span style="background-color: #D3D3D3">學生常遇到的困難</span>\n<p style="text-indent: 2em;">值得注意的是，學生受限於經驗不足以及思考欠缺周全，常常會漏掉一些重要的實驗器材；導致進行實驗時才發現缺少某一個材料，以至於整個研究的計畫延宕。教師應扮演審慎的指導者，提醒學生再三確認是否有遺漏的重要器材。</p>\n<p style="font-weight: bolder;">實驗紀錄表格</p>\n<p style="text-indent: 2em;">實驗紀錄表格看似簡單，但在實驗過程中是不可或缺的工具。除了幫助學生可以立即紀錄實驗數據之外，更讓學生了解實驗過程中應該觀察的現象有哪些、須要注意的變因有哪些？以下的表格可以作為參考：</p>\n<p style="text-align: center;"><img src="/co.in/science/model/images/guide_07.jpg" width="80%"></p>\n<p style="font-size: 14px;">資料來源：2011年全國中小學科展國小組化學科第三名「你「蒜」哪根「蔥」─蔥蒜抗氧化力之探討」</p>\n<p style="text-indent: 2em;">設計實驗表格能讓學生確認要觀察的對象，以及要控制的變因有哪些；學生若能夠列出所有的變因，則必然能夠設計正確的實驗紀錄表格。</p>\n<span style="background-color: #D3D3D3">學生常遇到的困難</span>\n<p style="text-indent: 2em;">學生受限於經驗不足，常常不知道自己要記錄哪些數據，教師應給予學生更多的指導與幫助，以免學生設計的實驗紀錄表格漏東漏西，造成進行「資料分析」時才發現沒有紀錄到關鍵的數據，不及挽救。</p>\n<p style="text-indent: 2em;">常見的失誤是「觀察紀錄不精確」、「傾向定性的觀察」，例如學生傾向於在實驗紀錄中寫道：「玫瑰花的一些葉子掉了」這種籠統的敘述。教師應引導學生多用客觀定量的方式描述他的觀察，像是「玫瑰花的花瓣掉了四片」、「玫瑰花的葉子掉了兩片」會是比較好的描述方式。</p>\n<p style="font-weight: bolder;">實驗步驟</p>\n<p style="text-indent: 2em;">學生進行實驗之前須擬定好實驗步驟，教師應該優先確認學生進行實驗時是否有注意安全，例如配戴安全裝備、選擇安全的實驗場地、實驗進行期間有教師或家長陪同&hellip;等等。</p>\n<p style="text-indent: 2em;">學生撰寫的實驗步驟必須淺顯易懂，避免籠統的用「接在竹筷後面」或「用膠水塗這邊」之類的敘述；好的實驗步驟不只讓人看得懂，也要像食譜一樣可以一步一步地按著說明操作。以下是實驗步驟的範例：</p>\n<p style="text-align: center;"><img src="/co.in/science/model/images/guide_08.jpg" width="80%"></p>\n<p style="font-size: 14px;">資料來源：2011年全國中小學科展國小組化學科第三名「你「蒜」哪根「蔥」─蔥蒜抗氧化力之探討」</p>\n<p style="text-indent: 2em;">撰寫詳細的實驗步驟，可以幫助學生一步一步的操作實驗，也能讓學生自我檢視是否有粗心沒有注意到的實驗技巧。教師務必要求學生將實驗步驟撰寫詳實之後，才能夠開始進行實驗。</p>\n<span style="background-color: #D3D3D3">學生常遇到的困難</span>\n<p style="text-indent: 2em;">若沒有教師的充分指導，學生常常不知道要在實驗過程中蒐集哪些資料、如何蒐集、何時蒐集？這些問題必須在設計實驗步驟時即獲得解決，否則進行實驗時將會窒礙難行，甚至辛苦完成實驗之後才發現錯誤百出。</p>\n<p style="text-indent: 2em;">我們知道對於學生來說，規劃一個研究的過程是相當辛苦而困難的。所以我們建議教師積極協助學生，並鼓勵學生多多訪談專家或是學校的自然科老師，也許透過經驗的分享，能夠讓學生在思考和想法上更加游刃有餘。</p>'),
(8, '<h3 style="text-align: center; text-decoration: underline;">進行實驗</h3>\n<p style="text-indent: 2em;">如果學生已經擬定出完整的實驗步驟，教師就可以進一步指導學生進行實驗。以下幾點是實驗過程需要注意的準則：</p>\n<span>- <span style="background-color: #D3D3D3">實驗準則</span></span>\n<table border="1" cellpadding="0" cellspacing="0">\n	<tr>\n		<td><p>1. 必須小心謹慎地測量，以免產生過多的<span class=''guide_hint'' value=''「人工誤差」請盡量降低一些潛在的誤差，和人工上的失誤。''>人工誤差</span>。</p></td>\n	</tr>\n	<tr>\n		<td><p>2. 要控制所有的控制變因，不因實驗進展而變化。</p></td>\n	</tr>\n	<tr>\n		<td><p>3. 在實驗日誌中詳細記載實驗數據、觀察到的現象</p></td>\n	</tr>\n	<tr>\n		<td><p>4. 事先設計好實驗紀錄簿，在實驗進行的時候紀錄數據。</p></td>\n	</tr>\n	<tr>\n		<td><p>5. 若遇到意料之外的狀況，分析原因並調整實驗計畫。</p></td>\n	</tr>\n</table>\n<p style="font-weight: bolder;">學生安全</p>\n\n<p style="text-indent: 2em;">學生進行實驗或是調查時，教師需要留意學生的實驗是否安全無虞？如果實驗需要使用危險的器材或材料，則教師須注意學生在實驗過程中是否有做好適當的防護措施，諸如護目鏡、橡皮手套等等。並確保學生進行實驗時有教師或經驗豐富的家長在場，否則不得允與學生自行進行實驗及調查。</p>\n<p style="text-indent: 2em;">進行實驗或是調查的場地必須要謹慎選擇，除了場地附近須有相關的安全措施如滅火器、沖水器之外，也要注意實驗過程是否會造成大量噪音，以免造成居民困擾。</p>'),
(9, '<h3 style="text-align: center; text-decoration: underline;">數據分析及繪圖</h3>\n<span style="background-color: #D3D3D3">學生常遇到的困難</span>\n<p style="text-indent: 2em;">學生有時候會將實驗的數據直接交給教師，並聲稱那就是他們的實驗結果。其實未經繪圖及分析的實驗數據是<span style="font-weight: bolder;">完全沒有意義</span>的，因為我們常常無法從數據中直接看出實驗背後所隱含的知識，所以即使紀錄了實驗數據，學生也必須詳盡地分析、闡述數據所代表的意義。</p>\n<p style="text-indent: 2em;">受限於語言表達以及邏輯推理能力，學生對於實驗結果的分析以及推論常常漏洞百出，須要教師耐心地引導以及溝通，才能讓學生發現自己在論述上的缺陷，進而透過修正錯誤學習科學知識、消除迷思概念。</p>\n<p style="text-indent: 2em;">另外大部分的學生無法善用數學工具來解釋實驗結果，主因乃是學生的觀察大都停留在定性的階段，鮮少有做定量的分析和紀錄，這使得學生疏於使用數學方法分析實驗結果。應建議學生向學校自然科教師請教，或是和有做過科展的同學一起討論。</p>\n<p style="font-weight: bolder;">繪圖</p>\n<p style="text-indent: 2em;">實驗數據可以透過繪圖表達出「趨勢」、「分佈」以及「數量差距」等現象，運用適當的圖表呈現實驗結果是很重要的能力，更是訓練學生「與他人溝通實驗結果」的能力。以下是常用的圖表類型以及適用的範圍：</p>\n<table border="1" cellpadding="0" cellspacing="0">\n	<tr>\n		<th width="55%" style="background-color: #D3D3D3">圖表種類</th>\n		<th width="45%" style="background-color: #D3D3D3">適用範圍</th>\n	</tr>\n	<tr>\n		<td>長條圖：<p style="text-align: center;"><img src="/co.in/science/model/images/guide_09.png" width="60%"></p></td>\n		<td>\n			<p>用於展現實驗組與控制組之間的差異</p>\n			<p>例如：</p>\n			<ul>\n				<li>世界各國人口數量比較</li>\n				<li>台灣各縣市用電量比較</li>\n				<li>不同地區愛滋病患數量比較</li>\n			</ul>\n		</td>\n	</tr>\n	<tr>\n		<td>時間數列圖：<p style="text-align: center;"><img src="/co.in/science/model/images/guide_10.jpg" width="60%"></p></td>\n		<td>\n			<p>用於展現變項隨時間變化的情形</p>\n			<p>例如：</p>\n			<ul>\n				<li>福壽螺族群數量隨時間的變化</li>\n				<li>大氣中二氧化碳濃度隨時間的變化</li>\n			</ul>\n		</td>\n	</tr>\n	<tr>\n		<td>Ｘ－Ｙ圖：<p style="text-align: center;"><img src="/co.in/science/model/images/guide_11.jpg" width="70%"></p></td>\n		<td>\n			<p>用於展現兩種變項間的函數關係</p>\n			<p>例如：</p>\n			<ul>\n				<li>電壓與電流的關係</li>\n				<li>用電量與電費的關係</li>\n			</ul>\n			<p><em style="font-size: 14px;">※小提醒：<br />通常用來比較的兩種變因都不是整數變化。例如用電量（千瓦小時），但有時候也可以用非連續變化的變因來做比較，例如電費（元）。如何使用端看是否可以表達出兩變因間的關係，並沒有硬性規定。</em></p>\n		</td>\n	</tr>\n	<tr>\n		<td>散佈圖：<p style="text-align: center;"><img src="/co.in/science/model/images/guide_12.jpg" width="60%"></p></td>\n		<td>\n			<p>用於展現兩種變項間的關係（統計）</p>\n			<p>例如：</p>\n			<ul>\n				<li>陳金鋒擊球距離與發球機球速的關係</li>\n			</ul>\n		</td>\n	</tr>\n</table>\n<p style="font-weight: bolder;">美化圖表</p>\n<p style="text-indent: 2em;">綜觀許多科展的海報以及作品說明書，大都直接將Excel製作的圖表直接貼上，導致圖表中常常留有格線、灰色背景；有些圖表甚至雜亂到難以辨識，足見圖表的美化常常是製作科展時常常被忽略的一環。</p>\n<p style="text-align: center;"><img src="/co.in/science/model/images/guide_13.jpg" width="70%"></p>\n<p style="text-indent: 2em;">上圖是2012年全國科展國小組生物科作品的其中一張圖表，除了各種圖例的點充斥整張圖之外，一張圖表中還同時呈現六種數據，就算閱讀了下方的說明，依然無法立刻看懂圖表。</p>\n<p style="text-indent: 2em;">用心製作科展的學生絕對不可以忽略美化圖表的工作，以下說明一些常見的缺點，以及如何美化較為妥當：</p>\n<ol>\n	<li><span style="background-color: #D3D3D3">刪除多餘元素</span><p style="text-align: center;"><img src="/co.in/science/model/images/guide_14.jpg" width="95%"></p></li>\n	<li>\n		<span style="background-color: #D3D3D3">圖表比例要適當</span>\n		<ol style="list-style-type: upper-roman">\n			<li><span style="background-color: #D3D3D3">Y軸比例要完整</span><p style="text-align: center;"><img src="/co.in/science/model/images/guide_15.jpg" width="95%"></p></li>\n			<li><span style="background-color: #D3D3D3">Y軸應從零開始</span><p style="text-align: center;"><img src="/co.in/science/model/images/guide_16.jpg" width="60%"></p><p>在刻度不連貫的地方加上類似的<span style="font-weight: bolder;">截斷標記</span>，讓圖表好看又不失真。</p></li>\n			<li><span style="background-color: #D3D3D3">XY軸的比例要正確</span><p style="text-align: center;"><img src="/co.in/science/model/images/guide_17.jpg" width="95%"></p></li>\n			<li><span style="background-color: #D3D3D3">選取容易判讀的刻度</span><p style="text-align: center;"><img src="/co.in/science/model/images/guide_18.jpg" width="70%"></p><p>刻度應選擇1.0、1.5、2.0&hellip;等容易判讀的數字，同時注意小數點後的有效位數。</p></li>\n		</ol>\n	</li>\n	<li><span style="background-color: #D3D3D3">圖例及XY軸的標示</span><p>圖表旁應標記圖例，方便讀者閱讀。</p><p style="text-align: center;"><img src="/co.in/science/model/images/guide_19.jpg" width="70%"></p><p>Y軸的標題應盡量以直書呈現。</p></li>\n	<li><span style="background-color: #D3D3D3">將複雜的圖表拆解兩兩比較</span><p style="text-align: center;"><img src="/co.in/science/model/images/guide_20.jpg" width="70%"></p></li>\n	<li><span style="background-color: #D3D3D3">圖表要簡單易懂</span><p style="text-align: center;"><img src="/co.in/science/model/images/guide_21.jpg" width="70%"></p><p>顏色要簡單、不必太多樣，簡單易讀最重要。</p></li>\n</ol>\n<p style="font-weight: bolder;">誤差分析</p>\n<p style="text-indent: 2em;">在引導學生進行數據分析的過程中，學生常有忽略誤差的傾向，教師應讓學生了解誤差是可能會產生的。如果實驗結果不如預期不應該灰心，從錯誤中學習也是很好的事情。</p>\n<p style="text-indent: 2em;">學生應在實驗分析中推論誤差的可能來源，並說明在他們的實驗中已經做了哪些措施來減少誤差。</p>'),
(10, '<h3 style="text-align: center; text-decoration: underline;">撰寫研究結果以及結論</h3>\n<p style="font-weight: bolder;">研究結果</p>\n<p style="text-indent: 2em;"><span class=''guide_hint'' value=''「實驗結果」將最後科展專題實驗出來的結果，與小組討論完後，並分享給他人。''>「實驗結果」</span>只不過是簡單陳述實驗中所觀察到的現象，如果只是將這些表格和圖表印出來拿給別人看，一定沒有人看得懂學生在做什麼。為了讓實驗結果可以被大家閱讀、接受，學生必須將實驗結果做更多的解釋和分析，讓每個人都可以了解這個實驗結果有什麼意義。</p>\n<p style="text-indent: 2em;"><span class=''guide_hint'' value=''「研究討論」與專題小組討論相關研究問題、結果和過程。''>「研究討論」</span>的內容通常包含了幾個部分：</p>\n<ol>\n	<li>每個實驗組與對照組的比較、分析原因？</li>\n	<li>實驗結果背後所隱含的意義、原理？</li>\n	<li>實驗過程中可能造成的誤差有哪些？是否已經避免或減少誤差？誤差有嚴重影響實驗嗎？</li>\n	<li>學生所提出的假設經過實驗之後被否定還是證實呢？</li>\n</ol>\n<p>以下提供範例（摘錄自2012年全國科展國小組生活與應用學科第一名，蟲來？門都沒有！）做為參考，教師可依照學生的科展主題以及研究的問題協助學生撰寫研究結果以及結論：</p>\n<p style="text-align: center;"><img src="/co.in/science/model/images/guide_22.jpg" width="90%"></p>\n<p style="font-weight: bolder;">結論</p>\n<p style="text-align: center;"><img src="/co.in/science/model/images/guide_23.jpg" width="90%"></p>\n<h3 style="text-align: center; text-decoration: underline;">製作作品說明書</h3>\n<p>作品說明書是學生整理科展成果的一份紙本資料，內容大致上區分如下：</p>\n<ol style="list-style-type: upper-roman;">\n	<li><span style="font-weight: bolder;">封面</span>：引人入勝的封面一定可以讓讀者心情愉悅。</li>\n	<li><span style="font-weight: bolder;">摘要</span>：對你的科展做簡略說明，引起他人的興趣。</li>\n	<li><span style="font-weight: bolder;">目錄</span>：說明書的內容有哪些？標註各個章節的頁碼。</li>\n	<li><span style="font-weight: bolder;">研究動機</span>：為什麼想要研究這個主題？</li>\n	<li><span style="font-weight: bolder;">研究問題</span>：你找出了哪些值得研究的問題？</li>\n	<li><span style="font-weight: bolder;">研究設備及器材</span>：你使用了哪些器材協助你做實驗和觀察？</li>\n	<li><span style="font-weight: bolder;">研究過程與方法</span>：你如何進行實驗或調查？</li>\n	<li><span style="font-weight: bolder;">實驗結果</span>：簡單陳述實驗的結果。</li>\n	<li><span style="font-weight: bolder;">研究討論</span>：對實驗結果進一步的分析和解說。</li>\n	<li><span style="font-weight: bolder;">結論</span>：簡述你的假設是否有被實驗結果證實，闡述未來的研究方向。</li>\n	<li><span style="font-weight: bolder;">參考文獻</span>：你的資訊來源有哪些？</li>\n</ol>\n<p>以下針對「摘要」以及「參考文獻」的撰寫方式做補充說明：</p>\n<p style="font-weight: bolder;">摘要</p>\n- <span style="background-color: #D3D3D3">摘要應包含的部分</span>\n<div style="width: 98%; border: 1px solid #000000;">\n	<ol>\n		<li>介紹：介紹動機，讓別人知道為什麼要做這個研究，引發讀者繼續往下看的興趣。</li>\n		<li>問題描述：說明要解決的問題及假設。</li>\n		<li>實驗步驟：說明實驗的方法。</li>\n		<li>研究結果：學生得到什麼答案，盡量將結果用數字呈現出來。</li>\n		<li>結論：學生的研究結果有哪些貢獻。</li>\n	</ol>\n</div><br />\n- <span style="background-color: #D3D3D3">需要避面的事項</span>\n<div style="width: 98%; border: 1px solid #000000;">\n	<ol>\n		<li>避免使用太過專業的術語。</li>\n		<li>避免使用縮寫詞。</li>\n		<li>避免放入參考書目或參考文獻。</li>\n		<li>摘要沒有包含圖表。</li>\n		<li>不要在摘要內感謝其他人。</li>\n	</ol>\n</div><br />\n- <span style="background-color: #D3D3D3">摘要的範例</span>\n<div style="width: 98%; border: 1px solid #000000;">\n	<p style="text-indent: 2em;">根據第五十一屆科學展覽生物科作品「春眠怖『孑』曉，處處蚊子咬」的研究指出：「300毫升的水中放置4個一元硬幣，會使孑孓無法存活」，是因為「銅離子阻斷孑孓的生長」。許願池裡沒有孑孓，真的是因為「硬幣發揮了防治蚊子幼蟲孳生的作用？」我們嘗試針對孑孓生長環境、一元硬幣釋放銅離子對孑孓的生長阻斷，再進一步研究。研究發現，「在自然環境下銅離子不會對孑孓造成傷害，而是對藻類生長有影響」！放有一元硬幣的水，不易長出絲藻而較為清澈；若以銅片進行測試，也能得到同樣效果。以此證明，水中含一元硬幣釋放出銅離子造成藻類無法生存，孑孓濾食不到食物而餓死；若水域中食物來源充足，則銅離子仍無法阻斷孑孓生長。</p>\n</div>\n<p style="font-size: 14px;">- 資料來源：2013年全國中小學科展國小組生物科第一名《「銅」話故事的「孑」局》</p>\n<p style="font-weight: bolder;">參考文獻</p>\n<ul>\n	<li>資料來源若為網路資訊，則應註明<span style="font-weight: bolder;">網址</span>以及<span style="font-weight: bolder;">資料刊登的日期</span>。<br /><span>範例：「全國就業E 網。保健養身-你吃的是哪一種米？2011.11.30。取自：http://www.ejob.gov.tw/news/」</span></li>\n	<li>資料來源若為書籍，則應依序註明<span style="font-weight: bolder;">作者、書名、版次、出版地區、出版社、頁碼、出版年份</span>。<br /><span>範例：徐堉峰。昆蟲的生活（1），初版。台北縣：泛亞文化。46頁。2008。</span></li>\n</ul>\n<h3 style="text-align: center; text-decoration: underline;">製作展示海報</h3>\n<p style="text-indent: 2em;">製作海報的目的是希望參觀科展作品的人能夠在短時間內立刻明白學生在做什麼，觀眾通常能透過海報了解研究的主題及成果，而非透過翻閱厚厚一疊的報告書。</p>\n<p style="text-indent: 2em;">科展的海報設計並沒有固定的形式，但以下有一個範例可供參考：</p>\n<p style="text-align: center;"><img src="/co.in/science/model/images/guide_24.jpg" width="80%"></p>\n<p><strong>研究成果要放在顯眼的地方</strong></p>\n<p style="text-indent: 2em;">學生的科展作品常常富有創意及巧思，年紀輕輕的他們在過程中絞盡腦汁的解決問題、最終突破瓶頸得到解答，這些努力的成果絕對不可以埋沒在短短的一句話，或是以一個不起眼的圖片隨意帶過。鼓勵他們應該將亮眼的研究成果用最漂亮的圖案、放在最亮眼的地方，讓每個觀眾都能感受到學生的成長與進步！</p>\n<p style="font-weight: bolder;">版面配置要清爽</p>\n<p style="text-indent: 2em;">因為海報的空間很有限，學生不能把所有的圖片和文字都塞進海報中，這樣會造成板面雜亂無章，觀眾不易閱讀。</p>\n<p style="text-indent: 2em;">為了讓觀眾的眼睛健康，海報中的圖片應該要清晰、字型大小也應適中，好的海報應該讓讀者在五公尺遠的地方都能輕鬆閱讀。更好的做法是讓圖片比文字多一些，透過圖片傳達訊息會比起落落長的文字敘述更加吸引觀眾！</p>\n<p style="text-indent: 2em;">學生受限於經驗不足，常常因為缺乏設計海報的經驗而不會設計海報。建議教師可以讓學生多參觀歷年學長姐的展示海報作為參考，並請教有科展經驗的教師該怎麼製作亮眼的海報。</p>'),
(11, '<h3 style="text-align: center; text-decoration: underline;">公開演示</h3>\n					<p style="text-indent: 2em;">除了用展示海報說明自己的科展作品之外，學生還需要透過課堂上或是公開場合的演示，運用口語表達的技巧講解給觀眾聽。</p>\n					<p style="text-indent: 2em;">科學知識並不是只有科學家知道就好，而是要和其他人溝通、辯論、得到共識才會得到大家都能理解接受的理論，這時候口語表達能力相當的重要，如果學生能夠將所學的知識和技巧與大眾溝通，則這個知識就能廣為大眾所理解。</p>\n					<p style="text-indent: 2em;">所謂的口語表達，指的就是清楚表達的能力、簡報能力以及推銷自己的能力，更深入的說，就是敢於公開表達的自信與技巧。學生口語表達的能力在我國的教育現場中常常是被忽略的一環，鑑於學校的教學大都是教師講解、學生聽課做筆記，想要讓學生有流暢的口語表達能力常常是癡人說夢。然因科展期許學生能夠運用講解的方式讓每個人都能理解科學、接受科學、運用科學，口語表達將是學生能力的重要指標。</p>\n					<p style="text-indent: 2em;">為了培養學生擁有流暢的口語表達能力，教師可以讓學生練習在課堂上演示自己的研究主題，並和學生討論有哪些需要注意、可以更好的地方。</p>\n					<p><span style="background-color:#D3D3D3">學生常遇到的困難</span></p>\n					<p style="text-indent: 2em;">我國的教室情境常常是「教師主講、學生聽講」的形式，學生鮮少有機會練習口語表達，因此當教師提供學生課堂演示的機會時，學生反應普遍較為害羞。教師除了鼓勵學生機及在台上展現自信之外，亦可規畫私下的練習時間給學生練習。</p>');

-- --------------------------------------------------------

--
-- 資料表結構 `help`
--

CREATE TABLE `help` (
  `h_id` int(11) NOT NULL COMMENT '求助ID',
  `p_id` int(11) DEFAULT NULL COMMENT '專題ID',
  `u_id` int(11) NOT NULL COMMENT '求助者ID',
  `t_u_id` int(11) NOT NULL COMMENT '求助對象ID (ex.老師/小組/管理員)',
  `objects` int(2) NOT NULL COMMENT '求助型態 0：老師廣播 1：學生求助 2：建議與回饋',
  `type` int(2) NOT NULL COMMENT '求助類型  老師 0：其他 1：開會通知 2：作業催繳 3：緊急事項 學生 0：其他 1：器材問題 2：如何進行 3：小組溝通 管理員 0：其他 1：發生錯誤 2：操作問題 3：系統使用',
  `title` varchar(100) NOT NULL COMMENT '求助主題',
  `description` text NOT NULL COMMENT '求助描述',
  `filename` varchar(100) DEFAULT NULL COMMENT '附加檔案',
  `fileurl` varchar(255) DEFAULT NULL COMMENT '附加檔案URL',
  `reply` tinyint(2) NOT NULL DEFAULT '1' COMMENT '是否需要回覆 0：否 1：是',
  `help_time` timestamp NOT NULL DEFAULT CURRENT_TIMESTAMP ON UPDATE CURRENT_TIMESTAMP COMMENT '建立時間'
) ENGINE=InnoDB DEFAULT CHARSET=utf8;

--
-- 資料表的匯出資料 `help`
--

INSERT INTO `help` (`h_id`, `p_id`, `u_id`, `t_u_id`, `objects`, `type`, `title`, `description`, `filename`, `fileurl`, `reply`, `help_time`) VALUES
(1, 8, 3, 2, 1, 1, '容器', '老師沒有裝螞蟻的容器....', NULL, NULL, 0, '2016-05-31 09:39:17'),
(2, 8, 2, 8, 0, 1, '開會', '等等要開會喔！', NULL, NULL, 1, '2016-05-31 09:48:45'),
(4, 1, 2, 1, 2, 1, '系統操作不順', '系統操作不順....系統操作不順', NULL, NULL, 1, '2016-05-31 09:57:15'),
(5, 8, 4, 2, 1, 2, '2-1階段不會用', '2-1階段不會用...', 'new.jpg', '/co.in/science/model/document/help/new.jpg', 1, '2016-06-05 17:09:52'),
(6, 12, 74, 73, 1, 1, '找不到容器', '老師，我們找不到容器可以做實驗。', '6.jpg', '/co.in/science/model/document/help/6.jpg', 1, '2016-06-07 12:58:15'),
(7, 9, 3, 2, 1, 1, '器材找不到', '器材找不到', NULL, NULL, 1, '2016-06-10 19:23:06'),
(9, 9, 3, 2, 1, 2, '1-1不會', '老師我們1-1不會', NULL, NULL, 1, '2016-06-10 19:24:29'),
(10, 12, 73, 12, 0, 1, '開會通知', '等等6點開會', NULL, NULL, 1, '2016-07-13 01:19:07'),
(11, 9, 2, 9, 0, 1, '開會通知', '等等六點要開會喔喔喔', NULL, NULL, 1, '2016-07-13 01:31:48');

-- --------------------------------------------------------

--
-- 資料表結構 `help_reply`
--

CREATE TABLE `help_reply` (
  `h_r_id` int(11) NOT NULL COMMENT '求助回覆ID',
  `h_id` int(11) NOT NULL COMMENT '求助ID',
  `u_id` int(11) NOT NULL COMMENT '回覆者ID',
  `content` text NOT NULL COMMENT '回覆內容',
  `filename` varchar(50) DEFAULT NULL COMMENT '回覆檔案',
  `fileurl` varchar(255) DEFAULT NULL COMMENT '回覆檔案URL',
  `help_reply_time` timestamp NOT NULL DEFAULT CURRENT_TIMESTAMP COMMENT '回覆日期'
) ENGINE=InnoDB DEFAULT CHARSET=utf8;

--
-- 資料表的匯出資料 `help_reply`
--

INSERT INTO `help_reply` (`h_r_id`, `h_id`, `u_id`, `content`, `filename`, `fileurl`, `help_reply_time`) VALUES
(1, 1, 2, '@@"', NULL, NULL, '2016-05-31 09:39:17');

-- --------------------------------------------------------

--
-- 資料表結構 `log`
--

CREATE TABLE `log` (
  `l_id` int(11) NOT NULL COMMENT 'LOG ID',
  `u_id` int(11) NOT NULL COMMENT 'UID',
  `identity` varchar(2) NOT NULL COMMENT '身份別',
  `log` text NOT NULL COMMENT '動作LOG',
  `log_time` timestamp NOT NULL DEFAULT CURRENT_TIMESTAMP COMMENT '記錄時間'
) ENGINE=InnoDB DEFAULT CHARSET=utf8;

--
-- 資料表的匯出資料 `log`
--

INSERT INTO `log` (`l_id`, `u_id`, `identity`, `log`, `log_time`) VALUES
(4, 3, 'S', '按下LOGO，回到小組選擇頁', '2016-06-07 17:32:21'),
(5, 3, 'S', '按下最新通知', '2016-06-07 17:37:03'),
(6, 3, 'S', '按下個人區', '2016-06-07 17:39:12'),
(7, 3, 'S', '按下個人區', '2016-06-07 17:39:24'),
(8, 3, 'S', 'LOGO圖', '2016-06-07 17:42:28'),
(9, 3, 'S', '最新通知', '2016-06-07 17:42:29'),
(10, 3, 'S', '個人區', '2016-06-07 17:42:30'),
(11, 3, 'S', '個人區', '2016-06-07 17:42:33'),
(12, 3, 'S', '最新通知', '2016-06-07 17:42:34'),
(13, 3, 'S', '小組首頁', '2016-06-07 17:45:40'),
(14, 3, 'S', '小組首頁', '2016-06-07 17:47:01'),
(15, 3, 'S', '小組首頁', '2016-06-07 17:47:24'),
(16, 3, 'S', '小組協作空間', '2016-06-07 17:47:57'),
(17, 3, 'S', '日誌專區', '2016-06-07 17:48:44'),
(18, 3, 'S', '個人區', '2016-06-07 17:50:41'),
(19, 3, 'S', '帳號管理', '2016-06-07 17:50:41'),
(20, 3, 'S', '個人區', '2016-06-07 17:50:43'),
(21, 3, 'S', '系統操作', '2016-06-07 17:50:43'),
(22, 3, 'S', '問題集', '2016-06-07 17:50:47'),
(23, 3, 'S', 'LOGO圖', '2016-06-07 18:00:04'),
(24, 3, 'S', '個人區', '2016-06-07 18:00:45'),
(25, 3, 'S', '個人區', '2016-06-07 18:00:47'),
(26, 3, 'S', '任務地圖', '2016-06-07 18:01:44'),
(27, 3, 'S', '任務地圖', '2016-06-07 18:02:00'),
(28, 3, 'S', '任務地圖', '2016-06-07 18:02:57'),
(29, 3, 'S', '任務地圖', '2016-06-07 18:03:20'),
(30, 3, 'S', '審核紀錄', '2016-06-07 18:03:22'),
(31, 3, 'S', '任務地圖', '2016-06-07 18:04:57'),
(32, 3, 'S', '任務地圖', '2016-06-07 18:05:18'),
(33, 3, 'S', '任務地圖', '2016-06-07 18:06:25'),
(34, 3, 'S', '觀看成果5-1', '2016-06-07 18:06:29'),
(35, 3, 'S', '任務地圖', '2016-06-07 18:06:43'),
(36, 3, 'S', '問題求助', '2016-06-07 18:08:09'),
(37, 3, 'S', 'LOGO圖', '2016-06-07 18:10:18'),
(38, 3, 'S', 'LOGO圖', '2016-06-07 18:11:55'),
(39, 3, 'S', '專題探究學習系統介面導覽', '2016-06-07 18:11:57'),
(40, 3, 'S', '進入雜草電池', '2016-06-07 18:21:17'),
(41, 3, 'S', '任務地圖', '2016-06-07 18:21:41'),
(42, 3, 'S', '任務地圖', '2016-06-07 18:21:42'),
(43, 3, 'S', '任務地圖', '2016-06-07 18:21:47'),
(44, 3, 'S', '審核紀錄', '2016-06-07 18:21:49'),
(45, 3, 'S', '任務地圖', '2016-06-07 18:21:51'),
(46, 3, 'S', '專題探究學習系統LOGO', '2016-06-07 18:22:38'),
(47, 3, 'S', '進入【雜草電池】', '2016-06-07 18:22:39'),
(48, 3, 'S', '專題探究學習系統LOGO', '2016-06-07 18:23:35'),
(49, 3, 'S', '創立新小組', '2016-06-07 18:23:36'),
(50, 3, 'S', '進入【雜草電池】', '2016-06-07 18:23:46'),
(51, 3, 'S', '前往求助', '2016-06-07 18:25:45'),
(52, 3, 'S', '專題探究學習系統LOGO', '2016-06-07 18:27:19'),
(53, 3, 'S', '進入【雜草電池】', '2016-06-07 18:27:20'),
(54, 3, 'S', '前往協作 》', '2016-06-07 18:27:21'),
(55, 3, 'S', '專題探究學習系統LOGO', '2016-06-07 18:27:32'),
(56, 3, 'S', '進入【雜草電池】', '2016-06-07 18:27:35'),
(57, 3, 'S', '前往協作 》', '2016-06-07 18:27:41'),
(58, 3, 'S', '前往1-1 提出研究主題與題目', '2016-06-07 18:30:10'),
(59, 3, 'S', '小組協作空間', '2016-06-07 18:30:31'),
(60, 3, 'S', '前往【1-1 提出研究主題與題目】', '2016-06-07 18:30:32'),
(61, 3, 'S', '現在位置', '2016-06-07 18:34:24'),
(62, 3, 'S', '前往【1-1 提出研究主題與題目】', '2016-06-07 18:34:35'),
(63, 3, 'S', '開啟活動指引', '2016-06-07 18:41:15'),
(64, 3, 'S', '介面操作說明', '2016-06-07 18:42:36'),
(65, 3, 'S', '小組工作室', '2016-06-07 18:44:41'),
(66, 3, 'S', '小組工作室', '2016-06-07 18:46:18'),
(67, 3, 'S', '小組資料庫', '2016-06-07 18:46:19'),
(68, 3, 'S', '小組工作室', '2016-06-07 18:46:20'),
(69, 3, 'S', '討論區', '2016-06-07 18:46:20'),
(70, 3, 'S', '新增討論串', '2016-06-07 18:47:34'),
(71, 3, 'S', '新增討論串', '2016-06-07 18:49:00'),
(72, 3, 'S', '開啟活動指引', '2016-06-07 18:49:07'),
(73, 3, 'S', '我知道了！', '2016-06-07 18:49:09'),
(74, 3, 'S', '開啟活動指引', '2016-06-07 18:49:27'),
(75, 3, 'S', '我知道了！', '2016-06-07 18:49:29'),
(76, 3, 'S', '按讚', '2016-06-07 18:52:31'),
(77, 3, 'S', '註記星號', '2016-06-07 18:52:38'),
(78, 3, 'S', '小組協作空間', '2016-06-07 18:53:05'),
(79, 3, 'S', '前往【1-1 提出研究主題與題目】', '2016-06-07 18:53:06'),
(80, 3, 'S', '按讚', '2016-06-07 18:53:10'),
(81, 3, 'S', '註記星號', '2016-06-07 18:53:41'),
(82, 3, 'S', '討論', '2016-06-07 18:54:30'),
(83, 3, 'S', '按讚', '2016-06-07 18:56:17'),
(84, 3, 'S', '註記星號', '2016-06-07 18:56:18'),
(85, 3, 'S', '討論', '2016-06-07 18:56:19'),
(86, 3, 'S', '註記星號', '2016-06-07 18:57:29'),
(87, 3, 'S', '小組工作室', '2016-06-07 18:57:56'),
(88, 3, 'S', '小組資料庫', '2016-06-07 18:58:50'),
(89, 3, 'S', '新增資料庫', '2016-06-07 19:02:48'),
(90, 3, 'S', '日誌專區', '2016-06-07 19:02:59'),
(91, 3, 'S', '任務地圖', '2016-06-07 19:03:08'),
(92, 3, 'S', '任務地圖', '2016-06-07 19:03:10'),
(93, 3, 'S', '問題求助', '2016-06-07 19:03:18'),
(94, 3, 'S', '我要求助', '2016-06-07 19:04:13'),
(95, 3, 'S', '日誌專區', '2016-06-07 19:05:30'),
(96, 3, 'S', '小組協作空間', '2016-06-07 19:05:31'),
(97, 3, 'S', '小組首頁', '2016-06-07 19:05:31'),
(98, 3, 'S', '常用網站', '2016-06-07 19:05:43'),
(99, 3, 'S', '個人區', '2016-06-07 19:05:47'),
(101, 3, 'S', '進入【蟻隻獨秀】', '2016-06-07 19:15:27'),
(102, 3, 'S', '工具包', '2016-06-07 19:15:28'),
(103, 3, 'S', '個人區', '2016-06-07 19:15:34'),
(104, 3, 'S', '登出', '2016-06-07 19:15:35'),
(105, 2, 'T', '專題探究學習系統LOGO', '2016-06-07 19:17:24'),
(106, 2, 'T', '審核【4-2 撰寫研究結論】', '2016-06-07 19:33:56'),
(107, 2, 'T', '詳情【4-2 撰寫研究結論】', '2016-06-07 19:41:15'),
(108, 2, 'T', '最新通知', '2016-06-07 19:43:51'),
(109, 2, 'T', '最新通知more...', '2016-06-07 19:43:53'),
(110, 2, 'T', '專題探究學習系統LOGO', '2016-06-07 19:44:20'),
(111, 2, 'T', '歷史審核紀錄[more...]', '2016-06-07 19:44:21'),
(112, 2, 'T', '專題探究學習系統LOGO', '2016-06-07 19:52:56'),
(113, 2, 'T', '回覆學生問題', '2016-06-07 19:53:05'),
(114, 2, 'T', '詳情【4-2 撰寫研究結論】', '2016-06-07 19:53:17'),
(115, 2, 'T', '工具包', '2016-06-07 19:53:28'),
(116, 2, 'T', '觀摩專題作品', '2016-06-07 19:53:31'),
(117, 2, 'T', '工具包', '2016-06-07 19:53:36'),
(118, 2, 'T', '建議與回報', '2016-06-07 19:53:36'),
(119, 2, 'T', '我要回報', '2016-06-07 19:54:54'),
(120, 2, 'T', '工具包', '2016-06-07 19:55:52'),
(121, 2, 'T', '已結案專題', '2016-06-07 19:55:57'),
(122, 2, 'T', '教師日誌', '2016-06-07 19:56:01'),
(123, 2, 'T', '專題管理', '2016-06-07 20:24:07'),
(124, 2, 'T', '個人評量', '2016-06-07 20:25:46'),
(125, 2, 'T', '總成績', '2016-06-07 20:25:46'),
(126, 2, 'T', '專題管理', '2016-06-07 20:26:00'),
(127, 2, 'T', '專題管理', '2016-06-07 20:28:16'),
(128, 2, 'T', '小組/個人日誌', '2016-06-07 20:28:19'),
(129, 2, 'T', '專題管理', '2016-06-07 20:41:32'),
(130, 2, 'T', '專題管理', '2016-06-07 20:41:36'),
(131, 2, 'T', '按讚', '2016-06-07 20:42:45'),
(132, 2, 'T', '按讚', '2016-06-07 20:42:47'),
(133, 2, 'T', '按讚', '2016-06-07 20:42:49'),
(134, 2, 'T', '按讚', '2016-06-07 20:42:49'),
(135, 2, 'T', '按讚', '2016-06-07 20:42:50'),
(136, 2, 'T', '按讚', '2016-06-07 20:43:54'),
(137, 2, 'T', '個人區', '2016-06-07 20:48:37'),
(138, 2, 'T', '登出', '2016-06-07 20:48:38'),
(139, 3, 'S', '進入【雜草電池】', '2016-06-07 20:49:30'),
(140, 3, 'S', '小組協作空間', '2016-06-07 20:49:32'),
(141, 3, 'S', '前往【1-1 提出研究主題與題目】', '2016-06-07 20:49:33'),
(142, 3, 'S', '按讚', '2016-06-07 20:49:42'),
(143, 3, 'S', '註記星號', '2016-06-07 20:50:16'),
(144, 3, 'S', '小組工作室', '2016-06-07 20:51:52'),
(145, 3, 'S', '討論區', '2016-06-07 20:51:57'),
(146, 3, 'S', '新增討論串', '2016-06-07 20:51:59'),
(147, 3, 'S', '按讚', '2016-06-07 20:54:03'),
(148, 3, 'S', '按讚', '2016-06-07 20:54:05'),
(149, 3, 'S', '個人區', '2016-06-07 20:54:05'),
(150, 0, 'S', '登出', '2016-06-07 20:54:07'),
(151, 2, 'T', '專題管理', '2016-06-07 20:54:20'),
(152, 2, 'T', '按讚', '2016-06-07 20:54:28'),
(153, 2, 'T', '按讚', '2016-06-07 20:54:34'),
(154, 2, 'T', '按讚', '2016-06-07 20:54:40'),
(155, 2, 'T', '專題管理', '2016-06-07 21:14:44'),
(156, 2, 'T', '參與小組討論', '2016-06-07 21:14:49'),
(157, 2, 'T', '專題管理', '2016-06-07 21:20:30'),
(158, 2, 'T', '新專案小組設定', '2016-06-07 21:20:31'),
(159, 2, 'T', '創立新專題小組', '2016-06-07 21:20:32'),
(160, 2, 'T', '專題管理', '2016-06-07 21:28:53'),
(161, 2, 'T', '專題管理', '2016-06-07 21:28:56'),
(162, 2, 'T', 'My Notes', '2016-06-07 21:29:38'),
(163, 2, 'T', '個人區', '2016-06-07 21:32:00'),
(164, 2, 'T', '帳號管理', '2016-06-07 21:32:01'),
(165, 2, 'T', '修改資料', '2016-06-07 21:32:03'),
(166, 76, 'T', '歷史審核紀錄[more...]', '2016-06-08 00:34:53'),
(167, 76, 'T', '最新通知', '2016-06-08 00:34:55'),
(168, 76, 'T', '最新通知[more...]', '2016-06-08 00:34:58'),
(169, 76, 'T', '專題指導', '2016-06-08 00:35:01'),
(170, 76, 'T', '系統特色介紹', '2016-06-08 00:35:06'),
(171, 76, 'T', '專題探究學習系統介面導覽', '2016-06-08 00:35:13'),
(172, 76, 'T', '專題探究學習系統介面導覽', '2016-06-08 00:35:46'),
(173, 76, 'T', '學生階段任務介紹', '2016-06-08 00:35:49'),
(174, 73, 'T', '專題指導', '2016-06-08 09:25:58'),
(175, 73, 'T', '專題管理', '2016-06-08 09:26:04'),
(176, 73, 'T', '教師日誌', '2016-06-08 09:26:06'),
(177, 73, 'T', '已結案專題', '2016-06-08 09:26:08'),
(178, 73, 'T', '最新通知', '2016-06-08 09:26:11'),
(179, 73, 'T', '最新通知[more...]', '2016-06-08 09:26:13'),
(180, 73, 'T', '個人區', '2016-06-08 09:26:16'),
(181, 73, 'T', '帳號管理', '2016-06-08 09:26:17'),
(182, 73, 'T', '個人區', '2016-06-08 09:26:21'),
(183, 73, 'T', '系統操作', '2016-06-08 09:26:22'),
(184, 73, 'T', '教師指導手冊', '2016-06-08 09:26:40'),
(185, 73, 'T', '教師指導手冊', '2016-06-08 09:26:42'),
(186, 73, 'T', '專題管理', '2016-06-08 09:26:44'),
(187, 73, 'T', '專題指導', '2016-06-08 09:26:47'),
(188, 73, 'T', '專題管理', '2016-06-08 09:26:50'),
(189, 73, 'T', '參與小組討論', '2016-06-08 09:26:54'),
(190, 73, 'T', '新增討論串', '2016-06-08 09:26:59'),
(191, 73, 'T', '現在位置', '2016-06-09 04:45:02'),
(192, 73, 'T', '專題管理', '2016-06-09 04:45:03'),
(193, 73, 'T', '教師日誌', '2016-06-09 04:45:05'),
(194, 73, 'T', '個人區', '2016-06-09 04:45:16'),
(195, 73, 'T', '專題指導', '2016-06-09 05:56:14'),
(196, 73, 'T', '專題管理', '2016-06-09 05:56:15'),
(197, 73, 'T', '專題指導', '2016-06-09 05:56:17'),
(198, 73, 'T', '回覆學生問題', '2016-06-09 05:56:26'),
(199, 73, 'T', '已結案專題', '2016-06-09 05:56:32'),
(200, 73, 'T', '教師日誌', '2016-06-09 05:56:36'),
(201, 73, 'T', '教師反思日誌', '2016-06-09 05:59:44'),
(202, 73, 'T', '專題指導', '2016-06-09 05:59:54'),
(203, 73, 'T', '專題管理', '2016-06-09 05:59:55'),
(204, 73, 'T', '專題管理', '2016-06-09 05:59:59'),
(205, 73, 'T', '教師日誌', '2016-06-09 05:59:59'),
(206, 73, 'T', '教師指導手冊', '2016-06-09 06:01:34'),
(207, 73, 'T', '教師指導手冊', '2016-06-09 06:01:37'),
(208, 73, 'T', '專題指導', '2016-06-09 06:01:51'),
(209, 73, 'T', '專題管理', '2016-06-09 06:01:54'),
(210, 73, 'T', '已結案專題', '2016-06-09 06:02:02'),
(211, 73, 'T', '教師日誌', '2016-06-09 06:02:03'),
(212, 73, 'T', '專題管理', '2016-06-09 06:02:05'),
(213, 73, 'T', '專題探究學習系統LOGO', '2016-06-09 06:02:44'),
(214, 73, 'T', '系統特色介紹', '2016-06-09 06:03:11'),
(215, 73, 'T', '教師日誌', '2016-06-09 06:03:29'),
(216, 73, 'T', '專題管理', '2016-06-09 06:06:48'),
(217, 73, 'T', '專題管理', '2016-06-09 06:06:57'),
(218, 73, 'T', '專題管理', '2016-06-09 06:06:58'),
(219, 73, 'T', '已結案專題', '2016-06-09 06:07:45'),
(220, 73, 'T', '教師日誌', '2016-06-09 06:07:46'),
(221, 73, 'T', '專題管理', '2016-06-09 06:07:48'),
(222, 73, 'T', '專題指導', '2016-06-09 06:07:50'),
(223, 73, 'T', '教師指導手冊', '2016-06-09 06:07:55'),
(224, 73, 'T', '教師指導手冊', '2016-06-09 06:08:01'),
(225, 77, 'T', '專題探究學習系統介面導覽', '2016-06-10 10:54:58'),
(226, 77, 'T', '系統特色介紹', '2016-06-10 10:55:05'),
(227, 77, 'T', '最新通知', '2016-06-10 10:55:09'),
(228, 77, 'T', '現在位置', '2016-06-10 10:55:29'),
(229, 77, 'T', '現在位置', '2016-06-10 10:55:33'),
(230, 77, 'T', '專題指導', '2016-06-10 10:55:38'),
(231, 77, 'T', '專題指導', '2016-06-10 10:55:40'),
(232, 77, 'T', '專題管理', '2016-06-10 10:55:42'),
(233, 3, 'S', '個人區', '2016-06-10 16:10:05'),
(234, 3, 'S', '系統操作', '2016-06-10 16:10:07'),
(235, 3, 'S', '進入【蟻隻獨秀】', '2016-06-10 16:14:13'),
(236, 3, 'S', '小組協作空間', '2016-06-10 16:14:16'),
(237, 3, 'S', '前往【5-1 統整作品報告書】', '2016-06-10 16:14:17'),
(238, 3, 'S', '個人區', '2016-06-10 16:14:36'),
(239, 3, 'S', '系統操作', '2016-06-10 16:14:38'),
(240, 3, 'S', '專題探究學習系統LOGO', '2016-06-10 16:23:12'),
(241, 3, 'S', '個人區', '2016-06-10 16:26:03'),
(242, 3, 'S', '系統操作', '2016-06-10 16:26:04'),
(243, 3, 'S', '系統操作', '2016-06-10 16:29:09'),
(244, 3, 'S', '進入【雜草電池】', '2016-06-10 16:30:37'),
(245, 3, 'S', '個人區', '2016-06-10 16:30:40'),
(246, 3, 'S', '系統操作', '2016-06-10 16:30:41'),
(247, 3, 'S', '系統操作', '2016-06-10 16:34:19'),
(248, 3, 'S', '系統操作', '2016-06-10 16:35:32'),
(249, 3, 'S', '小組協作空間', '2016-06-10 16:35:46'),
(250, 3, 'S', '小組首頁', '2016-06-10 16:35:47'),
(251, 3, 'S', '小組協作空間', '2016-06-10 16:35:49'),
(252, 3, 'S', '專題探究學習系統LOGO', '2016-06-10 16:35:51'),
(253, 3, 'S', '創立新小組', '2016-06-10 16:36:06'),
(254, 3, 'S', '進入【雜草電池】', '2016-06-10 16:42:06'),
(255, 3, 'S', '創立新小組', '2016-06-10 16:42:08'),
(256, 3, 'S', '進入【雜草電池】', '2016-06-10 16:42:16'),
(257, 3, 'S', '專題探究學習系統LOGO', '2016-06-10 16:42:17'),
(258, 3, 'S', '創立新小組', '2016-06-10 16:42:19'),
(259, 3, 'S', '創立新小組', '2016-06-10 16:42:40'),
(260, 3, 'S', '創立新小組', '2016-06-10 16:42:50'),
(261, 3, 'S', '個人區', '2016-06-10 16:46:49'),
(262, 3, 'S', '系統操作', '2016-06-10 16:46:50'),
(263, 3, 'S', '進入【蟻隻獨秀】', '2016-06-10 16:46:56'),
(264, 3, 'S', '個人區', '2016-06-10 16:47:01'),
(265, 3, 'S', '系統操作', '2016-06-10 16:47:01'),
(266, 3, 'S', '系統操作', '2016-06-10 16:48:13'),
(267, 3, 'S', '工具包', '2016-06-10 16:48:27'),
(268, 3, 'S', '問題求助', '2016-06-10 16:48:31'),
(269, 3, 'S', '工具包', '2016-06-10 16:48:45'),
(270, 3, 'S', '個人區', '2016-06-10 16:50:04'),
(271, 3, 'S', '個人區', '2016-06-10 16:50:06'),
(272, 3, 'S', '問題求助', '2016-06-10 16:50:09'),
(273, 3, 'S', '工具包', '2016-06-10 16:50:25'),
(274, 3, 'S', '工具包', '2016-06-10 16:51:43'),
(275, 3, 'S', '工具包', '2016-06-10 16:51:47'),
(276, 3, 'S', '個人區', '2016-06-10 16:52:01'),
(277, 3, 'S', '問題集', '2016-06-10 16:52:02'),
(278, 3, 'S', '個人區', '2016-06-10 16:52:03'),
(279, 3, 'S', '系統操作', '2016-06-10 16:52:04'),
(280, 3, 'S', '系統操作', '2016-06-10 16:53:02'),
(281, 3, 'S', '專題探究學習系統LOGO', '2016-06-10 16:54:03'),
(282, 3, 'S', '進入【雜草電池】', '2016-06-10 16:54:15'),
(283, 3, 'S', '小組協作空間', '2016-06-10 16:54:59'),
(284, 3, 'S', '個人區', '2016-06-10 16:55:01'),
(285, 3, 'S', '問題集', '2016-06-10 16:55:04'),
(286, 3, 'S', '個人區', '2016-06-10 16:55:05'),
(287, 3, 'S', '系統操作', '2016-06-10 16:55:05'),
(288, 3, 'S', '系統操作', '2016-06-10 16:55:25'),
(289, 3, 'S', '問題集', '2016-06-10 16:55:28'),
(290, 3, 'S', '工具包', '2016-06-10 16:55:30'),
(291, 3, 'S', '專題探究學習系統LOGO', '2016-06-10 16:55:59'),
(292, 3, 'S', '進入【蟻隻獨秀】', '2016-06-10 16:56:05'),
(293, 3, 'S', '小組協作空間', '2016-06-10 16:56:41'),
(294, 3, 'S', '前往【5-1 統整作品報告書】', '2016-06-10 16:57:19'),
(295, 3, 'S', '開啟活動指引', '2016-06-10 16:57:44'),
(296, 3, 'S', '我知道了！', '2016-06-10 16:58:26'),
(297, 3, 'S', '小組工作室', '2016-06-10 17:03:20'),
(298, 3, 'S', '任務地圖', '2016-06-10 17:04:55'),
(299, 3, 'S', '任務地圖', '2016-06-10 17:05:50'),
(300, 3, 'S', '審核紀錄', '2016-06-10 17:07:41'),
(301, 3, 'S', '任務地圖', '2016-06-10 17:08:22'),
(302, 3, 'S', '日誌專區', '2016-06-10 17:08:23'),
(303, 3, 'S', '工具包', '2016-06-10 17:16:04'),
(304, 3, 'S', '觀摩專題作品', '2016-06-10 17:16:08'),
(305, 3, 'S', '工具包', '2016-06-10 17:21:38'),
(306, 3, 'S', '常用網站', '2016-06-10 17:21:39'),
(307, 3, 'S', '工具包', '2016-06-10 17:22:49'),
(308, 3, 'S', '學生求助', '2016-06-10 17:22:50'),
(309, 3, 'S', '我要求助', '2016-06-10 17:24:51'),
(310, 3, 'S', '求助回覆', '2016-06-10 17:26:47'),
(311, 3, 'S', '求助回覆', '2016-06-10 17:27:47'),
(312, 3, 'S', '求助回覆', '2016-06-10 17:27:51'),
(313, 3, 'S', '工具包', '2016-06-10 17:29:25'),
(314, 3, 'S', '個人區', '2016-06-10 17:29:26'),
(315, 3, 'S', '登出', '2016-06-10 17:30:37'),
(316, 2, 'T', '個人區', '2016-06-10 17:31:11'),
(317, 2, 'T', '個人區', '2016-06-10 17:31:12'),
(318, 2, 'T', '個人區', '2016-06-10 17:31:25'),
(319, 2, 'T', '系統操作', '2016-06-10 17:31:26'),
(320, 2, 'T', '工具包', '2016-06-10 17:33:41'),
(321, 2, 'T', '建議與回報', '2016-06-10 17:35:21'),
(322, 2, 'T', '我要回報', '2016-06-10 17:35:30'),
(323, 2, 'T', '個人區', '2016-06-10 17:41:26'),
(324, 2, 'T', '系統操作', '2016-06-10 17:41:27'),
(325, 2, 'T', '專題管理', '2016-06-10 17:42:12'),
(326, 2, 'T', '專題管理', '2016-06-10 17:42:35'),
(327, 2, 'T', '教師日誌', '2016-06-10 17:42:36'),
(328, 2, 'T', '專題管理', '2016-06-10 17:42:38'),
(329, 2, 'T', '個人區', '2016-06-10 17:42:51'),
(330, 2, 'T', '帳號管理', '2016-06-10 17:42:51'),
(331, 2, 'T', '個人區', '2016-06-10 17:42:52'),
(332, 2, 'T', '系統操作', '2016-06-10 17:42:53'),
(333, 2, 'T', '專題管理', '2016-06-10 17:46:03'),
(334, 2, 'T', '個人區', '2016-06-10 17:46:30'),
(335, 2, 'T', '系統操作', '2016-06-10 17:46:32'),
(336, 2, 'T', '專題探究學習系統LOGO', '2016-06-10 17:48:44'),
(337, 2, 'T', '教師日誌', '2016-06-10 18:01:57'),
(338, 2, 'T', '教學指導日誌', '2016-06-10 18:02:02'),
(339, 2, 'T', '教師反思日誌', '2016-06-10 18:03:16'),
(340, 2, 'T', '專題管理', '2016-06-10 18:07:13'),
(341, 2, 'T', '教師指導手冊', '2016-06-10 18:47:54'),
(342, 2, 'T', '教師指導手冊', '2016-06-10 18:48:28'),
(343, 2, 'T', '教師指導手冊', '2016-06-10 18:48:46'),
(344, 2, 'T', '教師指導手冊', '2016-06-10 18:50:56'),
(345, 2, 'T', '教師指導手冊', '2016-06-10 18:51:22'),
(346, 2, 'T', '教師指導手冊', '2016-06-10 18:52:19'),
(347, 2, 'T', '教師指導手冊', '2016-06-10 18:52:31'),
(348, 2, 'T', '教師指導手冊', '2016-06-10 18:52:48'),
(349, 2, 'T', '教師指導手冊', '2016-06-10 18:52:48'),
(350, 2, 'T', '教師指導手冊', '2016-06-10 18:52:59'),
(351, 2, 'T', '教師指導手冊', '2016-06-10 18:53:54'),
(352, 2, 'T', '專題管理', '2016-06-10 18:54:07'),
(353, 2, 'T', '專題管理', '2016-06-10 18:55:09'),
(354, 2, 'T', '新專案小組設定', '2016-06-10 18:57:56'),
(355, 2, 'T', '教師日誌', '2016-06-10 18:58:34'),
(356, 2, 'T', '教學指導日誌', '2016-06-10 18:58:50'),
(357, 2, 'T', '教師反思日誌', '2016-06-10 18:58:57'),
(358, 2, 'T', '專題管理', '2016-06-10 18:59:45'),
(359, 2, 'T', '學習評量與結案', '2016-06-10 18:59:49'),
(360, 2, 'T', '結束專題小組', '2016-06-10 18:59:50'),
(361, 2, 'T', '工具包', '2016-06-10 19:00:57'),
(362, 2, 'T', '觀摩專題作品', '2016-06-10 19:01:02'),
(363, 2, 'T', '觀摩專題作品', '2016-06-10 19:01:02'),
(364, 2, 'T', '專題管理', '2016-06-10 19:01:05'),
(365, 2, 'T', '專題指導', '2016-06-10 19:01:12'),
(366, 2, 'T', '工具包', '2016-06-10 19:01:57'),
(367, 2, 'T', '工具包', '2016-06-10 19:01:57'),
(368, 2, 'T', '工具包', '2016-06-10 19:01:59'),
(369, 2, 'T', '觀摩專題作品', '2016-06-10 19:02:00'),
(370, 2, 'T', '工具包', '2016-06-10 19:04:33'),
(371, 2, 'T', '建議與回報', '2016-06-10 19:04:34'),
(372, 2, 'T', '工具包', '2016-06-10 19:04:39'),
(373, 2, 'T', '我要回報', '2016-06-10 19:05:04'),
(374, 2, 'T', '回覆回報', '2016-06-10 19:05:26'),
(375, 2, 'T', '回覆回報', '2016-06-10 19:05:26'),
(376, 2, 'T', '常用網站', '2016-06-10 19:06:04'),
(377, 2, 'T', '工具包', '2016-06-10 19:06:06'),
(378, 2, 'T', '個人區', '2016-06-10 19:06:35'),
(379, 2, 'T', '個人區', '2016-06-10 19:06:35'),
(380, 2, 'T', '個人區', '2016-06-10 19:06:37'),
(381, 2, 'T', '登出', '2016-06-10 19:06:39'),
(382, 3, 'S', '進入【雜草電池】', '2016-06-10 19:09:11'),
(383, 3, 'S', '專題探究學習系統LOGO', '2016-06-10 19:10:02'),
(384, 3, 'S', '創立新小組', '2016-06-10 19:10:15'),
(385, 3, 'S', '進入【雜草電池】', '2016-06-10 19:10:54'),
(386, 3, 'S', '專題探究學習系統LOGO', '2016-06-10 19:10:58'),
(387, 3, 'S', '創立新小組', '2016-06-10 19:11:00'),
(388, 3, 'S', '創立新小組', '2016-06-10 19:12:10'),
(389, 3, 'S', '進入【雜草電池】', '2016-06-10 19:13:28'),
(390, 3, 'S', '進入【雜草電池】', '2016-06-10 19:13:28'),
(391, 3, 'S', '小組協作空間', '2016-06-10 19:14:11'),
(392, 3, 'S', '前往【1-1 提出研究主題與題目】', '2016-06-10 19:14:29'),
(393, 3, 'S', '開啟活動指引', '2016-06-10 19:14:38'),
(394, 3, 'S', '我知道了！', '2016-06-10 19:16:14'),
(395, 3, 'S', '小組協作空間', '2016-06-10 19:16:17'),
(396, 3, 'S', '小組協作空間', '2016-06-10 19:16:22'),
(397, 3, 'S', '小組協作空間', '2016-06-10 19:16:23'),
(398, 3, 'S', '小組協作空間', '2016-06-10 19:16:58'),
(399, 3, 'S', '小組協作空間', '2016-06-10 19:16:59'),
(400, 3, 'S', '前往【1-1 提出研究主題與題目】', '2016-06-10 19:17:17'),
(401, 3, 'S', '我知道了！', '2016-06-10 19:17:27'),
(402, 3, 'S', '我知道了！', '2016-06-10 19:17:27'),
(403, 3, 'S', '小組工作室', '2016-06-10 19:17:43'),
(404, 3, 'S', '小組資料庫', '2016-06-10 19:17:45'),
(405, 3, 'S', '討論區', '2016-06-10 19:17:47'),
(406, 3, 'S', '小組工作室', '2016-06-10 19:17:59'),
(407, 3, 'S', '小組資料庫', '2016-06-10 19:18:05'),
(408, 3, 'S', '小組協作空間', '2016-06-10 19:18:22'),
(409, 3, 'S', '前往【1-1 提出研究主題與題目】', '2016-06-10 19:19:18'),
(410, 3, 'S', '前往【1-1 提出研究主題與題目】', '2016-06-10 19:19:18'),
(411, 3, 'S', '我知道了！', '2016-06-10 19:19:28'),
(412, 3, 'S', '小組工作室', '2016-06-10 19:19:57'),
(413, 3, 'S', '小組工作室', '2016-06-10 19:19:57'),
(414, 3, 'S', '小組工作室', '2016-06-10 19:19:58'),
(415, 3, 'S', '小組資料庫', '2016-06-10 19:20:05'),
(416, 3, 'S', '小組資料庫', '2016-06-10 19:20:05'),
(417, 3, 'S', '工具包', '2016-06-10 19:20:50'),
(418, 3, 'S', '常用網站', '2016-06-10 19:20:52'),
(419, 3, 'S', '工具包', '2016-06-10 19:21:49'),
(420, 3, 'S', '學生求助', '2016-06-10 19:21:51'),
(421, 3, 'S', '工具包', '2016-06-10 19:21:52'),
(422, 3, 'S', '學生求助', '2016-06-10 19:21:53'),
(423, 3, 'S', '工具包', '2016-06-10 19:21:54'),
(424, 3, 'S', '我要求助', '2016-06-10 19:22:05'),
(425, 3, 'S', '我要求助', '2016-06-10 19:22:31'),
(426, 3, 'S', '我要求助', '2016-06-10 19:22:59'),
(427, 3, 'S', '我要求助', '2016-06-10 19:23:40'),
(428, 3, 'S', '工具包', '2016-06-10 19:24:05'),
(429, 3, 'S', '我要求助', '2016-06-10 19:24:23'),
(430, 3, 'S', '求助回覆', '2016-06-10 19:24:40'),
(431, 3, 'S', '工具包', '2016-06-10 19:25:13'),
(432, 3, 'S', '觀摩專題作品', '2016-06-10 19:25:14'),
(433, 3, 'S', '工具包', '2016-06-10 19:25:19'),
(434, 3, 'S', '專題探究學習系統LOGO', '2016-06-10 19:26:38'),
(435, 3, 'S', '進入【雜草電池】', '2016-06-10 19:26:40'),
(436, 3, 'S', '日誌專區', '2016-06-10 19:26:43'),
(437, 3, 'S', '日誌專區', '2016-06-10 19:26:43'),
(438, 3, 'S', '個人區', '2016-06-10 19:27:13'),
(439, 3, 'S', '問題集', '2016-06-10 19:27:13'),
(440, 3, 'S', '個人區', '2016-06-10 19:27:15'),
(441, 3, 'S', '登出', '2016-06-10 19:27:16'),
(442, 4, 'S', '進入【雜草電池】', '2016-06-10 19:27:27'),
(443, 4, 'S', '小組協作空間', '2016-06-10 19:27:29'),
(444, 4, 'S', '小組協作空間', '2016-06-10 19:27:29'),
(445, 4, 'S', '日誌專區', '2016-06-10 19:27:30'),
(446, 4, 'S', '小組首頁', '2016-06-10 19:29:05'),
(447, 4, 'S', '任務地圖', '2016-06-10 19:29:17'),
(448, 4, 'S', '任務地圖', '2016-06-10 19:29:17'),
(449, 4, 'S', '任務地圖', '2016-06-10 19:29:20'),
(450, 4, 'S', '審核紀錄', '2016-06-10 19:29:33'),
(451, 4, 'S', '現在位置', '2016-06-10 19:37:55'),
(452, 4, 'S', '個人區', '2016-06-10 19:37:57'),
(453, 0, 'S', '登出', '2016-06-10 19:37:59'),
(454, 2, 'T', '個人區', '2016-06-10 20:32:35'),
(455, 2, 'T', '系統操作', '2016-06-10 20:32:36'),
(456, 2, 'T', '個人區', '2016-06-10 20:43:45'),
(457, 2, 'T', '系統操作', '2016-06-10 20:43:46'),
(458, 2, 'T', '個人區', '2016-06-10 20:44:45'),
(459, 2, 'T', '系統操作', '2016-06-10 20:44:45'),
(460, 2, 'T', '個人區', '2016-06-10 20:47:16'),
(461, 2, 'T', '系統操作', '2016-06-10 20:47:17'),
(462, 2, 'T', '個人區', '2016-06-10 20:52:20'),
(463, 2, 'T', '系統操作', '2016-06-10 20:52:21'),
(464, 2, 'T', '個人區', '2016-06-10 20:52:32'),
(465, 2, 'T', '系統操作', '2016-06-10 20:52:33'),
(466, 2, 'T', '個人區', '2016-06-10 20:56:20'),
(467, 2, 'T', '系統操作', '2016-06-10 20:56:21'),
(468, 2, 'T', '個人區', '2016-06-10 20:57:51'),
(469, 2, 'T', '帳號管理', '2016-06-10 20:57:52'),
(470, 2, 'T', '個人區', '2016-06-10 20:57:53'),
(471, 2, 'T', '系統操作', '2016-06-10 20:57:53'),
(472, 2, 'T', '個人區', '2016-06-10 20:58:27'),
(473, 2, 'T', '系統操作', '2016-06-10 20:58:28'),
(474, 2, 'T', '個人區', '2016-06-10 20:58:36'),
(475, 2, 'T', '系統操作', '2016-06-10 20:58:37'),
(476, 2, 'T', '個人區', '2016-06-10 20:58:59'),
(477, 2, 'T', '系統操作', '2016-06-10 20:58:59'),
(478, 0, 'T', '登出', '2016-06-10 20:59:22'),
(479, 3, 'S', '個人區', '2016-06-10 20:59:32'),
(480, 3, 'S', '系統操作', '2016-06-10 20:59:33'),
(481, 3, 'S', '個人區', '2016-06-10 21:03:31'),
(482, 3, 'S', '系統操作', '2016-06-10 21:03:32'),
(483, 0, 'S', '登出', '2016-06-10 21:03:49'),
(484, 2, 'T', '個人區', '2016-06-10 21:03:56'),
(485, 2, 'T', '系統操作', '2016-06-10 21:03:57'),
(486, 73, 'T', '教師指導手冊', '2016-06-11 16:05:52'),
(487, 73, 'T', '教師指導手冊', '2016-06-11 16:05:55'),
(488, 73, 'T', '專題指導', '2016-06-11 16:05:57'),
(489, 73, 'T', '專題管理', '2016-06-11 16:05:59'),
(490, 73, 'T', '教師日誌', '2016-06-11 16:06:01'),
(491, 73, 'T', '已結案專題', '2016-06-11 16:06:02'),
(492, 73, 'T', '專題管理', '2016-06-11 16:06:03'),
(493, 2, 'T', '專題管理', '2016-06-12 11:43:02'),
(494, 2, 'T', '小組任務編輯', '2016-06-12 11:43:09'),
(495, 2, 'T', '任務開放程度設定', '2016-06-12 11:43:14'),
(496, 2, 'T', '專題管理', '2016-06-12 11:45:37'),
(497, 2, 'T', '小組任務編輯', '2016-06-12 11:45:40'),
(498, 2, 'T', '小組時間規劃', '2016-06-12 11:48:33'),
(499, 3, 'S', '進入【雜草電池】', '2016-06-12 12:42:49'),
(500, 3, 'S', '進入【蟻隻獨秀】(完成)', '2016-06-12 12:42:57'),
(501, 3, 'S', '進入【蟻隻獨秀】', '2016-06-12 12:44:06'),
(502, 3, 'S', '日誌專區', '2016-06-12 12:44:08'),
(503, 3, 'S', '專題探究學習系統LOGO', '2016-06-12 18:38:51'),
(504, 3, 'S', '個人區', '2016-06-12 18:38:54'),
(505, 0, 'S', '登出', '2016-06-12 18:38:55'),
(506, 3, 'S', '個人區', '2016-06-12 18:39:20'),
(507, 3, 'S', '個人區', '2016-06-12 18:39:26'),
(508, 3, 'S', '個人區', '2016-06-12 18:39:44'),
(509, 3, 'S', '個人區', '2016-06-12 18:40:33'),
(510, 3, 'S', '最新通知', '2016-06-12 18:40:34'),
(511, 3, 'S', '最新通知', '2016-06-12 18:41:33'),
(512, 3, 'S', '最新通知', '2016-06-12 18:41:34'),
(513, 3, 'S', '最新通知', '2016-06-12 18:41:34'),
(514, 3, 'S', '最新通知', '2016-06-12 18:41:35'),
(515, 3, 'S', '最新通知', '2016-06-12 18:41:51'),
(516, 3, 'S', '個人區', '2016-06-12 18:41:57'),
(517, 3, 'S', '最新通知', '2016-06-12 18:42:16'),
(518, 3, 'S', '最新通知', '2016-06-12 18:42:34'),
(519, 3, 'S', '最新通知', '2016-06-12 18:42:35'),
(520, 3, 'S', '最新通知', '2016-06-12 18:42:36'),
(521, 3, 'S', '個人區', '2016-06-12 19:20:05'),
(522, 3, 'S', '進入【雜草電池】', '2016-06-12 19:23:42'),
(523, 3, 'S', '最新通知', '2016-06-12 19:23:50'),
(524, 3, 'S', '最新通知', '2016-06-12 19:23:55'),
(525, 3, 'S', '個人區', '2016-06-12 19:23:56'),
(526, 3, 'S', '個人區', '2016-06-12 19:23:58'),
(527, 73, 'T', '專題指導', '2016-06-12 20:42:34'),
(528, 73, 'T', '專題管理', '2016-06-12 20:42:45'),
(529, 2, 'T', '回覆學生問題', '2016-06-13 07:02:18'),
(530, 73, 'T', '工具包', '2016-06-13 15:27:01'),
(531, 73, 'T', '工具包', '2016-06-13 15:27:03'),
(532, 73, 'T', '教師指導手冊', '2016-06-13 15:27:04'),
(533, 73, 'T', '教師指導手冊', '2016-06-13 15:27:20'),
(534, 73, 'T', '專題指導', '2016-06-13 15:27:23'),
(535, 73, 'T', '專題管理', '2016-06-13 15:27:25'),
(536, 73, 'T', '教師日誌', '2016-06-13 15:27:26'),
(537, 73, 'T', '已結案專題', '2016-06-13 15:27:28'),
(538, 73, 'T', '專題指導', '2016-06-13 15:27:30'),
(539, 73, 'T', '專題管理', '2016-06-13 15:27:32'),
(540, 73, 'T', '教師日誌', '2016-06-13 15:27:34'),
(541, 73, 'T', '專題指導', '2016-06-13 15:27:35'),
(542, 73, 'T', '工具包', '2016-06-13 15:27:38'),
(543, 73, 'T', '工具包', '2016-06-13 15:27:41'),
(544, 73, 'T', '最新通知', '2016-06-13 15:27:42'),
(545, 73, 'T', '個人區', '2016-06-13 15:27:46'),
(546, 73, 'T', '最新通知', '2016-06-13 15:27:49'),
(547, 73, 'T', '登出', '2016-06-13 15:27:53'),
(548, 2, 'T', '工具包', '2016-06-14 05:08:05'),
(549, 2, 'T', '觀摩專題作品', '2016-06-14 05:08:06'),
(550, 73, 'T', '教師指導手冊', '2016-06-14 05:14:25'),
(551, 73, 'T', '教師指導手冊', '2016-06-14 05:28:48'),
(552, 73, 'T', '回覆學生問題', '2016-06-14 05:29:13'),
(553, 73, 'T', '已結案專題', '2016-06-14 05:29:19'),
(554, 73, 'T', '專題指導', '2016-06-14 05:29:22'),
(555, 73, 'T', '學生階段任務介紹', '2016-06-14 05:29:29'),
(556, 73, 'T', '學生階段任務介紹', '2016-06-14 05:29:29'),
(557, 73, 'T', '現在位置', '2016-06-14 05:29:48'),
(558, 73, 'T', '專題探究學習系統介面導覽', '2016-06-14 05:29:50'),
(559, 73, 'T', '專題探究學習系統LOGO', '2016-06-14 05:32:36'),
(560, 73, 'T', '專題管理', '2016-06-14 05:32:38'),
(561, 73, 'T', '小組/個人日誌', '2016-06-14 05:32:46'),
(562, 73, 'T', '將小組退回專題階段', '2016-06-14 05:32:50'),
(563, 73, 'T', '專題探究學習系統LOGO', '2016-06-14 05:32:52'),
(564, 73, 'T', '教學指導日誌', '2016-06-14 05:33:08'),
(565, 73, 'T', '教師反思日誌', '2016-06-14 05:33:18'),
(566, 73, 'T', '專題探究學習系統LOGO', '2016-06-14 05:33:25'),
(567, 3, 'S', '創立新小組', '2016-06-14 06:15:50'),
(568, 3, 'S', '個人區', '2016-06-14 06:23:36'),
(569, 0, 'S', '登出', '2016-06-14 06:23:38'),
(570, 2, 'T', '專題管理', '2016-06-14 06:23:47'),
(571, 2, 'T', '新專案小組設定', '2016-06-14 06:23:48'),
(572, 2, 'T', '創立新專題小組', '2016-06-14 06:23:48'),
(573, 2, 'T', '個人區', '2016-06-14 06:36:26'),
(574, 2, 'T', '登出', '2016-06-14 06:36:27'),
(575, 3, 'S', '進入【雜草電池】', '2016-06-14 06:44:13'),
(576, 3, 'S', '小組協作空間', '2016-06-14 06:44:15'),
(577, 3, 'S', '前往【1-1 提出研究主題與題目】', '2016-06-14 06:44:19'),
(578, 3, 'S', '開啟活動指引', '2016-06-14 06:44:24'),
(579, 3, 'S', '我知道了！', '2016-06-14 06:53:35'),
(580, 3, 'S', '小組工作室', '2016-06-14 08:14:02'),
(581, 3, 'S', '討論區', '2016-06-14 08:14:03'),
(582, 3, 'S', '進入【雜草電池】', '2016-06-14 09:21:28'),
(583, 3, 'S', '小組協作空間', '2016-06-14 09:21:31'),
(584, 3, 'S', '前往【1-1 提出研究主題與題目】', '2016-06-14 09:21:34'),
(585, 3, 'S', '新增討論串', '2016-06-14 09:23:30'),
(586, 3, 'S', '按讚', '2016-06-14 11:44:59'),
(587, 3, 'S', '按讚', '2016-06-14 11:45:00'),
(588, 3, 'S', '回覆討論', '2016-06-14 11:52:24'),
(589, 3, 'S', '回覆討論', '2016-06-14 11:53:36'),
(590, 3, 'S', '回覆討論', '2016-06-14 11:54:01'),
(591, 3, 'S', '回覆討論', '2016-06-14 11:55:42'),
(592, 3, 'S', '小組工作室', '2016-06-14 11:56:10'),
(593, 3, 'S', '討論區', '2016-06-14 12:02:57'),
(594, 3, 'S', '回覆討論', '2016-06-14 12:02:58'),
(595, 3, 'S', '回覆討論', '2016-06-14 12:03:18'),
(596, 3, 'S', '註記星號', '2016-06-14 12:03:20'),
(597, 3, 'S', '回覆討論', '2016-06-14 12:03:21'),
(598, 3, 'S', '回覆討論', '2016-06-14 12:04:52'),
(599, 73, 'T', '專題指導', '2016-06-14 12:11:18'),
(600, 73, 'T', '教師指導手冊', '2016-06-14 12:11:21'),
(601, 73, 'T', '教師指導手冊', '2016-06-14 12:12:37'),
(602, 73, 'T', '工具包', '2016-06-14 12:13:09'),
(603, 73, 'T', '工具包', '2016-06-14 12:13:10'),
(604, 73, 'T', '教師指導手冊', '2016-06-14 12:13:14'),
(605, 73, 'T', '已結案專題', '2016-06-14 12:13:22'),
(606, 73, 'T', '教師日誌', '2016-06-14 12:13:25'),
(607, 73, 'T', '專題管理', '2016-06-14 12:13:26'),
(608, 73, 'T', '專題指導', '2016-06-14 12:13:29'),
(609, 73, 'T', '教師指導手冊', '2016-06-14 12:14:47'),
(610, 73, 'T', '發送廣播', '2016-06-14 12:14:49'),
(611, 73, 'T', '專題指導', '2016-06-14 12:14:49'),
(612, 73, 'T', '專題管理', '2016-06-14 12:14:51'),
(613, 73, 'T', '教師日誌', '2016-06-14 12:14:52'),
(614, 73, 'T', '已結案專題', '2016-06-14 12:14:54'),
(615, 73, 'T', '最新通知', '2016-06-14 12:14:56'),
(616, 73, 'T', '個人區', '2016-06-14 12:14:58'),
(617, 73, 'T', '登出', '2016-06-14 12:15:01'),
(618, 3, 'S', '回覆討論', '2016-06-14 12:38:05'),
(619, 3, 'S', '小組工作室', '2016-06-14 12:39:43'),
(620, 3, 'S', '個人區', '2016-06-14 12:53:10'),
(621, 0, 'S', '登出', '2016-06-14 12:53:12'),
(622, 4, 'S', '進入【蟻隻獨秀】(完成)', '2016-06-14 12:57:25'),
(623, 4, 'S', '進入【雜草電池】', '2016-06-14 12:57:25'),
(624, 4, 'S', '小組協作空間', '2016-06-14 12:57:38'),
(625, 4, 'S', '前往【1-1 提出研究主題與題目】', '2016-06-14 12:57:39'),
(626, 4, 'S', '我知道了！', '2016-06-14 12:57:41'),
(627, 4, 'S', '小組工作室', '2016-06-14 12:57:43'),
(628, 4, 'S', '專題探究學習系統LOGO', '2016-06-14 14:35:38'),
(629, 4, 'S', '進入【雜草電池】', '2016-06-14 14:35:41'),
(630, 4, 'S', '小組協作空間', '2016-06-14 14:35:42'),
(631, 4, 'S', '前往【1-1 提出研究主題與題目】', '2016-06-14 14:35:43'),
(632, 4, 'S', '小組工作室', '2016-06-14 14:35:44'),
(633, 4, 'S', '個人區', '2016-06-14 14:43:43'),
(634, 0, 'S', '登出', '2016-06-14 14:43:45'),
(635, 2, 'T', '個人區', '2016-06-14 14:44:15'),
(636, 2, 'T', '登出', '2016-06-14 14:44:16'),
(637, 3, 'S', '進入【雜草電池】', '2016-06-14 14:44:23'),
(638, 3, 'S', '前往協作 》', '2016-06-14 14:44:25'),
(639, 3, 'S', '前往【1-1 提出研究主題與題目】', '2016-06-14 14:44:26'),
(640, 3, 'S', '小組工作室', '2016-06-14 14:44:27'),
(641, 3, 'S', '小組工作室', '2016-06-14 14:44:33'),
(642, 3, 'S', '個人區', '2016-06-14 14:44:48'),
(643, 0, 'S', '登出', '2016-06-14 14:44:50'),
(644, 3, 'S', '進入【雜草電池】', '2016-06-14 14:44:57'),
(645, 3, 'S', '個人區', '2016-06-14 14:44:58'),
(646, 3, 'S', '登出', '2016-06-14 14:44:59'),
(647, 4, 'S', '進入【雜草電池】', '2016-06-14 14:45:05'),
(648, 4, 'S', '前往協作 》', '2016-06-14 14:45:21'),
(649, 4, 'S', '前往【1-1 提出研究主題與題目】', '2016-06-14 14:45:22'),
(650, 4, 'S', '小組工作室', '2016-06-14 14:45:23'),
(651, 4, 'S', '個人區', '2016-06-14 14:47:03'),
(652, 0, 'S', '登出', '2016-06-14 14:47:05'),
(653, 2, 'T', '詳情【1-1 提出研究主題與題目】', '2016-06-14 14:47:11'),
(654, 2, 'T', '個人區', '2016-06-14 14:49:22'),
(655, 0, 'T', '登出', '2016-06-14 14:49:23'),
(656, 4, 'S', '進入【雜草電池】', '2016-06-14 14:49:35'),
(657, 4, 'S', '小組工作室', '2016-06-14 14:50:14'),
(658, 4, 'S', '個人區', '2016-06-14 14:51:20'),
(659, 0, 'S', '登出', '2016-06-14 14:51:22'),
(660, 2, 'T', '詳情【1-1 提出研究主題與題目】', '2016-06-14 14:51:32'),
(661, 2, 'T', '詳情【1-1 提出研究主題與題目】', '2016-06-14 14:53:32'),
(662, 2, 'T', '現在位置', '2016-06-14 15:07:45'),
(663, 2, 'T', '最新通知', '2016-06-14 15:09:18'),
(664, 2, 'T', '最新通知', '2016-06-14 15:09:23'),
(665, 2, 'T', '詳情【1-1 提出研究主題與題目】', '2016-06-14 15:15:01'),
(666, 2, 'T', '審核【1-1 提出研究主題與題目】', '2016-06-14 15:15:12'),
(667, 2, 'T', '詳情【1-1 提出研究主題與題目】', '2016-06-14 15:15:16'),
(668, 2, 'T', '審核【1-1 提出研究主題與題目】', '2016-06-14 15:23:59'),
(669, 2, 'T', '個人區', '2016-06-14 15:24:28'),
(670, 2, 'T', '登出', '2016-06-14 15:24:29'),
(671, 3, 'S', '進入【雜草電池】', '2016-06-14 15:24:40'),
(672, 3, 'S', '小組首頁', '2016-06-14 17:15:37'),
(673, 3, 'S', '工具包', '2016-06-14 17:22:55'),
(674, 3, 'S', '工具包', '2016-06-14 17:56:53'),
(675, 3, 'S', '個人區', '2016-06-14 17:58:55'),
(676, 3, 'S', '個人區', '2016-06-14 18:30:44'),
(677, 3, 'S', '任務地圖', '2016-06-14 18:52:07'),
(678, 3, 'S', '任務地圖', '2016-06-14 19:03:25'),
(679, 3, 'S', '日誌專區', '2016-06-14 19:03:26'),
(680, 3, 'S', '個人區', '2016-06-14 19:03:29'),
(681, 3, 'S', '登出', '2016-06-14 19:03:30'),
(682, 4, 'S', '進入【雜草電池】', '2016-06-14 19:03:38'),
(683, 4, 'S', '個人區', '2016-06-14 19:03:50'),
(684, 0, 'S', '登出', '2016-06-14 19:04:17'),
(685, 3, 'S', '進入【蟻隻獨秀】', '2016-06-14 19:04:30'),
(686, 3, 'S', '日誌專區', '2016-06-14 19:04:31'),
(687, 3, 'S', '小組協作空間', '2016-06-14 19:16:27'),
(688, 3, 'S', '小組協作空間', '2016-06-14 19:16:42'),
(689, 3, 'S', '個人區', '2016-06-14 19:17:38'),
(690, 3, 'S', '登出', '2016-06-14 19:17:39'),
(691, 0, 'S', '個人區', '2016-06-14 19:17:49'),
(692, 0, 'S', '登出', '2016-06-14 19:17:51'),
(693, 3, 'S', '進入【蟻隻獨秀】', '2016-06-14 19:17:57'),
(694, 3, 'S', '小組協作空間', '2016-06-14 19:17:58'),
(695, 3, 'S', '前往【5-1 統整作品報告書】', '2016-06-14 19:19:35'),
(696, 3, 'S', '小組工作室', '2016-06-14 19:19:50'),
(697, 3, 'S', '討論區', '2016-06-14 19:19:51'),
(698, 3, 'S', '個人區', '2016-06-14 19:20:25'),
(699, 3, 'S', '登出', '2016-06-14 19:20:26'),
(700, 3, 'S', '進入【雜草電池】', '2016-06-14 19:20:34'),
(701, 3, 'S', '小組協作空間', '2016-06-14 19:20:37'),
(702, 3, 'S', '前往【2-1 提出研究問題】', '2016-06-14 19:25:17'),
(703, 3, 'S', '我知道了！', '2016-06-14 19:25:52'),
(704, 3, 'S', '小組工作室', '2016-06-14 19:26:16'),
(705, 3, 'S', '小組首頁', '2016-06-14 19:58:23'),
(706, 3, 'S', '專題探究學習系統LOGO', '2016-06-14 19:58:24'),
(707, 3, 'S', '認識科展活動', '2016-06-14 19:58:31'),
(708, 3, 'S', '專題探究學習系統LOGO', '2016-06-14 20:20:38'),
(709, 3, 'S', '進入【雜草電池】', '2016-06-14 21:05:31'),
(710, 3, 'S', '任務地圖', '2016-06-14 21:05:33'),
(711, 3, 'S', '審核紀錄', '2016-06-14 21:05:35'),
(712, 3, 'S', '專題探究學習系統LOGO', '2016-06-14 21:05:39'),
(713, 3, 'S', '進入【蟻隻獨秀】', '2016-06-14 21:05:41'),
(714, 3, 'S', '任務地圖', '2016-06-14 21:05:43'),
(715, 3, 'S', '審核紀錄', '2016-06-14 21:05:45'),
(716, 3, 'S', '專題探究學習系統LOGO', '2016-06-14 21:08:22'),
(717, 3, 'S', '進入【雜草電池】', '2016-06-14 21:08:23'),
(718, 3, 'S', '工具包', '2016-06-14 21:08:27'),
(719, 3, 'S', '觀摩專題作品', '2016-06-14 21:12:42'),
(720, 3, 'S', '工具包', '2016-06-14 21:14:51'),
(721, 3, 'S', '學生求助', '2016-06-14 21:14:52'),
(722, 3, 'S', '工具包', '2016-06-14 21:18:24'),
(723, 3, 'S', '常用網站', '2016-06-14 21:18:24'),
(724, 3, 'S', '小組首頁', '2016-06-14 21:21:59'),
(725, 3, 'S', '最新通知', '2016-06-14 21:22:01'),
(726, 3, 'S', '個人區', '2016-06-14 21:24:35'),
(727, 3, 'S', '最新通知', '2016-06-14 21:24:36'),
(728, 3, 'S', '登出', '2016-06-14 21:38:26'),
(729, 2, 'T', '專題管理', '2016-06-14 21:44:01'),
(730, 78, 'T', '最新通知', '2016-06-15 06:32:49'),
(731, 78, 'T', '專題管理', '2016-06-15 06:32:59'),
(732, 78, 'T', '專題指導', '2016-06-15 06:33:03'),
(733, 78, 'T', '教師日誌', '2016-06-15 06:33:05'),
(734, 78, 'T', '已結案專題', '2016-06-15 06:33:17'),
(735, 78, 'T', '教師日誌', '2016-06-15 06:33:18'),
(736, 78, 'T', '工具包', '2016-06-15 06:33:23'),
(737, 78, 'T', '觀摩專題作品', '2016-06-15 06:33:25'),
(738, 79, 'T', '專題指導', '2016-06-15 08:23:18'),
(739, 79, 'T', '專題管理', '2016-06-15 08:23:19'),
(740, 79, 'T', '教師日誌', '2016-06-15 08:23:22'),
(741, 79, 'T', '已結案專題', '2016-06-15 08:23:30'),
(742, 79, 'T', '專題指導', '2016-06-15 08:23:34'),
(743, 79, 'T', '最新通知', '2016-06-15 08:23:43'),
(744, 79, 'T', '工具包', '2016-06-15 08:23:47'),
(745, 79, 'T', '觀摩專題作品', '2016-06-15 08:23:50'),
(746, 2, 'T', '個人區', '2016-06-15 08:53:21'),
(747, 0, 'T', '登出', '2016-06-15 08:53:23'),
(748, 3, 'S', '進入【雜草電池】', '2016-06-15 08:53:32'),
(749, 3, 'S', '工具包', '2016-06-15 08:53:34'),
(750, 3, 'S', '學生求助', '2016-06-15 08:53:35'),
(751, 3, 'S', '我要求助', '2016-06-15 08:53:36'),
(752, 74, 'S', '專題探究學習系統介面導覽', '2016-06-15 09:19:29'),
(753, 74, 'S', '創立新小組', '2016-06-15 09:19:41'),
(754, 74, 'S', '創立新小組', '2016-06-15 09:19:42'),
(755, 74, 'S', '進入【test】(申請中)', '2016-06-15 09:20:12'),
(756, 73, 'T', '專題指導', '2016-06-15 09:21:06'),
(757, 73, 'T', '專題管理', '2016-06-15 09:21:09'),
(758, 73, 'T', '接受專題申請', '2016-06-15 09:21:14'),
(759, 73, 'S', '進入【test】(申請中)', '2016-06-15 09:21:25'),
(760, 73, 'T', '參與小組討論', '2016-06-15 09:21:32'),
(761, 73, 'T', '新增討論串', '2016-06-15 09:21:38'),
(762, 73, 'T', '回覆討論', '2016-06-15 09:23:50'),
(763, 73, 'T', '最新通知', '2016-06-15 09:23:59'),
(764, 73, 'T', '最新通知[more...]', '2016-06-15 09:24:09'),
(765, 73, 'T', '專題指導', '2016-06-15 09:33:54'),
(766, 73, 'T', '專題指導', '2016-06-15 09:34:03'),
(767, 73, 'T', '工具包', '2016-06-15 09:36:26'),
(768, 73, 'T', '工具包', '2016-06-15 09:36:29'),
(769, 73, 'T', '教師指導手冊', '2016-06-15 09:36:30'),
(770, 3, 'S', '個人區', '2016-06-15 09:42:53'),
(771, 3, 'S', '帳號管理', '2016-06-15 09:42:53'),
(772, 3, 'S', '個人區', '2016-06-15 09:50:37'),
(773, 3, 'S', '系統操作', '2016-06-15 09:50:38'),
(774, 3, 'S', '系統操作', '2016-06-15 09:58:04'),
(775, 3, 'S', '問題集', '2016-06-15 09:59:51'),
(776, 3, 'S', '個人區', '2016-06-15 10:02:09'),
(777, 3, 'S', '登出', '2016-06-15 10:02:10'),
(778, 80, 'T', '專題管理', '2016-06-15 10:13:08'),
(779, 80, 'T', '專題指導', '2016-06-15 10:13:10'),
(780, 80, 'T', '教師指導手冊', '2016-06-15 10:13:16'),
(781, 80, 'T', '工具包', '2016-06-15 10:24:22'),
(782, 80, 'T', '專題指導', '2016-06-15 11:56:20'),
(783, 80, 'T', '教師指導手冊', '2016-06-15 11:56:25'),
(784, 2, 'T', '專題管理', '2016-06-15 12:44:46'),
(785, 2, 'T', '參與小組討論', '2016-06-15 12:59:51'),
(786, 2, 'T', '專題管理', '2016-06-15 13:31:21'),
(787, 2, 'T', '小組進度管理', '2016-06-15 13:31:24'),
(788, 2, 'T', '專題管理', '2016-06-15 15:03:44'),
(789, 2, 'T', '小組任務編輯', '2016-06-15 15:03:46'),
(790, 2, 'T', '小組時間規劃', '2016-06-15 15:03:47'),
(791, 2, 'T', '專題管理', '2016-06-15 15:17:00'),
(792, 2, 'T', '學習評量與結案', '2016-06-15 15:17:01'),
(793, 73, 'T', '專題指導', '2016-06-15 15:38:06'),
(794, 73, 'T', '專題管理', '2016-06-15 15:38:07'),
(795, 73, 'T', '參與小組討論', '2016-06-15 15:38:13'),
(796, 73, 'T', '教師日誌', '2016-06-15 15:38:17'),
(797, 73, 'T', '已結案專題', '2016-06-15 15:38:19'),
(798, 73, 'T', '最新通知', '2016-06-15 15:38:24'),
(799, 73, 'T', '專題指導', '2016-06-15 18:06:08'),
(800, 73, 'T', '專題管理', '2016-06-15 18:06:15'),
(801, 73, 'T', '教師日誌', '2016-06-15 18:06:44'),
(802, 73, 'T', '個人區', '2016-06-15 18:06:58'),
(803, 73, 'T', '登出', '2016-06-15 18:07:05'),
(804, 80, 'T', '教師指導手冊', '2016-06-16 03:10:24'),
(805, 2, 'T', '專題管理', '2016-06-16 03:58:11'),
(806, 2, 'T', '小組進度管理', '2016-06-16 03:58:13'),
(807, 2, 'T', '小組階段成果', '2016-06-16 03:58:15'),
(808, 2, 'T', '專題探究學習系統LOGO', '2016-06-16 03:58:21'),
(809, 2, 'T', '專題管理', '2016-06-16 03:58:25'),
(810, 2, 'T', '小組進度管理', '2016-06-16 03:58:29'),
(811, 2, 'T', '小組階段成果', '2016-06-16 03:58:30'),
(812, 2, 'T', '專題探究學習系統LOGO', '2016-06-16 03:58:53'),
(813, 2, 'T', '專題管理', '2016-06-16 03:58:54'),
(814, 2, 'T', '小組進度管理', '2016-06-16 03:58:56'),
(815, 2, 'T', '小組階段成果', '2016-06-16 03:58:57'),
(816, 2, 'T', '小組/個人日誌', '2016-06-16 03:59:54'),
(817, 2, 'T', '將小組退回專題階段', '2016-06-16 04:00:17'),
(818, 2, 'T', '專題管理', '2016-06-16 04:00:33'),
(819, 2, 'T', '專題管理', '2016-06-16 04:00:34'),
(820, 2, 'T', '小組任務編輯', '2016-06-16 04:00:37'),
(821, 2, 'T', '小組時間規劃', '2016-06-16 04:00:39'),
(822, 2, 'T', '現在位置', '2016-06-16 04:01:16'),
(823, 2, 'T', '任務開放程度設定', '2016-06-16 04:01:17'),
(824, 2, 'T', '任務開放程度設定', '2016-06-16 04:01:17'),
(825, 2, 'T', '專題管理', '2016-06-16 04:02:26'),
(826, 2, 'T', '學習評量與結案', '2016-06-16 04:02:32'),
(827, 2, 'T', '學習成果評量', '2016-06-16 04:02:33'),
(828, 2, 'T', '專題管理', '2016-06-16 04:03:13'),
(829, 2, 'T', 'My Notes', '2016-06-16 04:04:08'),
(830, 2, 'T', '新專案小組設定', '2016-06-16 05:25:45'),
(831, 2, 'T', '教師日誌', '2016-06-16 05:26:01'),
(832, 2, 'T', '已結案專題', '2016-06-16 05:29:19'),
(833, 2, 'T', '專題管理', '2016-06-16 05:30:37'),
(834, 2, 'T', '學習評量與結案', '2016-06-16 05:31:02'),
(835, 2, 'T', '結束專題小組', '2016-06-16 05:31:03'),
(836, 2, 'T', '教師指導手冊', '2016-06-16 05:32:01'),
(837, 2, 'T', '教師指導手冊', '2016-06-16 05:32:43'),
(838, 2, 'T', '工具包', '2016-06-16 05:32:44'),
(839, 2, 'T', '專題指導', '2016-06-16 05:34:46'),
(840, 2, 'T', '工具包', '2016-06-16 05:34:52'),
(841, 2, 'T', '觀摩專題作品', '2016-06-16 05:35:30'),
(842, 2, 'T', '工具包', '2016-06-16 05:36:48'),
(843, 2, 'T', '建議與回報', '2016-06-16 05:36:49'),
(844, 2, 'T', '我要回報', '2016-06-16 05:36:52'),
(845, 2, 'T', '工具包', '2016-06-16 05:37:14'),
(846, 2, 'T', '常用網站', '2016-06-16 05:37:15'),
(847, 2, 'T', '個人區', '2016-06-16 05:38:36'),
(848, 2, 'T', '系統操作', '2016-06-16 05:38:38'),
(849, 73, 'T', '專題指導', '2016-06-16 05:44:55'),
(850, 73, 'T', '專題管理', '2016-06-16 05:44:56'),
(851, 73, 'T', '教師日誌', '2016-06-16 05:45:00'),
(852, 73, 'T', '教學指導日誌', '2016-06-16 05:45:04'),
(853, 73, 'T', '已結案專題', '2016-06-16 05:45:10'),
(854, 73, 'T', '最新通知', '2016-06-16 05:45:14'),
(855, 73, 'T', '專題管理', '2016-06-16 11:01:41'),
(856, 73, 'T', '參與小組討論', '2016-06-16 11:01:52'),
(857, 73, 'T', '教師日誌', '2016-06-16 11:01:59'),
(858, 73, 'T', '已結案專題', '2016-06-16 11:02:05'),
(859, 73, 'T', '教師日誌', '2016-06-16 11:02:07'),
(860, 73, 'T', '專題管理', '2016-06-16 11:02:09'),
(861, 73, 'T', '專題指導', '2016-06-16 11:02:12'),
(862, 3, 'S', '進入【雜草電池】', '2016-06-16 19:10:54'),
(863, 3, 'S', '工具包', '2016-06-16 19:10:55'),
(864, 3, 'S', '學生求助', '2016-06-16 19:10:56'),
(865, 3, 'S', '個人區', '2016-06-16 19:10:57'),
(866, 3, 'S', '登出', '2016-06-16 19:10:59'),
(867, 2, 'T', '工具包', '2016-06-16 19:11:05'),
(868, 2, 'T', '建議與回報', '2016-06-16 19:11:06'),
(869, 73, 'T', '教師指導手冊', '2016-06-17 02:48:16'),
(870, 73, 'T', '現在位置', '2016-06-17 02:48:19'),
(871, 73, 'T', '教師指導手冊', '2016-06-17 02:48:20'),
(872, 73, 'T', '個人區', '2016-06-17 02:48:24'),
(873, 0, 'T', '登出', '2016-06-17 02:48:27'),
(874, 74, 'S', '進入【測試小組】', '2016-06-17 02:48:47'),
(875, 74, 'S', '前往協作 》', '2016-06-17 02:48:51'),
(876, 74, 'S', '前往【1-1 提出研究主題與題目】', '2016-06-17 02:48:52'),
(877, 74, 'S', '回覆討論', '2016-06-17 02:48:57'),
(878, 74, 'S', '最新通知', '2016-06-17 02:49:02'),
(879, 74, 'S', '最新通知', '2016-06-17 02:49:06'),
(880, 80, 'T', '教師指導手冊', '2016-06-17 07:17:07'),
(881, 73, 'T', '系統特色介紹', '2016-06-17 07:48:07'),
(882, 73, 'T', '專題指導', '2016-06-17 07:48:12'),
(883, 73, 'T', '專題管理', '2016-06-17 07:48:13'),
(884, 73, 'T', '教師日誌', '2016-06-17 07:48:16'),
(885, 81, 'T', '系統特色介紹', '2016-06-18 06:51:38'),
(886, 81, 'T', '專題管理', '2016-06-18 06:52:07'),
(887, 81, 'T', '教師日誌', '2016-06-18 06:52:11'),
(888, 81, 'T', '專題指導', '2016-06-18 06:52:18'),
(889, 81, 'T', '學生階段任務介紹', '2016-06-18 06:52:28'),
(890, 81, 'T', '專題管理', '2016-06-18 06:55:10'),
(891, 81, 'T', '教師日誌', '2016-06-18 06:55:12'),
(892, 81, 'T', '已結案專題', '2016-06-18 06:55:23'),
(893, 81, 'T', '學生階段任務介紹', '2016-06-18 06:55:41'),
(894, 81, 'T', '學生階段任務介紹', '2016-06-18 06:55:49'),
(895, 81, 'T', '專題探究學習系統介面導覽', '2016-06-18 06:56:05'),
(896, 81, 'T', '教師指導手冊', '2016-06-18 06:57:02'),
(897, 81, 'T', '教師日誌', '2016-06-18 07:45:10'),
(898, 81, 'T', '專題管理', '2016-06-18 07:45:18'),
(899, 81, 'T', '專題指導', '2016-06-18 07:45:23'),
(900, 81, 'T', '專題管理', '2016-06-18 07:45:25'),
(901, 81, 'T', '專題指導', '2016-06-18 07:45:27'),
(902, 81, 'T', '最新通知', '2016-06-18 07:45:37'),
(903, 81, 'T', '最新通知[more...]', '2016-06-18 07:45:41'),
(904, 81, 'T', '工具包', '2016-06-18 07:45:44'),
(905, 81, 'T', '建議與回報', '2016-06-18 07:45:51'),
(906, 81, 'T', '工具包', '2016-06-18 07:45:56'),
(907, 81, 'T', '觀摩專題作品', '2016-06-18 07:45:57'),
(908, 81, 'T', '工具包', '2016-06-18 07:46:00'),
(909, 81, 'T', '常用網站', '2016-06-18 07:46:02'),
(910, 81, 'T', '專題指導', '2016-06-18 07:47:27'),
(911, 81, 'T', '教師指導手冊', '2016-06-18 07:47:39'),
(912, 81, 'T', '系統特色介紹', '2016-06-18 07:48:20'),
(913, 73, 'T', '教師指導手冊', '2016-06-19 08:53:41'),
(914, 73, 'T', '專題探究學習系統介面導覽', '2016-06-19 08:59:59'),
(915, 73, 'T', '學生階段任務介紹', '2016-06-19 09:00:39'),
(916, 73, 'T', '個人區', '2016-06-19 09:00:47'),
(917, 0, 'T', '登出', '2016-06-19 09:00:52'),
(918, 73, 'T', '回覆學生問題', '2016-06-19 11:50:55'),
(919, 73, 'T', '專題指導', '2016-06-19 11:51:09'),
(920, 73, 'T', '專題指導', '2016-06-19 11:51:14'),
(921, 73, 'T', '最新通知', '2016-06-19 11:51:19'),
(922, 73, 'T', '最新通知[more...]', '2016-06-19 11:51:25'),
(923, 73, 'T', '專題管理', '2016-06-19 11:51:26'),
(924, 73, 'T', '參與小組討論', '2016-06-19 11:51:33'),
(925, 73, 'T', '新增討論串', '2016-06-19 11:51:40'),
(926, 73, 'T', '新增討論串', '2016-06-19 11:51:56'),
(927, 73, 'T', '現在位置', '2016-06-19 11:52:10'),
(928, 73, 'T', '教師日誌', '2016-06-19 11:52:10'),
(929, 73, 'T', '教師反思日誌', '2016-06-19 11:52:20'),
(930, 73, 'T', '專題管理', '2016-06-19 11:52:24'),
(931, 73, 'T', '小組任務編輯', '2016-06-19 11:52:34'),
(932, 73, 'T', '小組時間規劃', '2016-06-19 11:52:37'),
(933, 73, 'T', '已結案專題', '2016-06-19 11:52:41'),
(934, 73, 'T', '專題指導', '2016-06-19 11:52:42'),
(935, 74, 'S', '進入【測試小組】', '2016-06-19 11:55:45'),
(936, 74, 'S', '小組首頁', '2016-06-19 11:55:48'),
(937, 74, 'S', '小組協作空間', '2016-06-19 11:55:49'),
(938, 74, 'S', '日誌專區', '2016-06-19 11:55:52'),
(939, 74, 'T', '教師指導手冊', '2016-06-19 11:57:14'),
(940, 2, 'T', '最新通知', '2016-06-19 16:22:43'),
(941, 2, 'T', '最新通知', '2016-06-19 16:38:18'),
(942, 2, 'T', '已結案專題', '2016-06-19 16:38:18'),
(943, 2, 'T', '結案進度管理', '2016-06-19 16:42:31'),
(944, 2, 'T', '總學習評量', '2016-06-19 16:42:48'),
(945, 2, 'T', '已結案專題', '2016-06-19 16:43:58'),
(946, 2, 'T', '已結案專題', '2016-06-19 16:43:58'),
(947, 2, 'T', '教師日誌', '2016-06-19 16:58:19'),
(948, 2, 'T', '教師反思日誌', '2016-06-19 16:58:20'),
(949, 73, 'T', '專題指導', '2016-06-19 23:03:42'),
(950, 73, 'T', '專題管理', '2016-06-19 23:03:46'),
(951, 73, 'T', '教師指導手冊', '2016-06-19 23:03:50'),
(952, 73, 'T', '教師指導手冊', '2016-06-19 23:04:14'),
(953, 73, 'T', '專題指導', '2016-06-19 23:04:16'),
(954, 73, 'T', '專題管理', '2016-06-19 23:04:18'),
(955, 73, 'T', '新專案小組設定', '2016-06-19 23:04:21'),
(956, 73, 'T', '創立新專題小組', '2016-06-19 23:04:23'),
(957, 73, 'T', '專題管理', '2016-06-19 23:04:26'),
(958, 73, 'T', '現在位置', '2016-06-19 23:04:28'),
(959, 73, 'T', '工具包', '2016-06-19 23:04:32'),
(960, 73, 'T', '觀摩專題作品', '2016-06-19 23:04:34'),
(961, 73, 'T', '教師日誌', '2016-06-19 23:05:05'),
(962, 73, 'T', '專題管理', '2016-06-19 23:05:06'),
(963, 73, 'T', '個人區', '2016-06-19 23:05:12'),
(964, 73, 'T', '帳號管理', '2016-06-19 23:05:14'),
(965, 73, 'T', '專題探究學習系統LOGO', '2016-06-19 23:05:17'),
(966, 73, 'T', '發送廣播', '2016-06-19 23:05:19'),
(967, 73, 'T', '專題指導', '2016-06-19 23:05:25'),
(968, 73, 'T', '專題管理', '2016-06-19 23:05:27'),
(969, 73, 'T', '參與小組討論', '2016-06-19 23:05:31'),
(970, 73, 'T', '專題探究學習系統介面導覽', '2016-06-20 01:44:00'),
(971, 73, 'T', '專題探究學習系統介面導覽', '2016-06-20 01:44:06'),
(972, 73, 'T', '教師日誌', '2016-06-20 01:45:44'),
(973, 73, 'T', '教學指導日誌', '2016-06-20 01:45:46'),
(974, 73, 'T', '教師反思日誌', '2016-06-20 01:45:48'),
(975, 73, 'T', '已結案專題', '2016-06-20 01:45:52'),
(976, 73, 'T', '專題指導', '2016-06-20 01:45:54'),
(977, 73, 'T', '工具包', '2016-06-20 01:46:11'),
(978, 73, 'T', '常用網站', '2016-06-20 01:46:13'),
(979, 3, 'S', '進入【雜草電池】', '2016-06-21 09:10:08'),
(980, 3, 'S', '專題探究學習系統LOGO', '2016-06-21 12:34:00'),
(981, 3, 'S', '進入【雜草電池】', '2016-06-21 12:35:39'),
(982, 3, 'S', '工具包', '2016-06-21 12:36:05'),
(983, 3, 'S', '個人區', '2016-06-21 12:47:25'),
(984, 3, 'S', '小組協作空間', '2016-06-21 13:05:50'),
(985, 3, 'S', '前往【2-1 提出研究問題】', '2016-06-21 13:05:51'),
(986, 3, 'S', '專題探究學習系統LOGO', '2016-06-21 13:08:21'),
(987, 3, 'S', '進入【雜草電池】', '2016-06-21 13:08:24'),
(988, 3, 'S', '進入【雜草電池】', '2016-06-21 13:08:25'),
(989, 3, 'S', '工具包', '2016-06-21 13:08:27'),
(990, 3, 'S', '小組協作空間', '2016-06-21 13:08:29'),
(991, 73, 'T', '專題指導', '2016-06-22 00:32:26'),
(992, 73, 'T', '教師日誌', '2016-06-22 00:33:27'),
(993, 73, 'T', '專題管理', '2016-06-22 00:33:28'),
(994, 73, 'T', '專題指導', '2016-06-22 00:33:33'),
(995, 73, 'T', '學生階段任務介紹', '2016-06-22 00:33:44'),
(996, 73, 'T', '教師指導手冊', '2016-06-22 09:07:03'),
(997, 73, 'T', '教師指導手冊', '2016-06-22 09:40:38'),
(998, 73, 'T', '教師指導手冊', '2016-06-22 09:40:43'),
(999, 73, 'T', '教師指導手冊', '2016-06-22 09:41:21'),
(1000, 73, 'T', '教師指導手冊', '2016-06-22 09:41:46'),
(1001, 73, 'T', '專題指導', '2016-06-22 09:41:48'),
(1002, 73, 'T', '專題管理', '2016-06-22 09:41:54'),
(1003, 73, 'T', '教師指導手冊', '2016-06-22 09:47:12'),
(1004, 75, 'S', '創立新小組', '2016-06-23 10:21:01'),
(1005, 75, 'S', '進入【兔兔涵】(申請中)', '2016-06-23 10:22:09'),
(1006, 73, 'T', '系統特色介紹', '2016-06-23 11:43:29'),
(1007, 73, 'T', '專題指導', '2016-06-23 11:43:44'),
(1008, 73, 'T', '專題管理', '2016-06-23 11:43:48'),
(1009, 73, 'T', '教師日誌', '2016-06-23 11:43:58'),
(1010, 73, 'T', '最新通知', '2016-06-23 11:44:02'),
(1011, 73, 'T', '個人區', '2016-06-23 11:44:14'),
(1012, 73, 'T', '系統特色介紹', '2016-06-23 11:44:28'),
(1013, 82, 'T', '專題指導', '2016-06-23 13:59:31'),
(1014, 82, 'T', '最新通知', '2016-06-23 14:03:16'),
(1015, 82, 'T', '最新通知', '2016-06-23 14:03:18'),
(1016, 82, 'T', '專題管理', '2016-06-23 14:03:19'),
(1017, 82, 'T', '專題指導', '2016-06-23 14:03:22'),
(1018, 82, 'T', '發送廣播', '2016-06-23 14:03:27'),
(1019, 82, 'T', '教師指導手冊', '2016-06-23 14:03:35'),
(1020, 82, 'T', '教師指導手冊', '2016-06-23 14:03:43'),
(1021, 82, 'T', '教師日誌', '2016-06-23 14:03:45'),
(1022, 82, 'T', '已結案專題', '2016-06-23 14:03:49'),
(1023, 82, 'T', '專題探究學習系統LOGO', '2016-06-23 14:03:54'),
(1024, 82, 'T', '專題探究學習系統LOGO', '2016-06-23 14:03:56'),
(1025, 82, 'T', '最新通知', '2016-06-23 14:03:57'),
(1026, 82, 'T', '最新通知', '2016-06-23 14:04:01'),
(1027, 82, 'T', '歷史審核紀錄[more...]', '2016-06-23 14:04:03'),
(1028, 82, 'T', '工具包', '2016-06-23 14:04:07'),
(1029, 82, 'T', '觀摩專題作品', '2016-06-23 14:04:10'),
(1030, 82, 'T', '工具包', '2016-06-23 14:04:20'),
(1031, 82, 'T', '建議與回報', '2016-06-23 14:04:42'),
(1032, 82, 'T', '我要回報', '2016-06-23 14:04:53'),
(1033, 82, 'T', '工具包', '2016-06-23 14:05:01'),
(1034, 82, 'T', '常用網站', '2016-06-23 14:05:02'),
(1035, 82, 'T', '個人區', '2016-06-23 14:05:10'),
(1036, 82, 'T', '帳號管理', '2016-06-23 14:05:13'),
(1037, 82, 'T', '個人區', '2016-06-23 14:05:21'),
(1038, 82, 'T', '系統操作', '2016-06-23 14:05:24'),
(1039, 82, 'T', '問題集', '2016-06-23 14:05:33'),
(1040, 82, 'T', '個人區', '2016-06-23 14:05:36'),
(1041, 0, 'T', '登出', '2016-06-23 14:05:39'),
(1042, 73, 'T', '專題指導', '2016-06-23 14:44:38'),
(1043, 73, 'T', '專題管理', '2016-06-23 14:44:42'),
(1044, 73, 'T', '教師日誌', '2016-06-23 14:44:49'),
(1045, 73, 'T', '教師指導手冊', '2016-06-23 14:44:53'),
(1046, 73, 'T', '教師指導手冊', '2016-06-23 14:45:59'),
(1047, 73, 'T', '工具包', '2016-06-23 14:46:01'),
(1048, 73, 'T', '觀摩專題作品', '2016-06-23 14:46:03'),
(1049, 73, 'T', '工具包', '2016-06-23 14:46:10'),
(1050, 73, 'T', '建議與回報', '2016-06-23 14:46:11'),
(1051, 73, 'T', '工具包', '2016-06-23 14:46:14'),
(1052, 73, 'T', '常用網站', '2016-06-23 14:46:15'),
(1053, 73, 'T', '個人區', '2016-06-23 14:46:21'),
(1054, 73, 'T', '最新通知', '2016-06-23 14:46:24'),
(1055, 73, 'T', '教師指導手冊', '2016-06-23 14:46:29'),
(1056, 0, 'T', '登出', '2016-06-23 14:46:41'),
(1057, 74, 'S', '進入【測試小組】', '2016-06-28 10:51:48'),
(1058, 3, 'S', '小組首頁', '2016-06-28 10:52:13'),
(1059, 3, 'S', '小組首頁', '2016-06-28 10:52:13'),
(1060, 3, 'S', '專題探究學習系統LOGO', '2016-06-28 10:52:17'),
(1061, 3, 'S', '進入【天氣瓶】(申請中)', '2016-06-28 10:52:38'),
(1062, 3, 'S', '創立新小組', '2016-06-28 10:52:40'),
(1063, 3, 'S', '進入【雜草電池】', '2016-06-28 10:52:43'),
(1064, 3, 'S', '任務地圖', '2016-06-28 10:52:52'),
(1065, 3, 'S', '任務地圖', '2016-06-28 10:52:54'),
(1066, 3, 'S', '工具包', '2016-06-28 10:52:54'),
(1067, 3, 'S', '工具包', '2016-06-28 10:52:56'),
(1068, 3, 'S', '個人區', '2016-06-28 10:52:59'),
(1069, 3, 'S', '個人區', '2016-06-28 10:53:04'),
(1070, 3, 'S', '小組首頁', '2016-06-28 10:53:05'),
(1071, 3, 'S', '小組協作空間', '2016-06-28 10:53:06'),
(1072, 3, 'S', '小組首頁', '2016-06-28 10:53:08'),
(1073, 3, 'S', '小組協作空間', '2016-06-28 10:53:09'),
(1074, 3, 'S', '日誌專區', '2016-06-28 10:53:10'),
(1075, 3, 'S', '小組協作空間', '2016-06-28 10:53:13'),
(1076, 3, 'S', '前往【2-1 提出研究問題】', '2016-06-28 10:53:19'),
(1077, 3, 'S', '開啟活動指引', '2016-06-28 10:53:24'),
(1078, 3, 'S', '我知道了！', '2016-06-28 10:53:39'),
(1079, 3, 'S', '新增討論串', '2016-06-28 10:53:44'),
(1080, 3, 'S', '小組工作室', '2016-06-28 10:53:51'),
(1081, 3, 'S', '個人區', '2016-06-28 10:54:10'),
(1082, 3, 'S', '登出', '2016-06-28 10:54:13'),
(1083, 2, 'T', '個人區', '2016-06-28 10:54:23'),
(1084, 2, 'T', '專題管理', '2016-06-28 10:54:24'),
(1085, 2, 'T', '小組進度管理', '2016-06-28 10:54:26'),
(1086, 2, 'T', '將小組退回專題階段', '2016-06-28 10:54:27'),
(1087, 2, 'T', '個人區', '2016-06-28 10:54:36'),
(1088, 0, 'T', '登出', '2016-06-28 10:54:37'),
(1089, 3, 'S', '進入【雜草電池】', '2016-06-28 10:54:46'),
(1090, 3, 'S', '前往協作 》', '2016-06-28 10:54:48'),
(1091, 3, 'S', '小組首頁', '2016-06-28 10:54:50'),
(1092, 3, 'S', '小組協作空間', '2016-06-28 10:54:50'),
(1093, 3, 'S', '日誌專區', '2016-06-28 10:54:50'),
(1094, 3, 'S', '任務地圖', '2016-06-28 10:54:52'),
(1095, 3, 'S', '任務地圖', '2016-06-28 10:54:54'),
(1096, 3, 'S', '任務地圖', '2016-06-28 10:54:56'),
(1097, 3, 'S', '審核紀錄', '2016-06-28 10:54:58'),
(1098, 3, 'S', '工具包', '2016-06-28 10:55:01'),
(1099, 3, 'S', '任務地圖', '2016-06-28 10:55:02'),
(1100, 3, 'S', '小組協作空間', '2016-06-28 10:55:05');
INSERT INTO `log` (`l_id`, `u_id`, `identity`, `log`, `log_time`) VALUES
(1101, 3, 'S', '前往【1-1 提出研究主題與題目】', '2016-06-28 10:55:07'),
(1102, 3, 'S', '小組工作室', '2016-06-28 10:55:11'),
(1103, 3, 'S', '小組資料庫', '2016-06-28 10:55:12'),
(1104, 3, 'S', '小組工作室', '2016-06-28 10:55:13'),
(1105, 3, 'S', '專題探究學習系統介面導覽', '2016-06-28 11:28:41'),
(1106, 3, 'S', '進入【雜草電池】', '2016-06-28 11:29:01'),
(1107, 3, 'S', '任務地圖', '2016-06-28 11:29:08'),
(1108, 3, 'S', '審核紀錄', '2016-06-28 11:29:14'),
(1109, 3, 'S', '任務地圖', '2016-06-28 11:29:18'),
(1110, 3, 'S', '最新通知', '2016-06-28 11:29:24'),
(1111, 3, 'S', '最新通知', '2016-06-28 11:29:27'),
(1112, 3, 'S', '個人區', '2016-06-28 11:29:28'),
(1113, 3, 'S', '系統操作', '2016-06-28 11:29:30'),
(1114, 3, 'S', '個人區', '2016-06-28 11:29:35'),
(1115, 3, 'S', '工具包', '2016-06-28 11:29:36'),
(1116, 3, 'S', '工具包', '2016-06-28 11:29:42'),
(1117, 3, 'S', '前往求助', '2016-06-28 11:29:53'),
(1118, 3, 'S', '日誌專區', '2016-06-28 11:30:00'),
(1119, 3, 'S', '小組協作空間', '2016-06-28 11:30:05'),
(1120, 3, 'S', '前往【1-1 提出研究主題與題目】', '2016-06-28 11:30:10'),
(1121, 3, 'S', '開啟活動指引', '2016-06-28 11:30:13'),
(1122, 3, 'S', '我知道了！', '2016-06-28 11:32:48'),
(1123, 3, 'S', '小組協作空間', '2016-06-28 11:33:06'),
(1124, 3, 'S', '前往【1-1 提出研究主題與題目】', '2016-06-28 11:33:08'),
(1125, 3, 'S', '新增討論串', '2016-06-28 11:33:26'),
(1126, 3, 'S', '回覆討論', '2016-06-28 11:33:47'),
(1127, 3, 'S', '小組工作室', '2016-06-28 11:33:58'),
(1128, 3, 'S', '最新通知', '2016-06-28 11:34:54'),
(1129, 3, 'S', '最新通知', '2016-06-28 11:34:55'),
(1130, 3, 'S', '個人區', '2016-06-28 11:35:27'),
(1131, 0, 'S', '登出', '2016-06-28 11:35:29'),
(1132, 4, 'S', '進入【雜草電池】', '2016-06-28 11:35:38'),
(1133, 4, 'S', '小組協作空間', '2016-06-28 11:35:39'),
(1134, 4, 'S', '前往【1-1 提出研究主題與題目】', '2016-06-28 11:35:40'),
(1135, 4, 'S', '我知道了！', '2016-06-28 11:35:44'),
(1136, 4, 'S', '小組工作室', '2016-06-28 11:35:45'),
(1137, 4, 'S', '個人區', '2016-06-28 11:37:48'),
(1138, 4, 'S', '登出', '2016-06-28 11:37:49'),
(1139, 2, 'T', '教師指導手冊', '2016-06-28 11:39:08'),
(1140, 2, 'T', '教師指導手冊', '2016-06-28 11:39:21'),
(1141, 2, 'T', '最新通知', '2016-06-28 11:39:22'),
(1142, 2, 'T', '最新通知', '2016-06-28 11:39:24'),
(1143, 2, 'T', '詳情【1-1 提出研究主題與題目】', '2016-06-28 11:39:26'),
(1144, 2, 'T', '審核【1-1 提出研究主題與題目】', '2016-06-28 11:39:33'),
(1145, 2, 'T', '專題管理', '2016-06-28 11:40:05'),
(1146, 2, 'T', '新專案小組設定', '2016-06-28 11:40:10'),
(1147, 2, 'T', '小組任務編輯', '2016-06-28 11:41:20'),
(1148, 2, 'T', '任務開放程度設定', '2016-06-28 11:41:33'),
(1149, 2, 'T', '專題管理', '2016-06-28 11:41:55'),
(1150, 2, 'T', '教師日誌', '2016-06-28 11:41:56'),
(1151, 2, 'T', '專題管理', '2016-06-28 11:41:57'),
(1152, 2, 'T', '工具包', '2016-06-28 11:42:11'),
(1153, 2, 'T', '工具包', '2016-06-28 11:42:12'),
(1154, 2, 'T', '個人區', '2016-06-28 11:42:24'),
(1155, 2, 'T', '個人區', '2016-06-28 11:42:28'),
(1156, 2, 'T', '個人區', '2016-06-28 11:42:36'),
(1157, 0, 'T', '登出', '2016-06-28 11:42:37'),
(1158, 2, 'T', '學習評量與結案', '2016-07-04 08:24:30'),
(1159, 2, 'T', '專題管理', '2016-07-04 08:24:34'),
(1160, 2, 'T', '小組進度管理', '2016-07-04 08:24:38'),
(1161, 2, 'T', '將小組退回專題階段', '2016-07-04 08:24:41'),
(1162, 2, 'T', '將小組退回專題階段', '2016-07-04 08:25:49'),
(1163, 2, 'T', '小組進度管理', '2016-07-04 08:25:56'),
(1164, 2, 'T', '將小組退回專題階段', '2016-07-04 08:25:57'),
(1165, 2, 'T', '專題管理', '2016-07-04 08:26:18'),
(1166, 2, 'T', '參與小組討論', '2016-07-04 08:26:21'),
(1167, 2, 'T', '專題管理', '2016-07-04 08:26:23'),
(1168, 2, 'T', '小組進度管理', '2016-07-04 08:26:26'),
(1169, 2, 'T', '將小組退回專題階段', '2016-07-04 08:26:27'),
(1170, 2, 'T', '專題管理', '2016-07-04 08:26:30'),
(1171, 3, 'S', '專題探究學習系統介面導覽', '2016-07-04 08:48:46'),
(1172, 3, 'S', '進入【雜草電池】', '2016-07-04 08:49:04'),
(1173, 3, 'S', '小組協作空間', '2016-07-04 08:49:09'),
(1174, 3, 'S', '小組協作空間', '2016-07-04 08:49:11'),
(1175, 3, 'S', '日誌專區', '2016-07-04 08:49:12'),
(1176, 3, 'S', '小組首頁', '2016-07-04 08:49:39'),
(1177, 3, 'S', '任務地圖', '2016-07-04 08:49:57'),
(1178, 3, 'S', '審核紀錄', '2016-07-04 08:50:05'),
(1179, 3, 'S', '任務地圖', '2016-07-04 08:50:13'),
(1180, 3, 'S', '最新通知', '2016-07-04 08:50:19'),
(1181, 3, 'S', '最新通知', '2016-07-04 08:50:23'),
(1182, 3, 'S', '個人區', '2016-07-04 08:50:23'),
(1183, 3, 'S', '工具包', '2016-07-04 08:50:26'),
(1184, 3, 'S', '小組協作空間', '2016-07-04 08:50:30'),
(1185, 3, 'S', '前往【1-1 提出研究主題與題目】', '2016-07-04 08:50:34'),
(1186, 3, 'S', '我知道了！', '2016-07-04 08:50:59'),
(1187, 3, 'S', '新增討論串', '2016-07-04 08:51:04'),
(1188, 3, 'S', '回覆討論', '2016-07-04 08:51:26'),
(1189, 3, 'S', '小組工作室', '2016-07-04 08:51:41'),
(1190, 3, 'S', '個人區', '2016-07-04 08:52:05'),
(1191, 3, 'S', '登出', '2016-07-04 08:52:08'),
(1192, 4, 'S', '進入【雜草電池】', '2016-07-04 08:52:17'),
(1193, 4, 'S', '小組協作空間', '2016-07-04 08:52:18'),
(1194, 4, 'S', '日誌專區', '2016-07-04 08:52:24'),
(1195, 4, 'S', '小組協作空間', '2016-07-04 08:52:45'),
(1196, 4, 'S', '前往【1-1 提出研究主題與題目】', '2016-07-04 08:52:46'),
(1197, 4, 'S', '我知道了！', '2016-07-04 08:52:51'),
(1198, 4, 'S', '小組工作室', '2016-07-04 08:52:53'),
(1199, 4, 'S', '個人區', '2016-07-04 08:53:47'),
(1200, 4, 'S', '登出', '2016-07-04 08:53:50'),
(1201, 2, 'T', '詳情【1-1 提出研究主題與題目】', '2016-07-04 08:54:17'),
(1202, 2, 'T', '詳情【1-1 提出研究主題與題目】', '2016-07-04 08:54:18'),
(1203, 2, 'T', '審核【1-1 提出研究主題與題目】', '2016-07-04 08:54:24'),
(1204, 2, 'T', '專題管理', '2016-07-04 08:54:34'),
(1205, 2, 'T', '小組任務編輯', '2016-07-04 08:55:06'),
(1206, 2, 'T', '任務開放程度設定', '2016-07-04 08:55:22'),
(1207, 2, 'T', '教師日誌', '2016-07-04 08:55:50'),
(1208, 2, 'T', '已結案專題', '2016-07-04 08:55:53'),
(1209, 2, 'T', '專題指導', '2016-07-04 08:55:58'),
(1210, 2, 'T', '教師指導手冊', '2016-07-04 08:56:02'),
(1211, 2, 'T', '教師指導手冊', '2016-07-04 08:56:10'),
(1212, 73, 'T', '發送廣播', '2016-07-13 01:17:30'),
(1213, 73, 'T', '個人區', '2016-07-13 01:19:15'),
(1214, 74, 'S', '進入【測試小組】', '2016-07-13 01:20:45'),
(1215, 74, 'S', '小組協作空間', '2016-07-13 01:20:51'),
(1216, 74, 'S', '前往【1-1 提出研究主題與題目】', '2016-07-13 01:20:53'),
(1217, 74, 'S', '小組工作室', '2016-07-13 01:20:59'),
(1218, 74, 'S', '新增資料庫', '2016-07-13 01:21:11'),
(1219, 74, 'S', '討論區', '2016-07-13 01:22:03'),
(1220, 74, 'S', '小組工作室', '2016-07-13 01:22:05'),
(1221, 74, 'S', '個人區', '2016-07-13 01:22:06'),
(1222, 0, 'S', '登出', '2016-07-13 01:22:08'),
(1223, 3, 'S', '進入【雜草電池】', '2016-07-13 01:22:25'),
(1224, 3, 'S', '小組協作空間', '2016-07-13 01:22:33'),
(1225, 3, 'S', '前往【2-1 提出研究問題】', '2016-07-13 01:22:35'),
(1226, 0, 'T', '登出', '2016-07-13 01:23:24'),
(1227, 2, 'T', '專題管理', '2016-07-13 01:29:10'),
(1228, 2, 'T', '小組任務編輯', '2016-07-13 01:29:18'),
(1229, 2, 'T', '任務開放程度設定', '2016-07-13 01:29:21'),
(1230, 2, 'T', '專題管理', '2016-07-13 01:29:50'),
(1231, 2, 'T', '小組進度管理', '2016-07-13 01:29:55'),
(1232, 2, 'T', '小組階段成果', '2016-07-13 01:29:56'),
(1233, 2, 'T', '小組/個人日誌', '2016-07-13 01:30:01'),
(1234, 2, 'T', '將小組退回專題階段', '2016-07-13 01:30:05'),
(1235, 2, 'T', '專題管理', '2016-07-13 01:30:24'),
(1236, 2, 'T', '專題探究學習系統LOGO', '2016-07-13 01:30:29'),
(1237, 4, 'S', '專題探究學習系統LOGO', '2016-07-13 01:30:41'),
(1238, 4, 'S', '進入【雜草電池】', '2016-07-13 01:30:44'),
(1239, 4, 'S', '任務地圖', '2016-07-13 01:30:47'),
(1240, 4, 'S', '審核紀錄', '2016-07-13 01:30:49'),
(1241, 4, 'S', '任務地圖', '2016-07-13 01:30:52'),
(1242, 4, 'S', '小組協作空間', '2016-07-13 01:30:54'),
(1243, 4, 'S', '前往【1-1 提出研究主題與題目】', '2016-07-13 01:30:56'),
(1244, 4, 'S', '日誌專區', '2016-07-13 01:31:01'),
(1245, 4, 'S', '小組首頁', '2016-07-13 01:31:11'),
(1246, 2, 'T', '發送廣播', '2016-07-13 01:31:21'),
(1247, 4, 'S', '專題探究學習系統LOGO', '2016-07-13 07:07:19'),
(1248, 2, 'T', '系統特色介紹', '2016-07-13 07:08:44'),
(1249, 4, 'S', '個人區', '2016-07-13 07:24:45'),
(1250, 4, 'S', '系統操作', '2016-07-13 07:24:48'),
(1251, 4, 'S', '專題探究學習系統welcome', '2016-07-13 07:24:57'),
(1252, 4, 'S', '進入【雜草電池】', '2016-07-13 07:25:08'),
(1253, 4, 'S', '前往協作 》', '2016-07-13 07:25:37'),
(1254, 4, 'S', '前往【1-1 提出研究主題與題目】', '2016-07-13 07:25:43'),
(1255, 4, 'S', '我知道了！', '2016-07-13 07:26:01'),
(1256, 4, 'S', '新增討論串', '2016-07-13 07:26:06'),
(1257, 4, 'S', '註記星號', '2016-07-13 07:26:28'),
(1258, 4, 'S', '回覆討論', '2016-07-13 07:26:29'),
(1259, 4, 'S', '小組工作室', '2016-07-13 07:26:44'),
(1260, 2, 'T', '最新通知', '2016-07-13 07:29:31'),
(1261, 2, 'T', '最新通知', '2016-07-13 07:29:33'),
(1262, 2, 'T', '詳情【1-1 提出研究主題與題目】', '2016-07-13 07:29:34'),
(1263, 2, 'T', '審核【1-1 提出研究主題與題目】', '2016-07-13 07:29:41'),
(1264, 2, 'T', '審核【4-2 撰寫研究結論】', '2016-07-13 07:29:55'),
(1265, 2, 'T', '專題管理', '2016-07-13 07:31:30'),
(1266, 2, 'T', '參與小組討論', '2016-07-13 07:33:42'),
(1267, 2, 'T', '回覆討論', '2016-07-13 07:33:50'),
(1268, 2, 'T', '回覆討論', '2016-07-13 07:34:00'),
(1269, 2, 'T', '專題管理', '2016-07-13 07:34:17'),
(1270, 2, 'T', '小組進度管理', '2016-07-13 07:34:28'),
(1271, 2, 'T', '小組/個人日誌', '2016-07-13 07:34:32'),
(1272, 2, 'T', '專題管理', '2016-07-13 07:34:37'),
(1273, 2, 'T', '小組任務編輯', '2016-07-13 07:34:40'),
(1274, 2, 'T', '小組時間規劃', '2016-07-13 07:34:43'),
(1275, 2, 'T', '任務開放程度設定', '2016-07-13 07:35:13'),
(1276, 2, 'T', '現在位置', '2016-07-13 07:36:05'),
(1277, 2, 'T', '任務開放程度設定', '2016-07-13 07:36:06'),
(1278, 2, 'T', '專題管理', '2016-07-13 07:36:16'),
(1279, 2, 'T', '學習評量與結案', '2016-07-13 07:36:19'),
(1280, 2, 'T', '學習成果評量', '2016-07-13 07:36:23'),
(1281, 2, 'T', '現在位置', '2016-07-13 07:36:34'),
(1282, 2, 'T', '現在位置', '2016-07-13 07:36:36'),
(1283, 2, 'T', 'My Notes', '2016-07-13 07:36:39'),
(1284, 2, 'T', '教師指導手冊', '2016-07-13 07:36:53'),
(1285, 2, 'T', '教師指導手冊', '2016-07-13 07:37:17'),
(1286, 2, 'T', '工具包', '2016-07-13 07:37:20'),
(1287, 2, 'T', '觀摩專題作品', '2016-07-13 07:37:27'),
(1288, 2, 'T', '工具包', '2016-07-13 07:37:41'),
(1289, 2, 'T', '觀摩專題作品', '2016-07-13 07:37:42'),
(1290, 2, 'T', '工具包', '2016-07-13 07:37:47'),
(1291, 2, 'T', '觀摩專題作品', '2016-07-13 07:38:04'),
(1292, 2, 'T', '教師日誌', '2016-07-13 07:38:13'),
(1293, 2, 'T', '已結案專題', '2016-07-13 07:39:00'),
(1294, 2, 'T', 'My Notes', '2016-07-13 07:39:08'),
(1295, 4, 'S', '任務地圖', '2016-07-13 07:39:15'),
(1296, 4, 'S', '任務地圖', '2016-07-13 07:39:19'),
(1297, 4, 'S', '專題探究學習系統LOGO', '2016-07-13 07:39:29'),
(1298, 4, 'S', '進入【雜草電池】', '2016-07-13 07:39:31'),
(1299, 4, 'S', '任務地圖', '2016-07-13 07:39:36'),
(1300, 4, 'S', '審核紀錄', '2016-07-13 07:39:39'),
(1301, 4, 'S', '任務地圖', '2016-07-13 07:39:46'),
(1302, 4, 'S', '前往協作 》', '2016-07-13 07:39:49'),
(1303, 4, 'S', '前往【2-1 提出研究問題】', '2016-07-13 07:39:50'),
(1304, 4, 'S', '小組工作室', '2016-07-13 07:39:53'),
(1305, 4, 'S', '專題探究學習系統LOGO', '2016-07-13 07:54:00'),
(1306, 4, 'S', '創立新小組', '2016-07-13 07:54:03'),
(1307, 4, 'S', '進入【雜草電池】', '2016-07-13 08:06:53'),
(1308, 4, 'S', '小組協作空間', '2016-07-13 08:06:55'),
(1309, 4, 'S', '前往【2-1 提出研究問題】', '2016-07-13 08:06:56'),
(1310, 4, 'S', '開啟活動指引', '2016-07-13 08:06:58'),
(1311, 2, 'T', '教師指導手冊', '2016-07-13 08:07:16'),
(1312, 2, 'T', '教師指導手冊', '2016-07-13 08:09:35'),
(1313, 2, 'T', '教師日誌', '2016-07-13 08:09:36'),
(1314, 2, 'T', '工具包', '2016-07-25 03:38:07'),
(1315, 2, 'T', '工具包', '2016-07-25 04:04:25'),
(1316, 2, 'T', '觀摩專題作品', '2016-07-25 04:04:26'),
(1317, 2, 'T', '專題管理', '2016-07-25 04:22:11'),
(1318, 3, 'S', '進入【雜草電池】', '2016-07-25 09:18:36'),
(1319, 3, 'S', '小組協作空間', '2016-07-25 09:18:38'),
(1320, 3, 'S', '前往【2-1 提出研究問題】', '2016-07-25 09:18:39'),
(1321, 3, 'S', '我知道了！', '2016-07-25 09:18:43'),
(1322, 3, 'S', '回覆討論', '2016-07-25 09:18:46'),
(1323, 3, 'S', '個人區', '2016-07-26 04:47:05'),
(1324, 3, 'S', '登出', '2016-07-26 04:47:06'),
(1325, 2, 'T', '詳情【4-2 撰寫研究結論】', '2016-07-26 04:47:15'),
(1326, 2, 'T', '詳情【4-2 撰寫研究結論】', '2016-07-26 04:52:28'),
(1327, 2, 'T', '詳情【4-2 撰寫研究結論】', '2016-07-26 04:53:25'),
(1328, 2, 'T', '詳情【4-2 撰寫研究結論】', '2016-07-26 04:54:01'),
(1329, 2, 'T', '詳情【4-2 撰寫研究結論】', '2016-07-26 04:54:15'),
(1330, 2, 'T', '詳情【4-2 撰寫研究結論】', '2016-07-26 04:54:15'),
(1331, 2, 'T', '詳情【4-2 撰寫研究結論】', '2016-07-26 04:54:25'),
(1332, 2, 'T', '詳情【4-2 撰寫研究結論】', '2016-07-26 04:54:27'),
(1333, 2, 'T', '詳情【4-2 撰寫研究結論】', '2016-07-26 04:54:27'),
(1334, 2, 'T', '詳情【4-2 撰寫研究結論】', '2016-07-26 04:54:29'),
(1335, 2, 'T', '詳情【4-2 撰寫研究結論】', '2016-07-26 04:54:42'),
(1336, 2, 'T', '詳情【4-2 撰寫研究結論】', '2016-07-26 04:55:19'),
(1337, 2, 'T', '專題管理', '2016-07-27 04:03:02'),
(1338, 2, 'T', '小組進度管理', '2016-07-27 04:03:45'),
(1339, 2, 'T', '專題探究學習系統LOGO', '2016-07-27 05:23:56'),
(1340, 2, 'T', '審核【4-2 撰寫研究結論】', '2016-07-27 05:23:57'),
(1341, 2, 'T', '詳情【4-2 撰寫研究結論】', '2016-07-27 05:24:00'),
(1342, 2, 'T', '詳情【4-2 撰寫研究結論】', '2016-07-27 06:54:01'),
(1343, 2, 'T', '工具包', '2016-07-27 07:25:54'),
(1344, 2, 'T', '觀摩專題作品', '2016-07-27 07:25:55'),
(1345, 2, 'T', '專題探究學習系統LOGO', '2016-07-28 07:09:35'),
(1346, 2, 'T', '專題探究學習系統LOGO', '2016-07-28 07:09:38'),
(1347, 2, 'T', '個人區', '2016-07-28 07:16:16'),
(1348, 2, 'T', '工具包', '2016-07-29 04:34:40'),
(1349, 2, 'T', '最新通知', '2016-07-29 04:41:28'),
(1350, 2, 'T', '最新通知', '2016-07-29 04:41:31'),
(1351, 2, 'T', '專題管理', '2016-07-29 04:46:20'),
(1352, 2, 'T', '教師日誌', '2016-07-29 04:48:27'),
(1353, 2, 'T', '專題指導', '2016-07-29 04:49:05'),
(1354, 2, 'T', '個人區', '2016-07-29 04:49:10'),
(1355, 2, 'T', '登出', '2016-07-29 04:49:12'),
(1356, 3, 'S', '進入【雜草電池】', '2016-07-29 04:52:42'),
(1357, 3, 'S', '工具包', '2016-07-29 04:54:05'),
(1358, 3, 'S', '工具包', '2016-07-29 04:54:05'),
(1359, 3, 'S', '個人區', '2016-07-29 04:55:12'),
(1360, 3, 'S', '工具包', '2016-07-29 04:55:44'),
(1361, 3, 'S', '小組協作空間', '2016-07-29 04:57:07'),
(1362, 3, 'S', '前往【2-1 提出研究問題】', '2016-07-29 04:58:18'),
(1363, 3, 'S', '小組工作室', '2016-07-29 04:59:27'),
(1364, 3, 'S', '小組工作室', '2016-07-29 04:59:29'),
(1365, 3, 'S', '個人區', '2016-09-05 11:49:35'),
(1366, 0, 'S', '登出', '2016-09-05 11:49:37'),
(1367, 2, 'T', '個人區', '2016-09-05 11:51:02'),
(1368, 0, 'T', '登出', '2016-09-05 11:51:03'),
(1369, 3, 'S', '進入【蟻隻獨秀】(完成)', '2016-09-12 14:44:21'),
(1370, 3, 'S', '進入【雜草電池】', '2016-09-12 14:44:21'),
(1371, 3, 'S', '任務地圖', '2016-09-12 14:44:25'),
(1372, 3, 'S', '任務地圖', '2016-09-12 14:44:27'),
(1373, 3, 'S', '工具包', '2016-09-12 14:44:27'),
(1374, 3, 'S', '工具包', '2016-09-12 14:44:28'),
(1375, 3, 'S', '最新通知', '2016-09-12 14:44:29'),
(1376, 3, 'S', '最新通知', '2016-09-12 14:44:31'),
(1377, 3, 'S', '最新通知', '2016-09-12 14:44:32'),
(1378, 3, 'S', '最新通知', '2016-09-12 14:44:32'),
(1379, 3, 'S', '個人區', '2016-09-12 14:44:38'),
(1380, 3, 'S', '登出', '2016-09-12 14:44:39');

-- --------------------------------------------------------

--
-- 資料表結構 `news`
--

CREATE TABLE `news` (
  `n_id` int(11) NOT NULL COMMENT '最新消息ID',
  `u_id` int(11) NOT NULL COMMENT '接收者ID',
  `type` int(2) NOT NULL COMMENT '消息類型 老師 0：系統通知 1：學生求助 2：階段審核 3：指導日誌 學生 0：系統通知 1：求助回覆 2：審核通知 3：學習日誌 管理員 0：老師求助 1：學生求助',
  `title` varchar(100) NOT NULL COMMENT '消息主題',
  `page_url` varchar(100) NOT NULL COMMENT '頁面連結URL',
  `news_read` tinyint(1) NOT NULL DEFAULT '1' COMMENT '最新消息 0：已閱讀 1：未閱讀',
  `news_time` timestamp NOT NULL DEFAULT CURRENT_TIMESTAMP COMMENT '發佈時間'
) ENGINE=InnoDB DEFAULT CHARSET=utf8;

--
-- 資料表的匯出資料 `news`
--

INSERT INTO `news` (`n_id`, `u_id`, `type`, `title`, `page_url`, `news_read`, `news_time`) VALUES
(1, 2, 0, '蟻隻獨秀：小組提出了申請，希望您可以擔任指導老師，趕快進入專題管理查看吧！', '/co.in/science/teacher/nav_project.php', 0, '2016-05-26 13:02:10'),
(2, 3, 0, '蟻隻獨秀：老師已經同意成為專題指導老師！可以開始新的專題任務囉！GO！', '/co.in/science/student/entrance.php', 0, '2016-05-26 13:04:48'),
(3, 4, 0, '蟻隻獨秀：老師已經同意成為專題指導老師！可以開始新的專題任務囉！GO！', '/co.in/science/student/entrance.php', 0, '2016-05-26 13:04:48'),
(4, 5, 0, '蟻隻獨秀：老師已經同意成為專題指導老師！可以開始新的專題任務囉！GO！', '/co.in/science/student/entrance.php', 0, '2016-05-26 13:04:48'),
(5, 2, 2, '蟻隻獨秀：小組完成了1-1階段，趕快進入任務審核觀看小組的成果吧！', '/co.in/science/teacher/nav_project.php', 0, '2016-05-27 07:41:46'),
(6, 3, 2, '蟻隻獨秀：老師已經審核完1-1階段，趕快去看看老師給了什麼評論吧！', '/co.in/science/student/nav_project.php', 0, '2016-05-27 07:47:59'),
(7, 4, 2, '蟻隻獨秀：老師已經審核完1-1階段，趕快去看看老師給了什麼評論吧！', '/co.in/science/student/nav_project.php', 0, '2016-05-27 07:47:59'),
(8, 5, 2, '蟻隻獨秀：老師已經審核完1-1階段，趕快去看看老師給了什麼評論吧！', '/co.in/science/student/nav_project.php', 0, '2016-05-27 07:47:59'),
(9, 2, 2, '蟻隻獨秀：小組完成了1-1階段，趕快進入任務審核觀看小組的成果吧！', '/co.in/science/teacher/', 0, '2016-05-27 08:20:46'),
(10, 3, 3, '蟻隻獨秀：到個人日誌裡紀錄一下自己的學習狀況吧，組長別忘了紀錄小組每次的討論唷！', '/co.in/science/student/nav_diary.php', 0, '2016-05-27 08:20:46'),
(11, 4, 3, '蟻隻獨秀：到個人日誌裡紀錄一下自己的學習狀況吧，組長別忘了紀錄小組每次的討論唷！', '/co.in/science/student/nav_diary.php', 0, '2016-05-27 08:20:46'),
(12, 5, 3, '蟻隻獨秀：到個人日誌裡紀錄一下自己的學習狀況吧，組長別忘了紀錄小組每次的討論唷！', '/co.in/science/student/nav_diary.php', 0, '2016-05-27 08:20:46'),
(13, 3, 2, '蟻隻獨秀：恭喜！老師已經審核完1-1階段，趕快進入下一個階段繼續進行吧！', '/co.in/science/student/nav_project.php', 0, '2016-05-27 08:53:29'),
(14, 4, 2, '蟻隻獨秀：恭喜！老師已經審核完1-1階段，趕快進入下一個階段繼續進行吧！', '/co.in/science/student/nav_project.php', 0, '2016-05-27 08:53:29'),
(15, 5, 2, '蟻隻獨秀：恭喜！老師已經審核完1-1階段，趕快進入下一個階段繼續進行吧！', '/co.in/science/student/nav_project.php', 0, '2016-05-27 08:53:29'),
(16, 2, 2, '蟻隻獨秀：小組完成了2-1階段，趕快進入任務審核觀看小組的成果吧！', '/co.in/science/teacher/nav_project.php', 0, '2016-05-27 12:24:20'),
(17, 3, 3, '蟻隻獨秀：到個人日誌裡紀錄一下自己的學習狀況吧，組長別忘了紀錄小組每次的討論唷！', '/co.in/science/student/nav_diary.php', 0, '2016-05-27 12:24:20'),
(18, 4, 3, '蟻隻獨秀：到個人日誌裡紀錄一下自己的學習狀況吧，組長別忘了紀錄小組每次的討論唷！', '/co.in/science/student/nav_diary.php', 0, '2016-05-27 12:24:20'),
(19, 5, 3, '蟻隻獨秀：到個人日誌裡紀錄一下自己的學習狀況吧，組長別忘了紀錄小組每次的討論唷！', '/co.in/science/student/nav_diary.php', 0, '2016-05-27 12:24:20'),
(20, 3, 2, '蟻隻獨秀：恭喜！老師已經審核通過2-1階段，趕快進入下一個階段繼續進行吧！', '/co.in/science/student/nav_project.php', 0, '2016-05-27 13:33:54'),
(21, 4, 2, '蟻隻獨秀：恭喜！老師已經審核通過2-1階段，趕快進入下一個階段繼續進行吧！', '/co.in/science/student/nav_project.php', 0, '2016-05-27 13:33:54'),
(22, 5, 2, '蟻隻獨秀：恭喜！老師已經審核通過2-1階段，趕快進入下一個階段繼續進行吧！', '/co.in/science/student/nav_project.php', 0, '2016-05-27 13:33:54'),
(23, 2, 2, '蟻隻獨秀：小組完成了2-2階段，趕快進入任務審核觀看小組的成果吧！', '/co.in/science/teacher/', 0, '2016-05-27 15:23:05'),
(24, 3, 3, '蟻隻獨秀：到個人日誌裡紀錄一下自己的學習狀況吧，組長別忘了紀錄小組每次的討論唷！', '/co.in/science/student/nav_diary.php', 0, '2016-05-27 15:23:05'),
(25, 4, 3, '蟻隻獨秀：到個人日誌裡紀錄一下自己的學習狀況吧，組長別忘了紀錄小組每次的討論唷！', '/co.in/science/student/nav_diary.php', 0, '2016-05-27 15:23:05'),
(26, 5, 3, '蟻隻獨秀：到個人日誌裡紀錄一下自己的學習狀況吧，組長別忘了紀錄小組每次的討論唷！', '/co.in/science/student/nav_diary.php', 0, '2016-05-27 15:23:05'),
(27, 3, 2, '蟻隻獨秀：恭喜！老師已經審核通過2-2階段，趕快進入下一個階段繼續進行吧！', '/co.in/science/student/nav_project.php', 0, '2016-05-27 17:37:25'),
(28, 4, 2, '蟻隻獨秀：恭喜！老師已經審核通過2-2階段，趕快進入下一個階段繼續進行吧！', '/co.in/science/student/nav_project.php', 0, '2016-05-27 17:37:25'),
(29, 5, 2, '蟻隻獨秀：恭喜！老師已經審核通過2-2階段，趕快進入下一個階段繼續進行吧！', '/co.in/science/student/nav_project.php', 0, '2016-05-27 17:37:25'),
(30, 2, 2, '蟻隻獨秀：小組完成了2-3階段，趕快進入任務審核觀看小組的成果吧！', '/co.in/science/teacher/', 0, '2016-05-27 18:02:37'),
(31, 3, 3, '蟻隻獨秀：到個人日誌裡紀錄一下自己的學習狀況吧，組長別忘了紀錄小組每次的討論唷！', '/co.in/science/student/nav_diary.php', 0, '2016-05-27 18:02:37'),
(32, 4, 3, '蟻隻獨秀：到個人日誌裡紀錄一下自己的學習狀況吧，組長別忘了紀錄小組每次的討論唷！', '/co.in/science/student/nav_diary.php', 0, '2016-05-27 18:02:37'),
(33, 5, 3, '蟻隻獨秀：到個人日誌裡紀錄一下自己的學習狀況吧，組長別忘了紀錄小組每次的討論唷！', '/co.in/science/student/nav_diary.php', 1, '2016-05-27 18:02:37'),
(34, 3, 2, '蟻隻獨秀：恭喜！老師已經審核通過2-3階段，趕快進入下一個階段繼續進行吧！', '/co.in/science/student/nav_project.php', 0, '2016-05-27 18:26:30'),
(35, 4, 2, '蟻隻獨秀：恭喜！老師已經審核通過2-3階段，趕快進入下一個階段繼續進行吧！', '/co.in/science/student/nav_project.php', 0, '2016-05-27 18:26:30'),
(36, 5, 2, '蟻隻獨秀：恭喜！老師已經審核通過2-3階段，趕快進入下一個階段繼續進行吧！', '/co.in/science/student/nav_project.php', 1, '2016-05-27 18:26:30'),
(37, 2, 2, '蟻隻獨秀：小組完成了2-4(1)的嘗試性實驗，趕快進入任務審核觀看小組的成果吧！', '/co.in/science/teacher/nav_project.php', 0, '2016-05-27 19:14:12'),
(38, 2, 2, '蟻隻獨秀：小組完成了2-4(2)的嘗試性實驗，趕快進入任務審核觀看小組的成果吧！', '/co.in/science/teacher/nav_project.php', 0, '2016-05-27 19:14:47'),
(39, 2, 2, '蟻隻獨秀：小組完成了2-4(3)的嘗試性實驗，趕快進入任務審核觀看小組的成果吧！', '/co.in/science/teacher/nav_project.php', 0, '2016-05-27 19:15:13'),
(40, 3, 2, '蟻隻獨秀：恭喜！老師已經審核通過2-4(1)階段，趕快進入下一個階段繼續進行吧！', '/co.in/science/student/nav_project.php', 0, '2016-05-27 20:00:34'),
(41, 4, 2, '蟻隻獨秀：恭喜！老師已經審核通過2-4(1)階段，趕快進入下一個階段繼續進行吧！', '/co.in/science/student/nav_project.php', 0, '2016-05-27 20:00:34'),
(42, 5, 2, '蟻隻獨秀：恭喜！老師已經審核通過2-4(1)階段，趕快進入下一個階段繼續進行吧！', '/co.in/science/student/nav_project.php', 1, '2016-05-27 20:00:34'),
(43, 3, 2, '蟻隻獨秀：喔歐...老師已經審核完2-4(2)階段，可是好像有點不滿意，趕快去看看老師給了什麼建議吧？！', '/co.in/science/student/nav_project.php', 0, '2016-05-27 20:06:33'),
(44, 4, 2, '蟻隻獨秀：喔歐...老師已經審核完2-4(2)階段，可是好像有點不滿意，趕快去看看老師給了什麼建議吧？！', '/co.in/science/student/nav_project.php', 0, '2016-05-27 20:06:33'),
(45, 5, 2, '蟻隻獨秀：喔歐...老師已經審核完2-4(2)階段，可是好像有點不滿意，趕快去看看老師給了什麼建議吧？！', '/co.in/science/student/nav_project.php', 1, '2016-05-27 20:06:33'),
(46, 3, 2, '蟻隻獨秀：喔歐...老師已經審核完2-4(3)階段，可是好像有點不滿意，趕快去看看老師給了什麼建議吧？！', '/co.in/science/student/nav_project.php', 0, '2016-05-27 20:06:48'),
(47, 4, 2, '蟻隻獨秀：喔歐...老師已經審核完2-4(3)階段，可是好像有點不滿意，趕快去看看老師給了什麼建議吧？！', '/co.in/science/student/nav_project.php', 0, '2016-05-27 20:06:48'),
(48, 5, 2, '蟻隻獨秀：喔歐...老師已經審核完2-4(3)階段，可是好像有點不滿意，趕快去看看老師給了什麼建議吧？！', '/co.in/science/student/nav_project.php', 1, '2016-05-27 20:06:48'),
(49, 2, 2, '蟻隻獨秀：小組完成了2-4(2)的嘗試性實驗，趕快進入任務審核觀看小組的成果吧！', '/co.in/science/teacher/nav_project.php', 0, '2016-05-27 20:23:21'),
(50, 2, 2, '蟻隻獨秀：小組完成了2-4(3)的嘗試性實驗，趕快進入任務審核觀看小組的成果吧！', '/co.in/science/teacher/nav_project.php', 0, '2016-05-27 20:23:48'),
(51, 3, 2, '蟻隻獨秀：恭喜！老師已經審核通過2-4(2)階段，趕快進入下一個階段繼續進行吧！', '/co.in/science/student/nav_project.php', 0, '2016-05-27 20:30:22'),
(52, 4, 2, '蟻隻獨秀：恭喜！老師已經審核通過2-4(2)階段，趕快進入下一個階段繼續進行吧！', '/co.in/science/student/nav_project.php', 0, '2016-05-27 20:30:22'),
(53, 5, 2, '蟻隻獨秀：恭喜！老師已經審核通過2-4(2)階段，趕快進入下一個階段繼續進行吧！', '/co.in/science/student/nav_project.php', 1, '2016-05-27 20:30:22'),
(54, 3, 2, '蟻隻獨秀：恭喜！老師已經審核通過2-4(3)階段，趕快進入下一個階段繼續進行吧！', '/co.in/science/student/nav_project.php', 0, '2016-05-27 20:30:26'),
(55, 4, 2, '蟻隻獨秀：恭喜！老師已經審核通過2-4(3)階段，趕快進入下一個階段繼續進行吧！', '/co.in/science/student/nav_project.php', 0, '2016-05-27 20:30:26'),
(56, 5, 2, '蟻隻獨秀：恭喜！老師已經審核通過2-4(3)階段，趕快進入下一個階段繼續進行吧！', '/co.in/science/student/nav_project.php', 1, '2016-05-27 20:30:26'),
(57, 2, 2, '蟻隻獨秀：小組完成了2-4階段，趕快進入任務審核觀看小組的成果吧！', '/co.in/science/teacher/', 0, '2016-05-27 20:37:08'),
(58, 3, 3, '蟻隻獨秀：到個人日誌裡紀錄一下自己的學習狀況吧，組長別忘了紀錄小組每次的討論唷！', '/co.in/science/student/nav_diary.php', 0, '2016-05-27 20:37:08'),
(59, 4, 3, '蟻隻獨秀：到個人日誌裡紀錄一下自己的學習狀況吧，組長別忘了紀錄小組每次的討論唷！', '/co.in/science/student/nav_diary.php', 0, '2016-05-27 20:37:08'),
(60, 5, 3, '蟻隻獨秀：到個人日誌裡紀錄一下自己的學習狀況吧，組長別忘了紀錄小組每次的討論唷！', '/co.in/science/student/nav_diary.php', 1, '2016-05-27 20:37:08'),
(61, 3, 2, '蟻隻獨秀：恭喜！老師已經審核通過2-4階段，趕快進入下一個階段繼續進行吧！', '/co.in/science/student/nav_project.php', 0, '2016-05-28 12:47:45'),
(62, 4, 2, '蟻隻獨秀：恭喜！老師已經審核通過2-4階段，趕快進入下一個階段繼續進行吧！', '/co.in/science/student/nav_project.php', 0, '2016-05-28 12:47:45'),
(63, 5, 2, '蟻隻獨秀：恭喜！老師已經審核通過2-4階段，趕快進入下一個階段繼續進行吧！', '/co.in/science/student/nav_project.php', 1, '2016-05-28 12:47:45'),
(64, 2, 2, '蟻隻獨秀：小組完成了3-1階段，趕快進入任務審核觀看小組的成果吧！', '/co.in/science/teacher/', 0, '2016-05-28 13:05:47'),
(65, 3, 3, '蟻隻獨秀：到個人日誌裡紀錄一下自己的學習狀況吧，組長別忘了紀錄小組每次的討論唷！', '/co.in/science/student/nav_diary.php', 0, '2016-05-28 13:05:47'),
(66, 4, 3, '蟻隻獨秀：到個人日誌裡紀錄一下自己的學習狀況吧，組長別忘了紀錄小組每次的討論唷！', '/co.in/science/student/nav_diary.php', 0, '2016-05-28 13:05:47'),
(67, 5, 3, '蟻隻獨秀：到個人日誌裡紀錄一下自己的學習狀況吧，組長別忘了紀錄小組每次的討論唷！', '/co.in/science/student/nav_diary.php', 1, '2016-05-28 13:05:47'),
(68, 3, 2, '蟻隻獨秀：恭喜！老師已經審核通過3-1階段，趕快進入下一個階段繼續進行吧！', '/co.in/science/student/nav_project.php', 0, '2016-05-30 02:42:17'),
(69, 4, 2, '蟻隻獨秀：恭喜！老師已經審核通過3-1階段，趕快進入下一個階段繼續進行吧！', '/co.in/science/student/nav_project.php', 0, '2016-05-30 02:42:17'),
(70, 5, 2, '蟻隻獨秀：恭喜！老師已經審核通過3-1階段，趕快進入下一個階段繼續進行吧！', '/co.in/science/student/nav_project.php', 1, '2016-05-30 02:42:17'),
(71, 2, 2, '蟻隻獨秀：小組完成了3-2階段，趕快進入任務審核觀看小組的成果吧！', '/co.in/science/teacher/', 0, '2016-05-30 02:45:57'),
(72, 3, 3, '蟻隻獨秀：到個人日誌裡紀錄一下自己的學習狀況吧，組長別忘了紀錄小組每次的討論唷！', '/co.in/science/student/nav_diary.php', 0, '2016-05-30 02:45:57'),
(73, 4, 3, '蟻隻獨秀：到個人日誌裡紀錄一下自己的學習狀況吧，組長別忘了紀錄小組每次的討論唷！', '/co.in/science/student/nav_diary.php', 0, '2016-05-30 02:45:57'),
(74, 5, 3, '蟻隻獨秀：到個人日誌裡紀錄一下自己的學習狀況吧，組長別忘了紀錄小組每次的討論唷！', '/co.in/science/student/nav_diary.php', 1, '2016-05-30 02:45:57'),
(75, 3, 2, '蟻隻獨秀：恭喜！老師已經審核通過3-2階段，趕快進入下一個階段繼續進行吧！', '/co.in/science/student/nav_project.php', 0, '2016-05-30 02:49:54'),
(76, 4, 2, '蟻隻獨秀：恭喜！老師已經審核通過3-2階段，趕快進入下一個階段繼續進行吧！', '/co.in/science/student/nav_project.php', 0, '2016-05-30 02:49:54'),
(77, 5, 2, '蟻隻獨秀：恭喜！老師已經審核通過3-2階段，趕快進入下一個階段繼續進行吧！', '/co.in/science/student/nav_project.php', 1, '2016-05-30 02:49:54'),
(78, 2, 2, '蟻隻獨秀：小組完成了3-3階段，趕快進入任務審核觀看小組的成果吧！', '/co.in/science/teacher/', 0, '2016-05-30 03:10:13'),
(79, 3, 3, '蟻隻獨秀：到個人日誌裡紀錄一下自己的學習狀況吧，組長別忘了紀錄小組每次的討論唷！', '/co.in/science/student/nav_diary.php', 0, '2016-05-30 03:10:13'),
(80, 4, 3, '蟻隻獨秀：到個人日誌裡紀錄一下自己的學習狀況吧，組長別忘了紀錄小組每次的討論唷！', '/co.in/science/student/nav_diary.php', 0, '2016-05-30 03:10:13'),
(81, 5, 3, '蟻隻獨秀：到個人日誌裡紀錄一下自己的學習狀況吧，組長別忘了紀錄小組每次的討論唷！', '/co.in/science/student/nav_diary.php', 1, '2016-05-30 03:10:13'),
(82, 3, 2, '蟻隻獨秀：恭喜！老師已經審核通過3-3階段，趕快進入下一個階段繼續進行吧！', '/co.in/science/student/nav_project.php', 0, '2016-05-30 03:16:00'),
(83, 4, 2, '蟻隻獨秀：恭喜！老師已經審核通過3-3階段，趕快進入下一個階段繼續進行吧！', '/co.in/science/student/nav_project.php', 0, '2016-05-30 03:16:00'),
(84, 5, 2, '蟻隻獨秀：恭喜！老師已經審核通過3-3階段，趕快進入下一個階段繼續進行吧！', '/co.in/science/student/nav_project.php', 1, '2016-05-30 03:16:00'),
(85, 2, 2, '蟻隻獨秀：小組完成了4-1階段，趕快進入任務審核觀看小組的成果吧！', '/co.in/science/teacher/', 0, '2016-05-30 03:36:40'),
(86, 3, 3, '蟻隻獨秀：到個人日誌裡紀錄一下自己的學習狀況吧，組長別忘了紀錄小組每次的討論唷！', '/co.in/science/student/nav_diary.php', 0, '2016-05-30 03:36:40'),
(87, 4, 3, '蟻隻獨秀：到個人日誌裡紀錄一下自己的學習狀況吧，組長別忘了紀錄小組每次的討論唷！', '/co.in/science/student/nav_diary.php', 0, '2016-05-30 03:36:40'),
(88, 5, 3, '蟻隻獨秀：到個人日誌裡紀錄一下自己的學習狀況吧，組長別忘了紀錄小組每次的討論唷！', '/co.in/science/student/nav_diary.php', 1, '2016-05-30 03:36:41'),
(89, 3, 2, '蟻隻獨秀：恭喜！老師已經審核通過4-1階段，趕快進入下一個階段繼續進行吧！', '/co.in/science/student/nav_project.php', 0, '2016-05-30 03:38:19'),
(90, 4, 2, '蟻隻獨秀：恭喜！老師已經審核通過4-1階段，趕快進入下一個階段繼續進行吧！', '/co.in/science/student/nav_project.php', 0, '2016-05-30 03:38:19'),
(91, 5, 2, '蟻隻獨秀：恭喜！老師已經審核通過4-1階段，趕快進入下一個階段繼續進行吧！', '/co.in/science/student/nav_project.php', 1, '2016-05-30 03:38:19'),
(92, 2, 0, '雜草電池：小組提出了申請，希望您可以擔任指導老師，趕快進入專題管理查看吧！', '/co.in/science/teacher/nav_project.php', 0, '2016-05-30 07:05:54'),
(93, 4, 0, '雜草電池：老師已經同意成為專題指導老師！可以開始新的專題任務囉！GO！', '/co.in/science/student/entrance.php', 0, '2016-05-30 07:06:42'),
(94, 3, 0, '雜草電池：老師已經同意成為專題指導老師！可以開始新的專題任務囉！GO！', '/co.in/science/student/entrance.php', 0, '2016-05-30 07:06:42'),
(95, 5, 0, '雜草電池：老師已經同意成為專題指導老師！可以開始新的專題任務囉！GO！', '/co.in/science/student/entrance.php', 1, '2016-05-30 07:06:42'),
(96, 68, 0, '雜草電池：老師已經同意成為專題指導老師！可以開始新的專題任務囉！GO！', '/co.in/science/student/entrance.php', 1, '2016-05-30 07:06:42'),
(97, 2, 2, '蟻隻獨秀：小組完成了4-2階段，趕快進入任務審核觀看小組的成果吧！', '/co.in/science/teacher/', 0, '2016-05-30 08:04:50'),
(98, 3, 3, '蟻隻獨秀：到個人日誌裡紀錄一下自己的學習狀況吧，組長別忘了紀錄小組每次的討論唷！', '/co.in/science/student/nav_diary.php', 0, '2016-05-30 08:04:50'),
(99, 4, 3, '蟻隻獨秀：到個人日誌裡紀錄一下自己的學習狀況吧，組長別忘了紀錄小組每次的討論唷！', '/co.in/science/student/nav_diary.php', 0, '2016-05-30 08:04:50'),
(100, 5, 3, '蟻隻獨秀：到個人日誌裡紀錄一下自己的學習狀況吧，組長別忘了紀錄小組每次的討論唷！', '/co.in/science/student/nav_diary.php', 1, '2016-05-30 08:04:51'),
(101, 3, 2, '蟻隻獨秀：恭喜！老師已經審核通過4-2階段，趕快進入下一個階段繼續進行吧！', '/co.in/science/student/nav_project.php', 0, '2016-05-30 08:28:19'),
(102, 4, 2, '蟻隻獨秀：恭喜！老師已經審核通過4-2階段，趕快進入下一個階段繼續進行吧！', '/co.in/science/student/nav_project.php', 0, '2016-05-30 08:28:19'),
(103, 5, 2, '蟻隻獨秀：恭喜！老師已經審核通過4-2階段，趕快進入下一個階段繼續進行吧！', '/co.in/science/student/nav_project.php', 1, '2016-05-30 08:28:19'),
(104, 2, 2, '蟻隻獨秀：小組完成了5-1階段，趕快進入任務審核觀看小組的成果吧！', '/co.in/science/teacher/', 0, '2016-05-30 08:29:49'),
(105, 3, 3, '蟻隻獨秀：到個人日誌裡紀錄一下自己的學習狀況吧，組長別忘了紀錄小組每次的討論唷！', '/co.in/science/student/nav_diary.php', 0, '2016-05-30 08:29:49'),
(106, 4, 3, '蟻隻獨秀：到個人日誌裡紀錄一下自己的學習狀況吧，組長別忘了紀錄小組每次的討論唷！', '/co.in/science/student/nav_diary.php', 0, '2016-05-30 08:29:49'),
(107, 5, 3, '蟻隻獨秀：到個人日誌裡紀錄一下自己的學習狀況吧，組長別忘了紀錄小組每次的討論唷！', '/co.in/science/student/nav_diary.php', 1, '2016-05-30 08:29:49'),
(108, 3, 2, '蟻隻獨秀：恭喜！老師已經審核通過5-1階段，趕快進入下一個階段繼續進行吧！', '/co.in/science/student/nav_project.php', 0, '2016-05-30 08:30:24'),
(109, 4, 2, '蟻隻獨秀：恭喜！老師已經審核通過5-1階段，趕快進入下一個階段繼續進行吧！', '/co.in/science/student/nav_project.php', 0, '2016-05-30 08:30:24'),
(110, 5, 2, '蟻隻獨秀：恭喜！老師已經審核通過5-1階段，趕快進入下一個階段繼續進行吧！', '/co.in/science/student/nav_project.php', 1, '2016-05-30 08:30:24'),
(111, 2, 2, '蟻隻獨秀：小組完成了5-2階段，趕快進入任務審核觀看小組的成果吧！', '/co.in/science/teacher/', 0, '2016-05-30 08:40:55'),
(112, 3, 3, '蟻隻獨秀：到個人日誌裡紀錄一下自己的學習狀況吧，組長別忘了紀錄小組每次的討論唷！', '/co.in/science/student/nav_diary.php', 0, '2016-05-30 08:40:55'),
(113, 4, 3, '蟻隻獨秀：到個人日誌裡紀錄一下自己的學習狀況吧，組長別忘了紀錄小組每次的討論唷！', '/co.in/science/student/nav_diary.php', 0, '2016-05-30 08:40:55'),
(114, 5, 3, '蟻隻獨秀：到個人日誌裡紀錄一下自己的學習狀況吧，組長別忘了紀錄小組每次的討論唷！', '/co.in/science/student/nav_diary.php', 1, '2016-05-30 08:40:55'),
(115, 3, 2, '蟻隻獨秀：恭喜！老師已經審核通過5-2階段，趕快進入下一個階段繼續進行吧！', '/co.in/science/student/nav_project.php', 0, '2016-05-30 08:41:27'),
(116, 4, 2, '蟻隻獨秀：恭喜！老師已經審核通過5-2階段，趕快進入下一個階段繼續進行吧！', '/co.in/science/student/nav_project.php', 0, '2016-05-30 08:41:28'),
(117, 5, 2, '蟻隻獨秀：恭喜！老師已經審核通過5-2階段，趕快進入下一個階段繼續進行吧！', '/co.in/science/student/nav_project.php', 1, '2016-05-30 08:41:28'),
(118, 2, 2, '蟻隻獨秀：小組完成了5-3階段，趕快進入任務審核觀看小組的成果吧！', '/co.in/science/teacher/', 0, '2016-05-30 08:46:19'),
(119, 3, 3, '蟻隻獨秀：到個人日誌裡紀錄一下自己的學習狀況吧，組長別忘了紀錄小組每次的討論唷！', '/co.in/science/student/nav_diary.php', 0, '2016-05-30 08:46:19'),
(120, 4, 3, '蟻隻獨秀：到個人日誌裡紀錄一下自己的學習狀況吧，組長別忘了紀錄小組每次的討論唷！', '/co.in/science/student/nav_diary.php', 0, '2016-05-30 08:46:19'),
(121, 5, 3, '蟻隻獨秀：到個人日誌裡紀錄一下自己的學習狀況吧，組長別忘了紀錄小組每次的討論唷！', '/co.in/science/student/nav_diary.php', 1, '2016-05-30 08:46:19'),
(122, 3, 2, '蟻隻獨秀：恭喜！老師已經審核通過5-3階段，趕快進入下一個階段繼續進行吧！', '/co.in/science/student/nav_project.php', 0, '2016-05-30 08:46:47'),
(123, 4, 2, '蟻隻獨秀：恭喜！老師已經審核通過5-3階段，趕快進入下一個階段繼續進行吧！', '/co.in/science/student/nav_project.php', 0, '2016-05-30 08:46:47'),
(124, 5, 2, '蟻隻獨秀：恭喜！老師已經審核通過5-3階段，趕快進入下一個階段繼續進行吧！', '/co.in/science/student/nav_project.php', 1, '2016-05-30 08:46:47'),
(125, 3, 2, '蟻隻獨秀：恭喜！老師已經審核通過5-3階段，趕快進入下一個階段繼續進行吧！', '/co.in/science/student/nav_project.php', 0, '2016-05-30 09:28:02'),
(126, 4, 2, '蟻隻獨秀：恭喜！老師已經審核通過5-3階段，趕快進入下一個階段繼續進行吧！', '/co.in/science/student/nav_project.php', 0, '2016-05-30 09:28:02'),
(127, 5, 2, '蟻隻獨秀：恭喜！老師已經審核通過5-3階段，趕快進入下一個階段繼續進行吧！', '/co.in/science/student/nav_project.php', 1, '2016-05-30 09:28:02'),
(128, 3, 2, '蟻隻獨秀：恭喜！老師已經審核通過5-3階段，趕快進入下一個階段繼續進行吧！', '/co.in/science/student/nav_project.php', 0, '2016-05-30 09:44:18'),
(129, 4, 2, '蟻隻獨秀：恭喜！老師已經審核通過5-3階段，趕快進入下一個階段繼續進行吧！', '/co.in/science/student/nav_project.php', 0, '2016-05-30 09:44:18'),
(130, 5, 2, '蟻隻獨秀：恭喜！老師已經審核通過5-3階段，趕快進入下一個階段繼續進行吧！', '/co.in/science/student/nav_project.php', 1, '2016-05-30 09:44:18'),
(131, 3, 2, '蟻隻獨秀：恭喜！老師已經審核通過5-3階段，趕快進入下一個階段繼續進行吧！', '/co.in/science/student/nav_project.php', 0, '2016-05-31 08:13:12'),
(132, 4, 2, '蟻隻獨秀：恭喜！老師已經審核通過5-3階段，趕快進入下一個階段繼續進行吧！', '/co.in/science/student/nav_project.php', 0, '2016-05-31 08:13:12'),
(133, 5, 2, '蟻隻獨秀：恭喜！老師已經審核通過5-3階段，趕快進入下一個階段繼續進行吧！', '/co.in/science/student/nav_project.php', 1, '2016-05-31 08:13:12'),
(134, 3, 2, '蟻隻獨秀：恭喜！老師已經審核通過5-3階段，趕快進入下一個階段繼續進行吧！', '/co.in/science/student/nav_project.php', 0, '2016-05-31 08:13:21'),
(135, 4, 2, '蟻隻獨秀：恭喜！老師已經審核通過5-3階段，趕快進入下一個階段繼續進行吧！', '/co.in/science/student/nav_project.php', 0, '2016-05-31 08:13:21'),
(136, 5, 2, '蟻隻獨秀：恭喜！老師已經審核通過5-3階段，趕快進入下一個階段繼續進行吧！', '/co.in/science/student/nav_project.php', 1, '2016-05-31 08:13:21'),
(137, 3, 2, '蟻隻獨秀：恭喜！老師已經審核通過5-3階段，趕快進入下一個階段繼續進行吧！', '/co.in/science/student/nav_project.php', 0, '2016-05-31 08:14:31'),
(138, 4, 2, '蟻隻獨秀：恭喜！老師已經審核通過5-3階段，趕快進入下一個階段繼續進行吧！', '/co.in/science/student/nav_project.php', 0, '2016-05-31 08:14:31'),
(139, 5, 2, '蟻隻獨秀：恭喜！老師已經審核通過5-3階段，趕快進入下一個階段繼續進行吧！', '/co.in/science/student/nav_project.php', 1, '2016-05-31 08:14:31'),
(140, 3, 2, '蟻隻獨秀：恭喜！老師已經審核通過5-3階段，趕快進入下一個階段繼續進行吧！', '/co.in/science/student/nav_project.php', 0, '2016-05-31 08:15:48'),
(141, 4, 2, '蟻隻獨秀：恭喜！老師已經審核通過5-3階段，趕快進入下一個階段繼續進行吧！', '/co.in/science/student/nav_project.php', 0, '2016-05-31 08:15:48'),
(142, 5, 2, '蟻隻獨秀：恭喜！老師已經審核通過5-3階段，趕快進入下一個階段繼續進行吧！', '/co.in/science/student/nav_project.php', 1, '2016-05-31 08:15:48'),
(143, 3, 2, '蟻隻獨秀：恭喜！老師已經審核通過5-3階段，趕快進入下一個階段繼續進行吧！', '/co.in/science/student/nav_project.php', 0, '2016-05-31 08:16:38'),
(144, 4, 2, '蟻隻獨秀：恭喜！老師已經審核通過5-3階段，趕快進入下一個階段繼續進行吧！', '/co.in/science/student/nav_project.php', 0, '2016-05-31 08:16:38'),
(145, 5, 2, '蟻隻獨秀：恭喜！老師已經審核通過5-3階段，趕快進入下一個階段繼續進行吧！', '/co.in/science/student/nav_project.php', 1, '2016-05-31 08:16:39'),
(146, 3, 2, '蟻隻獨秀：恭喜！老師已經審核通過5-3階段，趕快進入下一個階段繼續進行吧！', '/co.in/science/student/nav_project.php', 0, '2016-05-31 08:17:50'),
(147, 4, 2, '蟻隻獨秀：恭喜！老師已經審核通過5-3階段，趕快進入下一個階段繼續進行吧！', '/co.in/science/student/nav_project.php', 0, '2016-05-31 08:17:50'),
(148, 5, 2, '蟻隻獨秀：恭喜！老師已經審核通過5-3階段，趕快進入下一個階段繼續進行吧！', '/co.in/science/student/nav_project.php', 1, '2016-05-31 08:17:50'),
(149, 3, 2, '蟻隻獨秀：恭喜！老師已經審核通過5-3階段，趕快進入下一個階段繼續進行吧！', '/co.in/science/student/nav_project.php', 0, '2016-05-31 08:18:35'),
(150, 4, 2, '蟻隻獨秀：恭喜！老師已經審核通過5-3階段，趕快進入下一個階段繼續進行吧！', '/co.in/science/student/nav_project.php', 0, '2016-05-31 08:18:35'),
(151, 5, 2, '蟻隻獨秀：恭喜！老師已經審核通過5-3階段，趕快進入下一個階段繼續進行吧！', '/co.in/science/student/nav_project.php', 1, '2016-05-31 08:18:35'),
(152, 3, 2, '蟻隻獨秀：恭喜！老師已經審核通過5-3階段，趕快進入下一個階段繼續進行吧！', '/co.in/science/student/nav_project.php', 0, '2016-05-31 08:20:27'),
(153, 4, 2, '蟻隻獨秀：恭喜！老師已經審核通過5-3階段，趕快進入下一個階段繼續進行吧！', '/co.in/science/student/nav_project.php', 0, '2016-05-31 08:20:27'),
(154, 5, 2, '蟻隻獨秀：恭喜！老師已經審核通過5-3階段，趕快進入下一個階段繼續進行吧！', '/co.in/science/student/nav_project.php', 1, '2016-05-31 08:20:27'),
(155, 3, 2, '蟻隻獨秀：恭喜！老師已經審核通過5-3階段，趕快進入下一個階段繼續進行吧！', '/co.in/science/student/nav_project.php', 0, '2016-05-31 08:21:07'),
(156, 4, 2, '蟻隻獨秀：恭喜！老師已經審核通過5-3階段，趕快進入下一個階段繼續進行吧！', '/co.in/science/student/nav_project.php', 0, '2016-05-31 08:21:07'),
(157, 5, 2, '蟻隻獨秀：恭喜！老師已經審核通過5-3階段，趕快進入下一個階段繼續進行吧！', '/co.in/science/student/nav_project.php', 1, '2016-05-31 08:21:07'),
(158, 3, 2, '蟻隻獨秀：恭喜！老師已經審核通過5-3階段，趕快進入下一個階段繼續進行吧！', '/co.in/science/student/nav_project.php', 0, '2016-05-31 08:21:43'),
(159, 4, 2, '蟻隻獨秀：恭喜！老師已經審核通過5-3階段，趕快進入下一個階段繼續進行吧！', '/co.in/science/student/nav_project.php', 0, '2016-05-31 08:21:43'),
(160, 5, 2, '蟻隻獨秀：恭喜！老師已經審核通過5-3階段，趕快進入下一個階段繼續進行吧！', '/co.in/science/student/nav_project.php', 1, '2016-05-31 08:21:43'),
(161, 3, 2, '蟻隻獨秀：恭喜！老師已經審核通過5-3階段，趕快進入下一個階段繼續進行吧！', '/co.in/science/student/nav_project.php', 0, '2016-05-31 08:22:36'),
(162, 4, 2, '蟻隻獨秀：恭喜！老師已經審核通過5-3階段，趕快進入下一個階段繼續進行吧！', '/co.in/science/student/nav_project.php', 0, '2016-05-31 08:22:36'),
(163, 5, 2, '蟻隻獨秀：恭喜！老師已經審核通過5-3階段，趕快進入下一個階段繼續進行吧！', '/co.in/science/student/nav_project.php', 1, '2016-05-31 08:22:36'),
(164, 3, 2, '蟻隻獨秀：恭喜！老師已經審核通過5-3階段，趕快進入下一個階段繼續進行吧！', '/co.in/science/student/nav_project.php', 0, '2016-05-31 08:24:38'),
(165, 4, 2, '蟻隻獨秀：恭喜！老師已經審核通過5-3階段，趕快進入下一個階段繼續進行吧！', '/co.in/science/student/nav_project.php', 0, '2016-05-31 08:24:38'),
(166, 5, 2, '蟻隻獨秀：恭喜！老師已經審核通過5-3階段，趕快進入下一個階段繼續進行吧！', '/co.in/science/student/nav_project.php', 1, '2016-05-31 08:24:38'),
(167, 3, 2, '蟻隻獨秀：恭喜！老師已經審核通過5-3階段，趕快進入下一個階段繼續進行吧！', '/co.in/science/student/nav_project.php', 0, '2016-05-31 08:35:36'),
(168, 4, 2, '蟻隻獨秀：恭喜！老師已經審核通過5-3階段，趕快進入下一個階段繼續進行吧！', '/co.in/science/student/nav_project.php', 0, '2016-05-31 08:35:36'),
(169, 5, 2, '蟻隻獨秀：恭喜！老師已經審核通過5-3階段，趕快進入下一個階段繼續進行吧！', '/co.in/science/student/nav_project.php', 1, '2016-05-31 08:35:36'),
(170, 3, 2, '蟻隻獨秀：恭喜！老師已經審核通過5-3階段，趕快進入下一個階段繼續進行吧！', '/co.in/science/student/nav_project.php', 0, '2016-05-31 09:19:11'),
(171, 4, 2, '蟻隻獨秀：恭喜！老師已經審核通過5-3階段，趕快進入下一個階段繼續進行吧！', '/co.in/science/student/nav_project.php', 0, '2016-05-31 09:19:11'),
(172, 5, 2, '蟻隻獨秀：恭喜！老師已經審核通過5-3階段，趕快進入下一個階段繼續進行吧！', '/co.in/science/student/nav_project.php', 1, '2016-05-31 09:19:11'),
(173, 2, 2, '蟻隻獨秀：小組完成了5-4階段，趕快進入任務審核觀看小組的成果吧！', '/co.in/science/teacher/', 0, '2016-05-31 09:21:39'),
(174, 3, 3, '蟻隻獨秀：到個人日誌裡紀錄一下自己的學習狀況吧，組長別忘了紀錄小組每次的討論唷！', '/co.in/science/student/nav_diary.php', 0, '2016-05-31 09:21:39'),
(175, 4, 3, '蟻隻獨秀：到個人日誌裡紀錄一下自己的學習狀況吧，組長別忘了紀錄小組每次的討論唷！', '/co.in/science/student/nav_diary.php', 0, '2016-05-31 09:21:39'),
(176, 5, 3, '蟻隻獨秀：到個人日誌裡紀錄一下自己的學習狀況吧，組長別忘了紀錄小組每次的討論唷！', '/co.in/science/student/nav_diary.php', 1, '2016-05-31 09:21:39'),
(177, 3, 2, '蟻隻獨秀：恭喜！老師已經審核通過5-4階段，趕快進入下一個階段繼續進行吧！', '/co.in/science/student/nav_project.php', 0, '2016-05-31 09:22:56'),
(178, 4, 2, '蟻隻獨秀：恭喜！老師已經審核通過5-4階段，趕快進入下一個階段繼續進行吧！', '/co.in/science/student/nav_project.php', 0, '2016-05-31 09:22:56'),
(179, 5, 2, '蟻隻獨秀：恭喜！老師已經審核通過5-4階段，趕快進入下一個階段繼續進行吧！', '/co.in/science/student/nav_project.php', 1, '2016-05-31 09:22:56'),
(180, 3, 2, '蟻隻獨秀：恭喜！老師已經審核通過5-4階段，趕快進入下一個階段繼續進行吧！', '/co.in/science/student/nav_project.php', 0, '2016-05-31 09:50:16'),
(181, 4, 2, '蟻隻獨秀：恭喜！老師已經審核通過5-4階段，趕快進入下一個階段繼續進行吧！', '/co.in/science/student/nav_project.php', 0, '2016-05-31 09:50:16'),
(182, 5, 2, '蟻隻獨秀：恭喜！老師已經審核通過5-4階段，趕快進入下一個階段繼續進行吧！', '/co.in/science/student/nav_project.php', 1, '2016-05-31 09:50:16'),
(183, 3, 0, '蟻隻獨秀：老師已結束此專案囉！恭喜你們已完成了所有任務！^_^', '/co.in/science/student/entrance.php', 0, '2016-06-03 08:00:01'),
(184, 4, 0, '蟻隻獨秀：老師已結束此專案囉！恭喜你們已完成了所有任務！^_^', '/co.in/science/student/entrance.php', 1, '2016-06-03 08:00:01'),
(185, 5, 0, '蟻隻獨秀：老師已結束此專案囉！恭喜你們已完成了所有任務！^_^', '/co.in/science/student/entrance.php', 1, '2016-06-03 08:00:01'),
(186, 20, 0, '好討厭的感覺阿：小組提出了申請，希望您可以擔任指導老師，趕快進入專題管理查看吧！', '/co.in/science/teacher/nav_project.php', 0, '2016-06-04 15:15:26'),
(187, 21, 0, '好討厭的感覺阿：老師已經同意成為專題指導老師！可以開始新的專題任務囉！GO！', '/co.in/science/student/entrance.php', 0, '2016-06-04 15:17:05'),
(188, 22, 0, '好討厭的感覺阿：老師已經同意成為專題指導老師！可以開始新的專題任務囉！GO！', '/co.in/science/student/entrance.php', 1, '2016-06-04 15:17:05'),
(189, 20, 2, '好討厭的感覺阿：小組完成了1-1階段，趕快進入任務審核觀看小組的成果吧！', '/co.in/science/teacher/', 0, '2016-06-05 14:46:48'),
(190, 21, 3, '好討厭的感覺阿：到個人日誌裡紀錄一下自己的學習狀況吧，組長別忘了紀錄小組每次的討論唷！', '/co.in/science/student/nav_diary.php', 0, '2016-06-05 14:46:48'),
(191, 22, 3, '好討厭的感覺阿：到個人日誌裡紀錄一下自己的學習狀況吧，組長別忘了紀錄小組每次的討論唷！', '/co.in/science/student/nav_diary.php', 1, '2016-06-05 14:46:48'),
(192, 21, 2, '好討厭的感覺阿：恭喜！老師已經審核通過1-1階段，趕快進入下一個階段繼續進行吧！', '/co.in/science/student/nav_project.php', 0, '2016-06-05 14:55:08'),
(193, 22, 2, '好討厭的感覺阿：恭喜！老師已經審核通過1-1階段，趕快進入下一個階段繼續進行吧！', '/co.in/science/student/nav_project.php', 1, '2016-06-05 14:55:08'),
(194, 4, 0, '雜草電池：老師已經同意成為專題指導老師！可以開始新的專題任務囉！GO！', '/co.in/science/student/entrance.php', 1, '2016-06-05 17:26:24'),
(195, 3, 0, '雜草電池：老師已經同意成為專題指導老師！可以開始新的專題任務囉！GO！', '/co.in/science/student/entrance.php', 0, '2016-06-05 17:26:24'),
(196, 5, 0, '雜草電池：老師已經同意成為專題指導老師！可以開始新的專題任務囉！GO！', '/co.in/science/student/entrance.php', 1, '2016-06-05 17:26:24'),
(197, 20, 0, '213：小組提出了申請，希望您可以擔任指導老師，趕快進入專題管理查看吧！', '/co.in/science/teacher/nav_project.php', 0, '2016-06-06 03:11:40'),
(198, 21, 0, '213：老師已經同意成為專題指導老師！可以開始新的專題任務囉！GO！', '/co.in/science/student/entrance.php', 0, '2016-06-06 03:12:35'),
(199, 22, 0, '213：老師已經同意成為專題指導老師！可以開始新的專題任務囉！GO！', '/co.in/science/student/entrance.php', 1, '2016-06-06 03:12:35'),
(200, 73, 0, '老師 您好，歡迎您加入專題探究學習系統！！', '/co.in/science/teacher/', 0, '2016-06-07 07:14:17'),
(201, 74, 0, '學生一 您好，歡迎您加入專題探究學習系統！！', '/co.in/science/student/entrance.php', 0, '2016-06-07 07:35:05'),
(202, 73, 0, '測試小組：小組提出了申請，希望您可以擔任指導老師，趕快進入專題管理查看吧！', '/co.in/science/teacher/nav_project.php', 0, '2016-06-07 07:40:32'),
(203, 74, 0, '測試小組：老師已經同意成為專題指導老師！可以開始新的專題任務囉！GO！', '/co.in/science/student/entrance.php', 0, '2016-06-07 07:41:04'),
(204, 75, 0, '測試小組：老師已經同意成為專題指導老師！可以開始新的專題任務囉！GO！', '/co.in/science/student/entrance.php', 1, '2016-06-07 07:41:04'),
(205, 76, 0, '陳家騏 您好，歡迎您加入專題探究學習系統！！', '/co.in/science/teacher/', 0, '2016-06-08 00:34:21'),
(206, 77, 0, '徐春蘭 您好，歡迎您加入專題探究學習系統！！', '/co.in/science/teacher/', 0, '2016-06-10 10:53:48'),
(207, 3, 0, '蟻隻獨秀：老師已結束此專案囉！恭喜你們已完成了所有任務！^_^', '/co.in/science/student/entrance.php', 0, '2016-06-10 18:59:52'),
(208, 4, 0, '蟻隻獨秀：老師已結束此專案囉！恭喜你們已完成了所有任務！^_^', '/co.in/science/student/entrance.php', 1, '2016-06-10 18:59:52'),
(209, 5, 0, '蟻隻獨秀：老師已結束此專案囉！恭喜你們已完成了所有任務！^_^', '/co.in/science/student/entrance.php', 1, '2016-06-10 18:59:52'),
(210, 6, 0, '天氣瓶：小組提出了申請，希望您可以擔任指導老師，趕快進入專題管理查看吧！', '/co.in/science/teacher/nav_project.php', 1, '2016-06-10 19:12:34'),
(211, 2, 2, '雜草電池：小組完成了1-1階段，趕快進入任務審核觀看小組的成果吧！', '/co.in/science/teacher/', 0, '2016-06-14 14:46:56'),
(212, 4, 3, '雜草電池：到個人日誌裡紀錄一下自己的學習狀況吧，組長別忘了紀錄小組每次的討論唷！', '/co.in/science/student/nav_diary.php', 1, '2016-06-14 14:46:56'),
(213, 3, 3, '雜草電池：到個人日誌裡紀錄一下自己的學習狀況吧，組長別忘了紀錄小組每次的討論唷！', '/co.in/science/student/nav_diary.php', 0, '2016-06-14 14:46:56'),
(214, 5, 3, '雜草電池：到個人日誌裡紀錄一下自己的學習狀況吧，組長別忘了紀錄小組每次的討論唷！', '/co.in/science/student/nav_diary.php', 1, '2016-06-14 14:46:56'),
(215, 4, 2, '雜草電池：恭喜！老師已經審核通過1-1階段，趕快進入下一個階段繼續進行吧！', '/co.in/science/student/nav_project.php', 1, '2016-06-14 15:24:18'),
(216, 3, 2, '雜草電池：恭喜！老師已經審核通過1-1階段，趕快進入下一個階段繼續進行吧！', '/co.in/science/student/nav_project.php', 0, '2016-06-14 15:24:18'),
(217, 5, 2, '雜草電池：恭喜！老師已經審核通過1-1階段，趕快進入下一個階段繼續進行吧！', '/co.in/science/student/nav_project.php', 1, '2016-06-14 15:24:18'),
(218, 78, 0, '許慧英 您好，歡迎您加入專題探究學習系統！！', '/co.in/science/teacher/', 0, '2016-06-15 06:32:27'),
(219, 79, 0, '吳妙芳 您好，歡迎您加入專題探究學習系統！！', '/co.in/science/teacher/', 0, '2016-06-15 08:22:48'),
(220, 73, 0, 'test：小組提出了申請，希望您可以擔任指導老師，趕快進入專題管理查看吧！', '/co.in/science/teacher/nav_project.php', 0, '2016-06-15 09:19:58'),
(221, 74, 0, 'test：老師已經同意成為專題指導老師！可以開始新的專題任務囉！GO！', '/co.in/science/student/entrance.php', 0, '2016-06-15 09:21:14'),
(222, 80, 0, '盛老師 您好，歡迎您加入專題探究學習系統！！', '/co.in/science/teacher/', 1, '2016-06-15 10:12:41'),
(223, 3, 0, '蟻隻獨秀：老師已結束此專案囉！恭喜你們已完成了所有任務！^_^', '/co.in/science/student/entrance.php', 0, '2016-06-16 05:31:04'),
(224, 4, 0, '蟻隻獨秀：老師已結束此專案囉！恭喜你們已完成了所有任務！^_^', '/co.in/science/student/entrance.php', 1, '2016-06-16 05:31:04'),
(225, 5, 0, '蟻隻獨秀：老師已結束此專案囉！恭喜你們已完成了所有任務！^_^', '/co.in/science/student/entrance.php', 1, '2016-06-16 05:31:04'),
(226, 81, 0, '陳淑苾 您好，歡迎您加入專題探究學習系統！！', '/co.in/science/teacher/', 0, '2016-06-18 06:50:27'),
(227, 73, 0, '兔兔涵：小組提出了申請，希望您可以擔任指導老師，趕快進入專題管理查看吧！', '/co.in/science/teacher/nav_project.php', 0, '2016-06-23 10:21:44'),
(228, 82, 0, '楊育欣 您好，歡迎您加入專題探究學習系統！！', '/co.in/science/teacher/', 0, '2016-06-23 13:58:16'),
(229, 4, 2, '雜草電池：喔歐...老師已經審核完2-1階段，可是好像有點不滿意，趕快去看看老師給了什麼建議吧？！', '/co.in/science/student/nav_project.php', 1, '2016-06-28 10:54:33'),
(230, 3, 2, '雜草電池：喔歐...老師已經審核完2-1階段，可是好像有點不滿意，趕快去看看老師給了什麼建議吧？！', '/co.in/science/student/nav_project.php', 0, '2016-06-28 10:54:33'),
(231, 5, 2, '雜草電池：喔歐...老師已經審核完2-1階段，可是好像有點不滿意，趕快去看看老師給了什麼建議吧？！', '/co.in/science/student/nav_project.php', 1, '2016-06-28 10:54:33'),
(232, 2, 2, '雜草電池：小組完成了1-1階段，趕快進入任務審核觀看小組的成果吧！', '/co.in/science/teacher/', 0, '2016-06-28 11:37:44'),
(233, 4, 3, '雜草電池：到個人日誌裡紀錄一下自己的學習狀況吧，組長別忘了紀錄小組每次的討論唷！', '/co.in/science/student/nav_diary.php', 1, '2016-06-28 11:37:44'),
(234, 3, 3, '雜草電池：到個人日誌裡紀錄一下自己的學習狀況吧，組長別忘了紀錄小組每次的討論唷！', '/co.in/science/student/nav_diary.php', 0, '2016-06-28 11:37:44'),
(235, 5, 3, '雜草電池：到個人日誌裡紀錄一下自己的學習狀況吧，組長別忘了紀錄小組每次的討論唷！', '/co.in/science/student/nav_diary.php', 1, '2016-06-28 11:37:45'),
(236, 4, 2, '雜草電池：恭喜！老師已經審核通過1-1階段，趕快進入下一個階段繼續進行吧！', '/co.in/science/student/nav_project.php', 1, '2016-06-28 11:39:37'),
(237, 3, 2, '雜草電池：恭喜！老師已經審核通過1-1階段，趕快進入下一個階段繼續進行吧！', '/co.in/science/student/nav_project.php', 0, '2016-06-28 11:39:37'),
(238, 5, 2, '雜草電池：恭喜！老師已經審核通過1-1階段，趕快進入下一個階段繼續進行吧！', '/co.in/science/student/nav_project.php', 1, '2016-06-28 11:39:37'),
(239, 4, 2, '雜草電池：喔歐...老師已經審核完2-1階段，可是好像有點不滿意，趕快去看看老師給了什麼建議吧？！', '/co.in/science/student/nav_project.php', 1, '2016-07-04 08:26:10'),
(240, 3, 2, '雜草電池：喔歐...老師已經審核完2-1階段，可是好像有點不滿意，趕快去看看老師給了什麼建議吧？！', '/co.in/science/student/nav_project.php', 0, '2016-07-04 08:26:10'),
(241, 5, 2, '雜草電池：喔歐...老師已經審核完2-1階段，可是好像有點不滿意，趕快去看看老師給了什麼建議吧？！', '/co.in/science/student/nav_project.php', 1, '2016-07-04 08:26:10'),
(242, 2, 2, '雜草電池：小組完成了1-1階段，趕快進入任務審核觀看小組的成果吧！', '/co.in/science/teacher/', 0, '2016-07-04 08:53:39'),
(243, 4, 3, '雜草電池：到個人日誌裡紀錄一下自己的學習狀況吧，組長別忘了紀錄小組每次的討論唷！', '/co.in/science/student/nav_diary.php', 1, '2016-07-04 08:53:40'),
(244, 3, 3, '雜草電池：到個人日誌裡紀錄一下自己的學習狀況吧，組長別忘了紀錄小組每次的討論唷！', '/co.in/science/student/nav_diary.php', 0, '2016-07-04 08:53:40'),
(245, 5, 3, '雜草電池：到個人日誌裡紀錄一下自己的學習狀況吧，組長別忘了紀錄小組每次的討論唷！', '/co.in/science/student/nav_diary.php', 1, '2016-07-04 08:53:40'),
(246, 4, 2, '雜草電池：恭喜！老師已經審核通過1-1階段，趕快進入下一個階段繼續進行吧！', '/co.in/science/student/nav_project.php', 1, '2016-07-04 08:54:30'),
(247, 3, 2, '雜草電池：恭喜！老師已經審核通過1-1階段，趕快進入下一個階段繼續進行吧！', '/co.in/science/student/nav_project.php', 0, '2016-07-04 08:54:30'),
(248, 5, 2, '雜草電池：恭喜！老師已經審核通過1-1階段，趕快進入下一個階段繼續進行吧！', '/co.in/science/student/nav_project.php', 1, '2016-07-04 08:54:30'),
(249, 4, 2, '雜草電池：喔歐...老師已經審核完2-1階段，可是好像有點不滿意，趕快去看看老師給了什麼建議吧？！', '/co.in/science/student/nav_project.php', 1, '2016-07-13 01:30:17'),
(250, 3, 2, '雜草電池：喔歐...老師已經審核完2-1階段，可是好像有點不滿意，趕快去看看老師給了什麼建議吧？！', '/co.in/science/student/nav_project.php', 0, '2016-07-13 01:30:17'),
(251, 5, 2, '雜草電池：喔歐...老師已經審核完2-1階段，可是好像有點不滿意，趕快去看看老師給了什麼建議吧？！', '/co.in/science/student/nav_project.php', 1, '2016-07-13 01:30:17'),
(252, 2, 2, '雜草電池：小組完成了1-1階段，趕快進入任務審核觀看小組的成果吧！', '/co.in/science/teacher/', 0, '2016-07-13 07:28:44'),
(253, 4, 3, '雜草電池：到個人日誌裡紀錄一下自己的學習狀況吧，組長別忘了紀錄小組每次的討論唷！', '/co.in/science/student/nav_diary.php', 1, '2016-07-13 07:28:44'),
(254, 3, 3, '雜草電池：到個人日誌裡紀錄一下自己的學習狀況吧，組長別忘了紀錄小組每次的討論唷！', '/co.in/science/student/nav_diary.php', 0, '2016-07-13 07:28:44'),
(255, 5, 3, '雜草電池：到個人日誌裡紀錄一下自己的學習狀況吧，組長別忘了紀錄小組每次的討論唷！', '/co.in/science/student/nav_diary.php', 1, '2016-07-13 07:28:44'),
(256, 4, 2, '雜草電池：恭喜！老師已經審核通過1-1階段，趕快進入下一個階段繼續進行吧！', '/co.in/science/student/nav_project.php', 1, '2016-07-13 07:29:47'),
(257, 3, 2, '雜草電池：恭喜！老師已經審核通過1-1階段，趕快進入下一個階段繼續進行吧！', '/co.in/science/student/nav_project.php', 0, '2016-07-13 07:29:47'),
(258, 5, 2, '雜草電池：恭喜！老師已經審核通過1-1階段，趕快進入下一個階段繼續進行吧！', '/co.in/science/student/nav_project.php', 1, '2016-07-13 07:29:47'),
(259, 83, 0, 'banana 您好，歡迎您加入專題探究學習系統！！', '/co.in/science/', 1, '2016-07-15 08:15:10'),
(260, 84, 0, ' 您好，歡迎您加入專題探究學習系統！！', '/co.in/science/student/entrance.php', 1, '2016-07-15 08:29:02'),
(261, 85, 0, 'cat 您好，歡迎您加入專題探究學習系統！！', '/co.in/science/teacher/', 1, '2016-07-15 08:31:21'),
(262, 86, 0, 'dog 您好，歡迎您加入專題探究學習系統！！', '/co.in/science/teacher/', 1, '2016-07-15 08:46:04'),
(263, 87, 0, 'zzz 您好，歡迎您加入專題探究學習系統！！', '/co.in/science/teacher/', 1, '2016-07-15 08:49:01');

-- --------------------------------------------------------

--
-- 資料表結構 `project`
--

CREATE TABLE `project` (
  `p_id` int(11) NOT NULL COMMENT '專題ID',
  `t_m_id` int(11) NOT NULL COMMENT '指導老師(主)',
  `t_s_id` int(11) DEFAULT NULL COMMENT '指導老師(輔)',
  `pname` varchar(50) NOT NULL COMMENT '專題名稱',
  `theme` int(2) NOT NULL COMMENT '學科類別 1：物理 2：化學 3：生物 4：地球科學 5：數學 6：生活應用科學',
  `mascot` varchar(100) NOT NULL COMMENT '吉祥物',
  `state` int(2) NOT NULL DEFAULT '2' COMMENT '狀態 0：進行中 1：完成 2：申請中 3：重新選擇老師',
  `stage` varchar(10) NOT NULL DEFAULT '1-1' COMMENT '任務階段',
  `examine` tinyint(1) NOT NULL DEFAULT '0' COMMENT '專題審核 0：專案進行中 1：等待老師審核',
  `starttime` date NOT NULL COMMENT '專案起始時間',
  `endtime` date NOT NULL DEFAULT '0000-00-00' COMMENT '專案結束時間',
  `finish` tinyint(1) NOT NULL DEFAULT '1' COMMENT '完成專題 0：已完成 1：未完成',
  `project_time` timestamp NOT NULL DEFAULT CURRENT_TIMESTAMP COMMENT '建立時間',
  `db_del` tinyint(1) NOT NULL DEFAULT '1' COMMENT '刪除資料 0：刪除 1：顯示'
) ENGINE=InnoDB DEFAULT CHARSET=utf8;

--
-- 資料表的匯出資料 `project`
--

INSERT INTO `project` (`p_id`, `t_m_id`, `t_s_id`, `pname`, `theme`, `mascot`, `state`, `stage`, `examine`, `starttime`, `endtime`, `finish`, `project_time`, `db_del`) VALUES
(7, 69, NULL, '權位之爭', 6, '/co.in/science/model/images/mascot_10.png', 0, '3-2', 0, '2016-05-24', '0000-00-00', 1, '2016-05-24 06:19:37', 1),
(8, 2, NULL, '蟻隻獨秀', 3, '/co.in/science/model/images/mascot_19.png', 1, '5-1', 0, '2016-05-26', '2016-06-16', 0, '2016-05-26 13:02:09', 1),
(9, 2, NULL, '雜草電池', 6, '/co.in/science/model/images/mascot_22.png', 0, '2-1', 0, '2016-05-30', '0000-00-00', 1, '2016-05-30 07:05:54', 1),
(10, 20, NULL, '好討厭的感覺阿', 1, '/co.in/science/model/images/mascot_08.png', 0, '2-1', 0, '2016-06-04', '0000-00-00', 1, '2016-06-04 15:15:25', 1),
(11, 20, NULL, '213', 1, '/co.in/science/model/images/mascot_02.png', 0, '1-1', 0, '2016-06-06', '0000-00-00', 1, '2016-06-06 03:11:40', 1),
(12, 73, NULL, '測試小組', 3, '/co.in/science/model/images/mascot_09.png', 0, '1-1', 0, '2016-06-07', '0000-00-00', 1, '2016-06-07 07:40:32', 1),
(13, 6, NULL, '天氣瓶', 3, '/co.in/science/model/images/mascot_15.png', 2, '1-1', 0, '2016-06-11', '0000-00-00', 1, '2016-06-10 19:12:34', 1),
(14, 73, NULL, 'test', 1, '/co.in/science/model/images/mascot_10.png', 0, '1-1', 0, '2016-06-15', '0000-00-00', 1, '2016-06-15 09:19:58', 1),
(15, 73, NULL, '兔兔涵', 2, '/co.in/science/model/images/mascot_03.png', 2, '1-1', 0, '2016-06-23', '0000-00-00', 1, '2016-06-23 10:21:44', 1);

-- --------------------------------------------------------

--
-- 資料表結構 `project_examine`
--

CREATE TABLE `project_examine` (
  `p_e_id` int(11) NOT NULL COMMENT '審核ID',
  `p_id` int(11) NOT NULL COMMENT '專題ID',
  `t_id` int(11) NOT NULL COMMENT '教師ID',
  `stage` varchar(10) NOT NULL DEFAULT '1-1' COMMENT '審核階段',
  `result` int(2) NOT NULL DEFAULT '1' COMMENT '審核結果 0：通過 1：未審核 2：不通過',
  `last_stage` varchar(10) NOT NULL DEFAULT '1-1' COMMENT '上一個階段',
  `next_stage` varchar(10) NOT NULL DEFAULT '1-2' COMMENT '下一個階段',
  `comment` text COMMENT '評語',
  `examine_start_time` timestamp NOT NULL DEFAULT CURRENT_TIMESTAMP COMMENT '送出時間',
  `examine_end_time` timestamp NULL DEFAULT '0000-00-00 00:00:00' COMMENT '審核時間'
) ENGINE=InnoDB DEFAULT CHARSET=utf8;

--
-- 資料表的匯出資料 `project_examine`
--

INSERT INTO `project_examine` (`p_e_id`, `p_id`, `t_id`, `stage`, `result`, `last_stage`, `next_stage`, `comment`, `examine_start_time`, `examine_end_time`) VALUES
(58, 7, 69, '1-1', 0, '1-1', '2-1', '很好: D', '2016-05-24 09:02:56', '2016-05-24 09:06:05'),
(59, 7, 69, '2-1', 0, '1-1', '2-2', 'OK', '2016-05-24 10:10:31', '2016-05-24 12:21:47'),
(60, 7, 69, '2-2', 2, '2-1', '2-3', '實驗材料寫得太少！', '2016-05-24 12:30:44', '2016-05-24 12:31:26'),
(61, 7, 69, '2-2', 0, '2-1', '2-3', '嗯嗯 好多了 繼續', '2016-05-24 12:34:01', '2016-05-24 12:34:16'),
(62, 7, 69, '2-2', 0, '2-1', '2-3', 'OKOK', '2016-05-24 13:12:40', '2016-05-24 15:58:39'),
(63, 7, 69, '2-3', 0, '2-2', '2-4', '嗯嗯 繼續', '2016-05-24 16:19:42', '2016-05-24 16:20:23'),
(66, 7, 69, '2-4(1)', 0, '2-3', '2-4', 'GOOD', '2016-05-24 16:37:05', '2016-05-24 16:47:31'),
(67, 7, 69, '2-4(2)', 2, '2-3', '2-4', 'TRY', '2016-05-24 16:37:31', '2016-05-24 16:47:39'),
(68, 7, 69, '2-4(2)', 0, '2-3', '2-4', 'YES', '2016-05-24 16:50:32', '2016-05-24 16:56:04'),
(69, 7, 69, '2-4', 0, '2-3', '3-1', 'TRY BEST', '2016-05-24 16:58:22', '2016-05-24 17:07:24'),
(70, 7, 69, '3-1', 0, '2-4', '3-2', 'Perfect', '2016-05-24 17:14:15', '2016-05-24 17:15:18'),
(71, 8, 2, '1-1', 2, '1-1', '2-1', '主題再想清楚一點！', '2016-05-27 07:41:46', '2016-05-27 07:47:59'),
(72, 8, 2, '1-1', 0, '1-1', '2-1', '先朝這方向做做看', '2016-05-27 08:20:46', '2016-06-05 18:18:39'),
(73, 8, 2, '2-1', 0, '1-1', '2-2', '研究問題寫得還可以', '2016-05-27 12:24:20', '2016-06-05 18:19:31'),
(74, 8, 2, '2-2', 0, '2-1', '2-3', '材料步驟有些少，但還行', '2016-05-27 15:23:05', '2016-06-05 18:19:46'),
(75, 8, 2, '2-3', 0, '2-2', '2-4', 'OKOK', '2016-05-27 18:02:37', '2016-05-31 09:19:39'),
(76, 8, 2, '2-4(1)', 0, '2-3', '2-4', '成功', '2016-05-27 19:14:12', '2016-06-05 18:20:13'),
(77, 8, 2, '2-4(2)', 2, '2-3', '2-4', '再看看...', '2016-05-27 19:14:47', '2016-05-27 20:06:33'),
(78, 8, 2, '2-4(3)', 2, '2-3', '2-4', '不確定？', '2016-05-27 19:15:13', '2016-05-27 20:06:47'),
(79, 8, 2, '2-4(2)', 0, '2-3', '2-4', '好', '2016-05-27 20:23:21', '2016-06-05 18:20:21'),
(80, 8, 2, '2-4(3)', 0, '2-3', '2-4', '繼續', '2016-05-27 20:23:48', '2016-06-05 18:20:26'),
(81, 8, 2, '2-4', 0, '2-3', '3-1', '續系保持，有越來院好的跡象', '2016-05-27 20:37:08', '2016-06-05 18:20:42'),
(82, 8, 2, '3-1', 0, '2-4', '3-2', 'GOOD', '2016-05-28 13:05:47', '2016-05-31 09:19:29'),
(83, 8, 2, '3-2', 0, '3-1', '3-3', '已完成', '2016-05-30 02:45:57', '2016-05-31 09:19:26'),
(84, 8, 2, '3-3', 0, '3-2', '4-1', '快完成了大家再努力一下', '2016-05-30 03:10:13', '2016-06-05 18:21:04'),
(85, 8, 2, '4-1', 0, '3-3', '4-2', '很好', '2016-05-30 03:36:40', '2016-06-05 18:21:15'),
(86, 8, 2, '4-2', 1, '4-1', '5-1', '嗯嗯，有聽老師在說', '2016-05-30 08:04:50', '2016-06-07 19:33:49'),
(87, 8, 2, '5-1', 0, '4-2', '5-2', 'GOOD JOB', '2016-05-30 08:29:49', '2016-05-31 09:19:20'),
(88, 8, 2, '5-2', 0, '5-1', '5-3', '海報檔有點空泛', '2016-05-30 08:40:55', '2016-06-05 18:22:14'),
(89, 8, 2, '5-3', 0, '5-2', '5-4', 'GOOD', '2016-05-30 08:46:19', '2016-05-31 09:19:11'),
(90, 8, 2, '5-4', 0, '5-3', '5-5', '恭喜！結束', '2016-05-31 09:21:39', '2016-06-05 18:21:57'),
(91, 10, 20, '1-1', 0, '1-1', '2-1', '被學姐凹加班', '2016-06-05 14:46:48', '2016-06-05 14:55:08'),
(92, 9, 2, '1-1', 0, '1-1', '2-1', '通過！', '2016-06-14 14:46:56', '2016-06-14 15:24:18'),
(93, 9, 2, '1-1', 0, '1-1', '2-1', '111', '2016-06-28 11:37:44', '2016-06-28 11:39:37'),
(94, 9, 2, '1-1', 0, '1-1', '2-1', '111', '2016-07-04 08:53:39', '2016-07-04 08:54:30'),
(95, 9, 2, '1-1', 0, '1-1', '2-1', 'OK', '2016-07-13 07:28:44', '2016-07-13 07:29:47');

-- --------------------------------------------------------

--
-- 資料表結構 `project_group`
--

CREATE TABLE `project_group` (
  `p_g_id` int(11) NOT NULL COMMENT '專題成員ID',
  `p_id` int(11) NOT NULL COMMENT '專題ID',
  `s_id` int(11) NOT NULL COMMENT '學生ID',
  `chief` int(2) NOT NULL COMMENT '職位 0：組員 1：組長',
  `hint_state` tinyint(1) NOT NULL DEFAULT '1' COMMENT '閱讀指引 0：已閱讀 1：未閱讀',
  `reflection_stage` int(2) NOT NULL DEFAULT '0' COMMENT '反思日誌階段 (ex. 1, 2, 3, 4, 5)',
  `reflection_state` tinyint(1) NOT NULL DEFAULT '0' COMMENT '反思日誌 0：已填寫 1：未填寫',
  `update_time` timestamp NOT NULL DEFAULT CURRENT_TIMESTAMP ON UPDATE CURRENT_TIMESTAMP COMMENT '更新時間'
) ENGINE=InnoDB DEFAULT CHARSET=utf8;

--
-- 資料表的匯出資料 `project_group`
--

INSERT INTO `project_group` (`p_g_id`, `p_id`, `s_id`, `chief`, `hint_state`, `reflection_stage`, `reflection_state`, `update_time`) VALUES
(16, 7, 70, 1, 0, 2, 0, '2016-05-24 17:16:30'),
(17, 7, 71, 0, 1, 2, 1, '2016-05-24 17:07:24'),
(18, 8, 3, 1, 0, 5, 0, '2016-06-03 13:32:30'),
(19, 8, 4, 0, 1, 5, 1, '2016-05-31 09:22:55'),
(20, 8, 5, 0, 1, 5, 1, '2016-05-31 09:22:55'),
(21, 9, 4, 1, 0, 1, 0, '2016-07-13 07:39:26'),
(22, 9, 3, 0, 0, 1, 0, '2016-07-25 09:18:43'),
(23, 9, 5, 0, 1, 1, 1, '2016-06-28 11:39:37'),
(25, 10, 21, 1, 0, 1, 1, '2016-06-05 15:01:30'),
(26, 10, 22, 0, 1, 1, 1, '2016-06-05 14:55:08'),
(27, 11, 21, 1, 0, 0, 0, '2016-06-06 03:12:56'),
(28, 11, 22, 0, 1, 0, 0, '2016-06-06 03:11:40'),
(29, 12, 74, 1, 0, 0, 0, '2016-06-07 12:32:53'),
(30, 12, 75, 0, 1, 0, 0, '2016-06-07 07:40:32'),
(31, 13, 3, 1, 1, 0, 0, '2016-06-10 19:12:34'),
(32, 13, 4, 0, 1, 0, 0, '2016-06-10 19:12:34'),
(33, 13, 5, 0, 1, 0, 0, '2016-06-10 19:12:34'),
(34, 14, 74, 1, 1, 0, 0, '2016-06-15 09:19:58'),
(35, 15, 75, 1, 1, 0, 0, '2016-06-23 10:21:44');

-- --------------------------------------------------------

--
-- 資料表結構 `project_notes`
--

CREATE TABLE `project_notes` (
  `n_id` int(11) NOT NULL COMMENT '備註ID',
  `p_id` int(11) NOT NULL COMMENT '專題ID',
  `content` text NOT NULL COMMENT '內容',
  `notes_time` timestamp NOT NULL DEFAULT CURRENT_TIMESTAMP COMMENT '紀錄時間'
) ENGINE=InnoDB DEFAULT CHARSET=utf8;

--
-- 資料表的匯出資料 `project_notes`
--

INSERT INTO `project_notes` (`n_id`, `p_id`, `content`, `notes_time`) VALUES
(1, 8, '下午三點開會\n五點繳作業...', '2016-05-30 05:40:15'),
(3, 9, '0.0...', '2016-06-07 09:03:35');

-- --------------------------------------------------------

--
-- 資料表結構 `project_perform`
--

CREATE TABLE `project_perform` (
  `p_p_id` int(11) NOT NULL COMMENT '專題表現',
  `p_id` int(11) NOT NULL COMMENT '專題ID',
  `times_login` date NOT NULL DEFAULT '0000-00-00' COMMENT '登入頻率',
  `times_discuss` date NOT NULL DEFAULT '0000-00-00' COMMENT '討論頻率',
  `times_examine` date NOT NULL DEFAULT '0000-00-00' COMMENT '進度頻率',
  `update_time` timestamp NOT NULL DEFAULT CURRENT_TIMESTAMP ON UPDATE CURRENT_TIMESTAMP COMMENT '更新時間'
) ENGINE=InnoDB DEFAULT CHARSET=utf8;

--
-- 資料表的匯出資料 `project_perform`
--

INSERT INTO `project_perform` (`p_p_id`, `p_id`, `times_login`, `times_discuss`, `times_examine`, `update_time`) VALUES
(9, 7, '2016-05-24', '2016-05-24', '2016-05-24', '2016-05-24 06:19:37'),
(10, 8, '2016-06-14', '2016-06-05', '2016-05-31', '2016-06-14 19:04:30'),
(11, 9, '2016-09-12', '2016-07-13', '2016-07-13', '2016-09-12 14:44:21'),
(12, 10, '2016-06-06', '2016-06-05', '2016-06-05', '2016-06-06 03:15:07'),
(13, 11, '2016-06-06', '2016-06-06', '2016-06-06', '2016-06-06 03:11:40'),
(14, 12, '2016-07-13', '2016-06-07', '2016-06-07', '2016-07-13 01:20:45'),
(15, 13, '2016-06-11', '2016-06-11', '2016-06-11', '2016-06-10 19:12:34'),
(16, 14, '2016-06-15', '2016-06-15', '2016-06-15', '2016-06-15 09:19:58'),
(17, 15, '2016-06-23', '2016-06-23', '2016-06-23', '2016-06-23 10:21:44');

-- --------------------------------------------------------

--
-- 資料表結構 `project_schedule`
--

CREATE TABLE `project_schedule` (
  `p_s_id` int(11) NOT NULL COMMENT '時間表ID',
  `p_id` int(11) NOT NULL COMMENT '專題ID',
  `starttime` date NOT NULL DEFAULT '0000-00-00' COMMENT '專題起始時間',
  `endtime` date NOT NULL DEFAULT '0000-00-00' COMMENT '預計結束時間',
  `hint` tinyint(2) NOT NULL DEFAULT '0' COMMENT '是否開起提示(0：否 1：是)',
  `exp1-1` date NOT NULL DEFAULT '0000-00-00' COMMENT '預期1-1',
  `exp1-2` date NOT NULL DEFAULT '0000-00-00' COMMENT '預期1-2',
  `exp2-1` date NOT NULL DEFAULT '0000-00-00' COMMENT '預期2-1',
  `exp2-2` date NOT NULL DEFAULT '0000-00-00' COMMENT '預期2-2',
  `exp2-3` date NOT NULL DEFAULT '0000-00-00' COMMENT '預期2-3',
  `exp2-4` date NOT NULL DEFAULT '0000-00-00' COMMENT '預期2-4',
  `exp3-1` date NOT NULL DEFAULT '0000-00-00' COMMENT '預期3-1',
  `exp3-2` date NOT NULL DEFAULT '0000-00-00' COMMENT '預期3-2',
  `exp3-3` date NOT NULL DEFAULT '0000-00-00' COMMENT '預期3-3',
  `exp4-1` date NOT NULL DEFAULT '0000-00-00' COMMENT '預期4-1',
  `exp4-2` date NOT NULL DEFAULT '0000-00-00' COMMENT '預期4-2',
  `exp5-1` date NOT NULL DEFAULT '0000-00-00' COMMENT '預期5-1',
  `exp5-2` date NOT NULL DEFAULT '0000-00-00' COMMENT '預期5-2',
  `exp5-3` date NOT NULL DEFAULT '0000-00-00' COMMENT '預期5-3',
  `exp5-4` date NOT NULL DEFAULT '0000-00-00' COMMENT '預期5-4',
  `real1-1` date NOT NULL DEFAULT '0000-00-00' COMMENT '實際1-1',
  `real1-2` date NOT NULL DEFAULT '0000-00-00' COMMENT '實際1-2',
  `real2-1` date NOT NULL DEFAULT '0000-00-00' COMMENT '實際2-1',
  `real2-2` date NOT NULL DEFAULT '0000-00-00' COMMENT '實際2-2',
  `real2-3` date NOT NULL DEFAULT '0000-00-00' COMMENT '實際2-3',
  `real2-4` date NOT NULL DEFAULT '0000-00-00' COMMENT '實際2-4',
  `real3-1` date NOT NULL DEFAULT '0000-00-00' COMMENT '實際3-1',
  `real3-2` date NOT NULL DEFAULT '0000-00-00' COMMENT '實際3-2',
  `real3-3` date NOT NULL DEFAULT '0000-00-00' COMMENT '實際3-3',
  `real4-1` date NOT NULL DEFAULT '0000-00-00' COMMENT '實際4-1',
  `real4-2` date NOT NULL DEFAULT '0000-00-00' COMMENT '實際4-2',
  `real5-1` date NOT NULL DEFAULT '0000-00-00' COMMENT '實際5-1',
  `real5-2` date NOT NULL DEFAULT '0000-00-00' COMMENT '實際5-2',
  `real5-3` date NOT NULL DEFAULT '0000-00-00' COMMENT '實際5-3',
  `real5-4` date NOT NULL DEFAULT '0000-00-00' COMMENT '實際5-4',
  `schedule_time` timestamp NOT NULL DEFAULT CURRENT_TIMESTAMP ON UPDATE CURRENT_TIMESTAMP COMMENT '更改時間'
) ENGINE=InnoDB DEFAULT CHARSET=utf8 COMMENT='時間規劃';

--
-- 資料表的匯出資料 `project_schedule`
--

INSERT INTO `project_schedule` (`p_s_id`, `p_id`, `starttime`, `endtime`, `hint`, `exp1-1`, `exp1-2`, `exp2-1`, `exp2-2`, `exp2-3`, `exp2-4`, `exp3-1`, `exp3-2`, `exp3-3`, `exp4-1`, `exp4-2`, `exp5-1`, `exp5-2`, `exp5-3`, `exp5-4`, `real1-1`, `real1-2`, `real2-1`, `real2-2`, `real2-3`, `real2-4`, `real3-1`, `real3-2`, `real3-3`, `real4-1`, `real4-2`, `real5-1`, `real5-2`, `real5-3`, `real5-4`, `schedule_time`) VALUES
(9, 7, '0000-00-00', '0000-00-00', 0, '0000-00-00', '0000-00-00', '0000-00-00', '0000-00-00', '0000-00-00', '0000-00-00', '0000-00-00', '0000-00-00', '0000-00-00', '0000-00-00', '0000-00-00', '0000-00-00', '0000-00-00', '0000-00-00', '0000-00-00', '2016-05-24', '2016-05-24', '2016-05-24', '2016-05-24', '2016-05-25', '2016-05-25', '2016-05-25', '0000-00-00', '0000-00-00', '0000-00-00', '0000-00-00', '0000-00-00', '0000-00-00', '0000-00-00', '0000-00-00', '2016-05-24 17:14:15'),
(10, 8, '2016-05-26', '2016-09-01', 0, '2016-05-31', '2016-06-06', '2016-06-12', '2016-06-20', '2016-06-28', '2016-07-07', '2016-07-12', '2016-07-14', '2016-07-20', '2016-07-29', '2016-08-03', '2016-08-11', '2016-08-17', '2016-08-25', '2016-09-01', '2016-05-27', '2016-05-27', '2016-05-27', '2016-05-27', '2016-05-28', '2016-05-28', '2016-05-28', '2016-05-30', '2016-05-30', '2016-05-30', '2016-05-30', '2016-05-30', '2016-05-30', '2016-05-30', '2016-05-31', '2016-06-07 08:33:52'),
(11, 9, '2016-05-30', '2016-08-21', 0, '2016-06-01', '2016-06-08', '2016-06-13', '2016-06-19', '2016-06-27', '2016-07-04', '2016-07-09', '2016-07-11', '2016-07-17', '2016-07-21', '2016-07-26', '2016-08-01', '2016-08-10', '2016-08-15', '2016-08-21', '2016-07-13', '2016-07-13', '0000-00-00', '0000-00-00', '0000-00-00', '0000-00-00', '0000-00-00', '0000-00-00', '0000-00-00', '0000-00-00', '0000-00-00', '0000-00-00', '0000-00-00', '0000-00-00', '0000-00-00', '2016-07-13 07:28:44'),
(12, 10, '0000-00-00', '0000-00-00', 0, '0000-00-00', '0000-00-00', '0000-00-00', '0000-00-00', '0000-00-00', '0000-00-00', '0000-00-00', '0000-00-00', '0000-00-00', '0000-00-00', '0000-00-00', '0000-00-00', '0000-00-00', '0000-00-00', '0000-00-00', '2016-06-05', '2016-06-05', '0000-00-00', '0000-00-00', '0000-00-00', '0000-00-00', '0000-00-00', '0000-00-00', '0000-00-00', '0000-00-00', '0000-00-00', '0000-00-00', '0000-00-00', '0000-00-00', '0000-00-00', '2016-06-05 14:46:48'),
(13, 11, '0000-00-00', '0000-00-00', 0, '0000-00-00', '0000-00-00', '0000-00-00', '0000-00-00', '0000-00-00', '0000-00-00', '0000-00-00', '0000-00-00', '0000-00-00', '0000-00-00', '0000-00-00', '0000-00-00', '0000-00-00', '0000-00-00', '0000-00-00', '0000-00-00', '0000-00-00', '0000-00-00', '0000-00-00', '0000-00-00', '0000-00-00', '0000-00-00', '0000-00-00', '0000-00-00', '0000-00-00', '0000-00-00', '0000-00-00', '0000-00-00', '0000-00-00', '0000-00-00', '2016-06-06 03:11:40'),
(14, 12, '0000-00-00', '0000-00-00', 0, '0000-00-00', '0000-00-00', '0000-00-00', '0000-00-00', '0000-00-00', '0000-00-00', '0000-00-00', '0000-00-00', '0000-00-00', '0000-00-00', '0000-00-00', '0000-00-00', '0000-00-00', '0000-00-00', '0000-00-00', '0000-00-00', '0000-00-00', '0000-00-00', '0000-00-00', '0000-00-00', '0000-00-00', '0000-00-00', '0000-00-00', '0000-00-00', '0000-00-00', '0000-00-00', '0000-00-00', '0000-00-00', '0000-00-00', '0000-00-00', '2016-06-07 07:40:32'),
(15, 13, '0000-00-00', '0000-00-00', 0, '0000-00-00', '0000-00-00', '0000-00-00', '0000-00-00', '0000-00-00', '0000-00-00', '0000-00-00', '0000-00-00', '0000-00-00', '0000-00-00', '0000-00-00', '0000-00-00', '0000-00-00', '0000-00-00', '0000-00-00', '0000-00-00', '0000-00-00', '0000-00-00', '0000-00-00', '0000-00-00', '0000-00-00', '0000-00-00', '0000-00-00', '0000-00-00', '0000-00-00', '0000-00-00', '0000-00-00', '0000-00-00', '0000-00-00', '0000-00-00', '2016-06-10 19:12:34'),
(16, 14, '0000-00-00', '0000-00-00', 0, '0000-00-00', '0000-00-00', '0000-00-00', '0000-00-00', '0000-00-00', '0000-00-00', '0000-00-00', '0000-00-00', '0000-00-00', '0000-00-00', '0000-00-00', '0000-00-00', '0000-00-00', '0000-00-00', '0000-00-00', '0000-00-00', '0000-00-00', '0000-00-00', '0000-00-00', '0000-00-00', '0000-00-00', '0000-00-00', '0000-00-00', '0000-00-00', '0000-00-00', '0000-00-00', '0000-00-00', '0000-00-00', '0000-00-00', '0000-00-00', '2016-06-15 09:19:58'),
(17, 15, '0000-00-00', '0000-00-00', 0, '0000-00-00', '0000-00-00', '0000-00-00', '0000-00-00', '0000-00-00', '0000-00-00', '0000-00-00', '0000-00-00', '0000-00-00', '0000-00-00', '0000-00-00', '0000-00-00', '0000-00-00', '0000-00-00', '0000-00-00', '0000-00-00', '0000-00-00', '0000-00-00', '0000-00-00', '0000-00-00', '0000-00-00', '0000-00-00', '0000-00-00', '0000-00-00', '0000-00-00', '0000-00-00', '0000-00-00', '0000-00-00', '0000-00-00', '0000-00-00', '2016-06-23 10:21:44');

-- --------------------------------------------------------

--
-- 資料表結構 `research_conclusion`
--

CREATE TABLE `research_conclusion` (
  `c_id` int(11) NOT NULL COMMENT '研究結論ID',
  `p_id` int(11) NOT NULL COMMENT '專題ID',
  `s_id` int(11) NOT NULL COMMENT '學生ID',
  `content` text NOT NULL COMMENT '研究結論',
  `research_time` timestamp NOT NULL DEFAULT CURRENT_TIMESTAMP COMMENT '建立時間'
) ENGINE=InnoDB DEFAULT CHARSET=utf8 COMMENT='研究結論';

--
-- 資料表的匯出資料 `research_conclusion`
--

INSERT INTO `research_conclusion` (`c_id`, `p_id`, `s_id`, `content`, `research_time`) VALUES
(5, 7, 70, '在循環風扇廣告中，有些廠商強調循環風扇使用較強力的馬達，\n使風力更強勁，我們希望比較出一般風扇與循環風扇外在結構上的\n性能差異，所以測試無導流罩時兩台風扇產生相同風力的風速段，\n再進行實驗。', '2016-05-24 17:22:02'),
(6, 8, 3, '雖是肉食主義者，但卻有慈悲之心，對已死的同伴，十分尊敬，排列得整整齊齊，非常尊重生命。', '2016-05-30 08:03:02'),
(7, 8, 3, '遇到食物會分享給同伴，不會獨自享用，充分的表現社會性昆蟲無私利他的行為。', '2016-05-30 08:03:11');

-- --------------------------------------------------------

--
-- 資料表結構 `research_discussion`
--

CREATE TABLE `research_discussion` (
  `d_id` int(11) NOT NULL COMMENT '研究討論ID',
  `p_id` int(11) NOT NULL COMMENT '專題ID',
  `s_id` int(11) NOT NULL COMMENT '學生ID',
  `type` tinyint(2) NOT NULL COMMENT '討論類型 0：一般性 1：綜合性',
  `r_q_id` varchar(100) NOT NULL COMMENT '相關研究問題ID (","為區隔) (ex: 1,2,3,4...)',
  `description` text NOT NULL COMMENT '研究討論說明',
  `research_time` timestamp NOT NULL DEFAULT CURRENT_TIMESTAMP COMMENT '建立時間'
) ENGINE=InnoDB DEFAULT CHARSET=utf8 COMMENT='研究討論';

--
-- 資料表的匯出資料 `research_discussion`
--

INSERT INTO `research_discussion` (`d_id`, `p_id`, `s_id`, `type`, `r_q_id`, `description`, `research_time`) VALUES
(1, 8, 3, 1, '45,46', '螞蟻與其他昆蟲不一樣的地方就是在胸部與腹部間有腹柄節，是一個極為容易辨識的特徵。', '2016-05-30 03:27:48'),
(3, 8, 3, 1, '46,48', '飼養過程中，三、四月份幾乎孵化為蟻后，五、六月份幾乎孵化為雄蟻，與野外採集的\n結果相似，有明顯生殖雄巢及生殖雌巢的現象。', '2016-05-30 03:31:26'),
(4, 8, 3, 0, '45', '雙色突胸家蟻為肉食主義者，且偏愛吃肥肉。也因此之後的採集皆用肥肉當誘餌，很快\n就引來小芝麻，對於實驗的進行非常有幫助。也有儲存糧食的習慣，並禮讓食物給其他\n種螞蟻，不會互相爭搶，值得學習。', '2016-05-30 03:31:51'),
(5, 8, 3, 0, '46', '雖是肉食主義者，但卻有慈悲之心，對已死的同伴，十分尊敬，排列得整整齊齊，非常\n尊重生命。', '2016-05-30 03:32:02'),
(6, 8, 3, 0, '48', '雙色突胸家蟻不喜歡蒜頭，建議可用蒜頭來驅蟻。', '2016-05-30 03:32:11');

-- --------------------------------------------------------

--
-- 資料表結構 `research_experiment`
--

CREATE TABLE `research_experiment` (
  `e_id` int(11) NOT NULL COMMENT '實驗日誌ID',
  `q_id` int(11) NOT NULL COMMENT '研究問題ID',
  `p_id` int(11) NOT NULL COMMENT '專題ID',
  `s_id` int(11) NOT NULL COMMENT '學生ID',
  `date` date NOT NULL COMMENT '實驗日期',
  `result` tinyint(2) NOT NULL COMMENT '實驗結果 0：成功 1：失敗',
  `fileurl` varchar(255) DEFAULT NULL COMMENT '紀錄表URL / 分析資料URL',
  `description` text NOT NULL COMMENT '結果描述',
  `research_time` timestamp NOT NULL DEFAULT CURRENT_TIMESTAMP COMMENT '建立時間'
) ENGINE=InnoDB DEFAULT CHARSET=utf8 COMMENT='實驗紀錄日誌';

--
-- 資料表的匯出資料 `research_experiment`
--

INSERT INTO `research_experiment` (`e_id`, `q_id`, `p_id`, `s_id`, `date`, `result`, `fileurl`, `description`, `research_time`) VALUES
(7, 42, 7, 70, '2016-05-26', 0, '/co.in/science/model/document/uploads_stage3-1/擷取4.PNG', '本實驗可發現「所有安裝風洞圓桶的實驗組」風力皆比不上\r\n「無安裝風洞圓筒的對照組」，表示風洞圓筒的構造並不是\r\n造成循環風扇風力強勁集中的主因。', '2016-05-24 17:08:34'),
(8, 43, 7, 70, '2016-05-26', 0, NULL, '所有組別中，「10cm 寬、置於扇葉前25cm」組吹出的風力\n和最遠風距最高。', '2016-05-24 17:08:48'),
(9, 45, 8, 3, '2016-05-28', 0, '/co.in/science/model/document/uploads_stage3-1/1-10.docx', '最後我們發現，小芝麻最不喜歡蒜頭，再來是檸檬，辣椒對他們最沒有影響。', '2016-05-28 13:00:41'),
(10, 46, 8, 3, '2016-05-28', 0, NULL, '結果移開蒜頭後，小芝麻依然沒有過來。可能蒜頭對他們而言，味道很重。', '2016-05-28 13:01:24'),
(11, 48, 8, 3, '2016-05-28', 0, NULL, '如果食物小於洞口，小芝麻會搬回巢穴。塞進巢穴時，煙囪狀的洞口被壓壞了一口。', '2016-05-28 13:05:27');

-- --------------------------------------------------------

--
-- 資料表結構 `research_form`
--

CREATE TABLE `research_form` (
  `f_id` int(11) NOT NULL COMMENT '實驗表單ID',
  `q_id` int(11) NOT NULL COMMENT '研究問題ID',
  `p_id` int(11) NOT NULL COMMENT '專題ID',
  `s_id` int(11) NOT NULL COMMENT '學生ID',
  `stage` varchar(10) NOT NULL COMMENT '階段(ex：2-3，3-2，3-3)',
  `fileurl` varchar(255) NOT NULL COMMENT '檔案URL',
  `research_time` timestamp NOT NULL DEFAULT CURRENT_TIMESTAMP COMMENT '建立時間'
) ENGINE=InnoDB DEFAULT CHARSET=utf8 COMMENT='研究表格&紀錄';

--
-- 資料表的匯出資料 `research_form`
--

INSERT INTO `research_form` (`f_id`, `q_id`, `p_id`, `s_id`, `stage`, `fileurl`, `research_time`) VALUES
(19, 42, 7, 71, '2-3', '/co.in/science/model/document/uploads_stage2-3/待準備文件.docx', '2016-05-24 16:18:20'),
(20, 43, 7, 71, '2-3', '/co.in/science/model/document/uploads_stage2-3/隨身物品.docx', '2016-05-24 16:18:36'),
(21, 45, 8, 5, '2-3', '/co.in/science/model/document/uploads_stage2-3/1-10.docx', '2016-05-27 17:46:41'),
(22, 46, 8, 5, '2-3', '/co.in/science/model/document/uploads_stage2-3/1-11.docx', '2016-05-27 17:47:02'),
(23, 48, 8, 5, '2-3', '/co.in/science/model/document/uploads_stage2-3/1-12.docx', '2016-05-27 17:47:06'),
(24, 45, 8, 3, '3-2', '/co.in/science/model/document/uploads_stage3-2/1-11(1).docx', '2016-05-30 02:45:29'),
(25, 46, 8, 3, '3-2', '/co.in/science/model/document/uploads_stage3-2/1-11.docx', '2016-05-30 02:45:34'),
(26, 48, 8, 3, '3-2', '/co.in/science/model/document/uploads_stage3-2/1-12.docx', '2016-05-30 02:45:39'),
(27, 45, 8, 3, '3-3', '/co.in/science/model/document/uploads_stage3-3/1-12.docx', '2016-05-30 03:09:30'),
(28, 46, 8, 3, '3-3', '/co.in/science/model/document/uploads_stage3-3/1-11.docx', '2016-05-30 03:09:34'),
(29, 48, 8, 3, '3-3', '/co.in/science/model/document/uploads_stage3-3/1-10.docx', '2016-05-30 03:09:37');

-- --------------------------------------------------------

--
-- 資料表結構 `research_idea`
--

CREATE TABLE `research_idea` (
  `i_id` int(11) NOT NULL COMMENT '構想表ID',
  `q_id` int(11) NOT NULL COMMENT '研究問題ID',
  `p_id` int(11) NOT NULL COMMENT '專題ID',
  `s_id` int(11) NOT NULL COMMENT '學生ID',
  `kind` tinyint(2) NOT NULL DEFAULT '1' COMMENT '0：嘗試性實驗 1：正式研究構想',
  `type` int(2) NOT NULL COMMENT '構想表所需 0：紀錄方式 1：工具 2：材料',
  `name` varchar(100) NOT NULL COMMENT '物品名稱',
  `number` int(100) NOT NULL COMMENT '數量',
  `description` text COMMENT '物品描述',
  `research_time` timestamp NOT NULL DEFAULT CURRENT_TIMESTAMP COMMENT '建立時間'
) ENGINE=InnoDB DEFAULT CHARSET=utf8 COMMENT='研究構想(材料,步驟...)';

--
-- 資料表的匯出資料 `research_idea`
--

INSERT INTO `research_idea` (`i_id`, `q_id`, `p_id`, `s_id`, `kind`, `type`, `name`, `number`, `description`, `research_time`) VALUES
(54, 43, 7, 71, 1, 2, '一般風扇', 1, '一般風扇', '2016-05-24 12:26:38'),
(55, 43, 7, 71, 1, 2, '循環風扇', 1, '循環風扇', '2016-05-24 12:26:51'),
(56, 43, 7, 71, 1, 1, '氣球', 2, '氣球', '2016-05-24 12:27:16'),
(57, 43, 7, 71, 1, 0, '紀錄表', 1, NULL, '2016-05-24 12:28:01'),
(58, 42, 7, 71, 1, 2, '一般風扇', 1, '一般風扇', '2016-05-24 12:28:31'),
(59, 42, 7, 71, 1, 2, '馬達', 1, '馬達', '2016-05-24 12:28:40'),
(60, 42, 7, 71, 1, 2, '電線', 1, '電線', '2016-05-24 12:28:50'),
(61, 42, 7, 71, 1, 1, '氣球', 1, '氣球', '2016-05-24 12:29:10'),
(62, 42, 7, 71, 1, 0, '紀錄表', 1, NULL, '2016-05-24 12:30:01'),
(63, 45, 8, 3, 1, 2, '培養皿', 1, '培養皿', '2016-05-27 15:07:31'),
(64, 45, 8, 3, 1, 2, '鑷子', 1, '鑷子', '2016-05-27 15:07:51'),
(65, 45, 8, 3, 1, 2, '放大鏡', 1, '放大鏡', '2016-05-27 15:08:20'),
(66, 45, 8, 3, 1, 0, '照片', 1, NULL, '2016-05-27 15:12:26'),
(67, 46, 8, 3, 1, 1, '螞蟻標記台', 99, '螞蟻標記台', '2016-05-27 15:18:54'),
(68, 46, 8, 3, 1, 2, '解剖顯微鏡', 1, '解剖顯微鏡', '2016-05-27 15:19:18'),
(69, 46, 8, 3, 1, 0, '照片, 手繪圖', 1, NULL, '2016-05-27 15:20:02'),
(70, 48, 8, 3, 1, 1, '數位相機', 1, '數位相機', '2016-05-27 15:20:36'),
(71, 48, 8, 3, 1, 1, '油漆筆', 1, '油漆筆', '2016-05-27 15:20:48'),
(72, 48, 8, 3, 1, 2, '培養皿', 1, '培養皿', '2016-05-27 15:22:04'),
(73, 48, 8, 3, 1, 0, '紀錄表, 手繪圖', 1, NULL, '2016-05-27 15:22:13');

-- --------------------------------------------------------

--
-- 資料表結構 `research_idea_pic`
--

CREATE TABLE `research_idea_pic` (
  `i_p_id` int(11) NOT NULL COMMENT '構想表圖片ID',
  `i_id` int(11) NOT NULL COMMENT '構想表ID',
  `pic_url` varchar(255) NOT NULL COMMENT '圖片URL',
  `research_pic_time` timestamp NOT NULL DEFAULT CURRENT_TIMESTAMP COMMENT '建立時間'
) ENGINE=InnoDB DEFAULT CHARSET=utf8 COMMENT='研究材料和工具';

--
-- 資料表的匯出資料 `research_idea_pic`
--

INSERT INTO `research_idea_pic` (`i_p_id`, `i_id`, `pic_url`, `research_pic_time`) VALUES
(38, 54, '/co.in/science/model/document/uploads_stage2-2/擷取1.PNG', '2016-05-24 12:26:38'),
(39, 55, '/co.in/science/model/document/uploads_stage2-2/擷取2.PNG', '2016-05-24 12:26:51'),
(40, 56, '/co.in/science/model/images/project_null.jpg', '2016-05-24 12:27:16'),
(41, 58, '/co.in/science/model/document/uploads_stage2-2/擷取.PNG', '2016-05-24 12:28:31'),
(42, 59, '/co.in/science/model/images/project_null.jpg', '2016-05-24 12:28:40'),
(43, 60, '/co.in/science/model/images/project_null.jpg', '2016-05-24 12:28:50'),
(44, 61, '/co.in/science/model/document/uploads_stage2-2/擷取5.PNG', '2016-05-24 12:29:10'),
(45, 63, '/co.in/science/model/document/uploads_stage2-2/1-4.jpg', '2016-05-27 15:07:31'),
(46, 64, '/co.in/science/model/images/project_null.jpg', '2016-05-27 15:07:51'),
(47, 65, '/co.in/science/model/images/project_null.jpg', '2016-05-27 15:08:20'),
(48, 67, '/co.in/science/model/document/uploads_stage2-2/1-3.jpg', '2016-05-27 15:18:54'),
(49, 68, '/co.in/science/model/document/uploads_stage2-2/1-5.PNG', '2016-05-27 15:19:18'),
(50, 70, '/co.in/science/model/images/project_null.jpg', '2016-05-27 15:20:36'),
(51, 71, '/co.in/science/model/images/project_null.jpg', '2016-05-27 15:20:48'),
(52, 72, '/co.in/science/model/document/uploads_stage2-2/1-4(1).jpg', '2016-05-27 15:22:04');

-- --------------------------------------------------------

--
-- 資料表結構 `research_idea_steps`
--

CREATE TABLE `research_idea_steps` (
  `i_s_id` int(11) NOT NULL COMMENT '構想表步驟ID',
  `q_id` int(11) NOT NULL COMMENT '研究問題ID',
  `p_id` int(11) NOT NULL COMMENT '專題ID',
  `s_id` int(11) NOT NULL COMMENT '學生ID',
  `kind` tinyint(2) DEFAULT '1' COMMENT '0：嘗試性實驗 1：正式實驗構想表',
  `steps_order` int(2) NOT NULL COMMENT '步驟順序',
  `steps_name` varchar(255) NOT NULL COMMENT '步驟名稱',
  `research_steps_time` timestamp NOT NULL DEFAULT CURRENT_TIMESTAMP COMMENT '建立時間'
) ENGINE=InnoDB DEFAULT CHARSET=utf8 COMMENT='研究構想(之研究步驟)';

--
-- 資料表的匯出資料 `research_idea_steps`
--

INSERT INTO `research_idea_steps` (`i_s_id`, `q_id`, `p_id`, `s_id`, `kind`, `steps_order`, `steps_name`, `research_steps_time`) VALUES
(53, 43, 7, 71, 1, 1, '查詢及蒐集各種品牌對於循環風扇的介紹內容。', '2016-05-24 12:27:51'),
(54, 43, 7, 71, 1, 2, '定義「循環風扇」。', '2016-05-24 12:27:51'),
(55, 43, 7, 71, 1, 3, '統計並歸納各種應用於循環風扇的常見結構名稱。', '2016-05-24 12:27:51'),
(56, 42, 7, 71, 1, 1, '能吹出比一般風扇更遠的「漩渦形柱狀集中氣流」。', '2016-05-24 12:29:55'),
(57, 42, 7, 71, 1, 2, '能加快室內空氣循環與對流。', '2016-05-24 12:29:55'),
(58, 42, 7, 71, 1, 3, '能輔助冷氣冷房效果，達到省電目的。\n※綜合各項關於循環風扇的資訊，我們定義', '2016-05-24 12:29:55'),
(59, 45, 8, 3, 1, 1, '利用台灣產蟻科亞科、屬檢索表將螞蟻分類', '2016-05-27 15:12:17'),
(60, 45, 8, 3, 1, 2, '節錄自台灣產蟻科亞科、屬檢索表(職蟻 Worker) (林與吳，2003)(照片倍率為150x)', '2016-05-27 15:12:17'),
(61, 46, 8, 3, 1, 1, '利用台灣產蟻科亞科、屬檢索表將螞蟻分類', '2016-05-27 15:19:38'),
(62, 46, 8, 3, 1, 2, '節錄自台灣產蟻科亞科、屬檢索表(職蟻 Worker) (林與吳，2003)(照片倍率為150x)', '2016-05-27 15:19:38'),
(63, 48, 8, 3, 1, 1, '利用解剖顯微鏡來進行觀察與描繪並拍照。', '2016-05-27 15:22:48');

-- --------------------------------------------------------

--
-- 資料表結構 `research_pilot`
--

CREATE TABLE `research_pilot` (
  `r_id` int(11) NOT NULL COMMENT '嘗試性實驗ID',
  `q_id` int(11) NOT NULL COMMENT '研究問題ID',
  `p_id` int(11) NOT NULL COMMENT '專題ID',
  `s_id` int(11) NOT NULL COMMENT '學生ID',
  `result` tinyint(2) NOT NULL COMMENT '結果 0：成功 1：失敗',
  `description` text NOT NULL COMMENT '結果說明',
  `attention` text NOT NULL COMMENT '應注意和改進的事項',
  `fileurl` varchar(255) DEFAULT NULL COMMENT '紀錄表URL',
  `fixed` tinyint(2) NOT NULL COMMENT '是否需要修改 0：否 1：是',
  `research` int(2) NOT NULL DEFAULT '0' COMMENT '是否為提案結果 0：提案中 1：結果 2：訂正',
  `research_time` timestamp NOT NULL DEFAULT CURRENT_TIMESTAMP COMMENT '建立時間'
) ENGINE=InnoDB DEFAULT CHARSET=utf8 COMMENT='嘗試性研究';

--
-- 資料表的匯出資料 `research_pilot`
--

INSERT INTO `research_pilot` (`r_id`, `q_id`, `p_id`, `s_id`, `result`, `description`, `attention`, `fileurl`, `fixed`, `research`, `research_time`) VALUES
(19, 42, 7, 71, 0, '風扇的最遠有效吹送距離', '最遠能推動風力發電機轉動的距離', NULL, 0, 1, '2016-05-24 16:37:05'),
(21, 43, 7, 71, 0, '風力發電機轉動所產生的電壓(伏特)，及最遠能推動風力發電機轉\n動的距離', '風力發電機每移動一次距離需先讓扇葉靜止後再測量。', NULL, 1, 1, '2016-05-24 16:50:32'),
(22, 45, 8, 3, 0, '結果出爐了，發現牠們比較喜歡吃肥肉，而且和瘦肉有很大的差異。', '雙色突胸家蟻不喜歡什麼食物', '/co.in/science/model/document/uploads_stage2-4/1-5.PNG', 0, 1, '2016-05-27 19:14:12'),
(25, 46, 8, 3, 0, '結果出爐了，發現牠們比較喜歡吃肥肉，而且和瘦肉有很大的差異。', '雙色突胸家蟻不喜歡什麼食物', NULL, 0, 1, '2016-05-27 20:23:21'),
(26, 48, 8, 3, 0, '測試小芝麻是否討厭檸檬', '：結果小芝麻一隻都沒跑來，代表他可能不喜歡蒜頭的味道。', '/co.in/science/model/document/uploads_stage2-4/1-2.jpg', 1, 1, '2016-05-27 20:23:48');

-- --------------------------------------------------------

--
-- 資料表結構 `research_qna`
--

CREATE TABLE `research_qna` (
  `q_id` int(11) NOT NULL COMMENT '反思與提問ID',
  `p_id` int(11) NOT NULL COMMENT '專題ID',
  `order` int(10) NOT NULL COMMENT '題目順序',
  `question` text NOT NULL COMMENT '問題(老師)',
  `answer` text NOT NULL COMMENT '答案(學生)',
  `research_time` timestamp NOT NULL DEFAULT CURRENT_TIMESTAMP COMMENT '建立時間'
) ENGINE=InnoDB DEFAULT CHARSET=utf8 COMMENT='QandA提問單';

--
-- 資料表的匯出資料 `research_qna`
--

INSERT INTO `research_qna` (`q_id`, `p_id`, `order`, `question`, `answer`, `research_time`) VALUES
(13, 9, 1, 'ㄘ', '', '2016-05-31 08:25:20'),
(14, 9, 2, 'ㄜ', '', '2016-05-31 08:25:20'),
(15, 9, 3, 'ㄨ', '1', '2016-05-31 08:25:20'),
(16, 9, 1, 'ㄘ', '', '2016-05-31 08:30:28'),
(17, 9, 2, 'ㄜ', '', '2016-05-31 08:30:28'),
(18, 9, 3, 'ㄨ', '', '2016-05-31 08:30:28'),
(19, 9, 1, 'ㄓ', '', '2016-05-31 08:35:44'),
(20, 9, 2, 'ˊ', '', '2016-05-31 08:35:44'),
(21, 9, 3, '˙', '', '2016-05-31 08:35:44'),
(22, 9, 1, 'ㄍㄐㄔㄗㄧ', '', '2016-05-31 08:50:59'),
(23, 9, 1, 'ㄔ', '', '2016-05-31 08:51:43'),
(24, 8, 2, 'ㄧ', 'GOOD', '2016-05-31 08:51:43');

-- --------------------------------------------------------

--
-- 資料表結構 `research_question`
--

CREATE TABLE `research_question` (
  `q_id` int(11) NOT NULL COMMENT '研究問題ID',
  `p_id` int(11) NOT NULL COMMENT '專題ID',
  `s_id` int(11) NOT NULL COMMENT '學生ID',
  `order` int(11) DEFAULT NULL COMMENT '問題序號',
  `5W1H` varchar(20) NOT NULL COMMENT '發散性思考',
  `question` varchar(100) NOT NULL COMMENT '研究問題',
  `assume` varchar(100) DEFAULT NULL COMMENT '假設',
  `independent_var` int(11) NOT NULL DEFAULT '0' COMMENT '操縱變因ID',
  `dependent_var` int(11) NOT NULL DEFAULT '0' COMMENT '應變變因ID',
  `research_time` timestamp NOT NULL DEFAULT CURRENT_TIMESTAMP COMMENT '建立時間'
) ENGINE=InnoDB DEFAULT CHARSET=utf8 COMMENT='研究問題';

--
-- 資料表的匯出資料 `research_question`
--

INSERT INTO `research_question` (`q_id`, `p_id`, `s_id`, `order`, `5W1H`, `question`, `assume`, `independent_var`, `dependent_var`, `research_time`) VALUES
(42, 7, 70, 1, 'what', '影響風扇「風力及最遠有效風距」的最大因素？', '影響風力與風距最大因素為風的強弱。', 11, 12, '2016-05-24 09:47:41'),
(43, 7, 70, 2, 'who', '「一般風扇」的表現比「循環風扇」來的好？', '循環的電風扇，比一般風扇來的涼快？', 11, 14, '2016-05-24 09:48:22'),
(45, 8, 5, 1, 'where', '洞口型態？', '假設螞蟻數量多，洞口形態越大', 15, 16, '2016-05-27 09:42:58'),
(46, 8, 5, 2, 'how', '如何築巢呢？', '利用小石，土和沙建築成巢穴', 19, 16, '2016-05-27 09:43:12'),
(48, 8, 5, 3, 'who', '內部構造？', '濕度會影響巢穴的構造', 18, 17, '2016-05-27 09:43:44');

-- --------------------------------------------------------

--
-- 資料表結構 `research_question_var`
--

CREATE TABLE `research_question_var` (
  `q_v_id` int(11) NOT NULL COMMENT '問題變數ID',
  `p_id` int(11) NOT NULL COMMENT '專題ID',
  `name` varchar(50) NOT NULL COMMENT '變因名稱',
  `research_var_time` timestamp NOT NULL DEFAULT CURRENT_TIMESTAMP COMMENT '建立時間'
) ENGINE=InnoDB DEFAULT CHARSET=utf8 COMMENT='變因';

--
-- 資料表的匯出資料 `research_question_var`
--

INSERT INTO `research_question_var` (`q_v_id`, `p_id`, `name`, `research_var_time`) VALUES
(11, 7, '風力', '2016-05-24 09:54:14'),
(12, 7, '風距', '2016-05-24 09:54:22'),
(13, 7, '循環', '2016-05-24 09:54:41'),
(14, 7, '風力', '2016-05-24 09:57:09'),
(15, 8, '群居', '2016-05-27 09:47:14'),
(16, 8, '螞蟻', '2016-05-27 09:47:18'),
(17, 8, '巢穴', '2016-05-27 09:47:28'),
(18, 8, '濕度', '2016-05-27 09:47:32'),
(19, 8, '沙、土和小石', '2016-05-27 09:47:57');

-- --------------------------------------------------------

--
-- 資料表結構 `research_report`
--

CREATE TABLE `research_report` (
  `r_id` int(11) NOT NULL COMMENT '研究報告ID',
  `p_id` int(11) NOT NULL COMMENT '專題ID',
  `s_id` int(11) NOT NULL COMMENT '學生ID',
  `stage` varchar(10) NOT NULL COMMENT '階段(ex：5-1，5-2，5-3)',
  `order` int(2) DEFAULT NULL COMMENT '順序(0：上 1：左 2：中 3：右 NULL：無)',
  `fileurl` varchar(255) NOT NULL COMMENT '檔案URL',
  `research_time` timestamp NOT NULL DEFAULT CURRENT_TIMESTAMP COMMENT '輸入時間'
) ENGINE=InnoDB DEFAULT CHARSET=utf8 COMMENT='研究成果報告';

--
-- 資料表的匯出資料 `research_report`
--

INSERT INTO `research_report` (`r_id`, `p_id`, `s_id`, `stage`, `order`, `fileurl`, `research_time`) VALUES
(1, 8, 3, '5-1', NULL, '/co.in/science/model/document/uploads_stage5-1/1-12.docx', '2016-05-30 08:29:35'),
(2, 8, 3, '5-2', 1, '/co.in/science/model/document/uploads_stage5-2/left.ppt', '2016-05-30 08:40:25'),
(3, 8, 3, '5-2', 0, '/co.in/science/model/document/uploads_stage5-2/top.ppt', '2016-05-30 08:40:31'),
(4, 8, 3, '5-2', 2, '/co.in/science/model/document/uploads_stage5-2/middle.ppt', '2016-05-30 08:40:35'),
(5, 8, 3, '5-2', 3, '/co.in/science/model/document/uploads_stage5-2/right.ppt', '2016-05-30 08:40:39'),
(6, 8, 3, '5-3', NULL, '<iframe width="560" height="315" src="https://www.youtube.com/embed/iLU11qs4U3E" frameborder="0" allowfullscreen></iframe>', '2016-05-30 08:42:39');

-- --------------------------------------------------------

--
-- 資料表結構 `research_theme`
--

CREATE TABLE `research_theme` (
  `t_id` int(11) NOT NULL COMMENT '研究主題ID',
  `p_id` int(11) NOT NULL COMMENT '專題ID',
  `s_id` int(11) NOT NULL COMMENT '學生ID',
  `theme` varchar(100) NOT NULL COMMENT '主題名稱',
  `info_src` int(2) NOT NULL COMMENT '主題來源 0：其他 1：生活中 2：課本中 3：參考別人的題目',
  `description` text NOT NULL COMMENT '主題說明',
  `filename` varchar(100) DEFAULT NULL COMMENT '檔案名稱',
  `fileurl` varchar(255) DEFAULT NULL COMMENT '檔案網址',
  `research` tinyint(2) NOT NULL DEFAULT '0' COMMENT '是否為結果 0：提案 1：結果',
  `research_time` timestamp NOT NULL DEFAULT CURRENT_TIMESTAMP COMMENT '建立時間'
) ENGINE=InnoDB DEFAULT CHARSET=utf8 COMMENT='研究主題';

--
-- 資料表的匯出資料 `research_theme`
--

INSERT INTO `research_theme` (`t_id`, `p_id`, `s_id`, `theme`, `info_src`, `description`, `filename`, `fileurl`, `research`, `research_time`) VALUES
(1, 7, 71, '循環風扇', 1, '每 到 了 夏 天 ， 氣 溫 驟 然 升 高 ， 教 室裡異常悶熱， 打開窗戶和窗簾\r\n陽光直射進來，使溫度更高；關了窗戶窗簾，卻使教室更不通風，再\r\n用更多的風扇都無法使教室有一絲的涼快。', '擷取1.PNG', '/co.in/science/model/document/uploads_stage1-1/擷取1.PNG', 1, '2016-05-24 07:19:01'),
(2, 7, 70, '幽靈', 1, '因為靈異節目很好看XDD', '6.jpg', '/co.in/science/model/document/uploads_stage1-1/6.jpg', 0, '2016-05-24 07:31:59'),
(3, 8, 3, '雙色突胸家蟻', 2, '百科全書上記載', '1-1.jpg', '/co.in/science/model/document/uploads_stage1-1/1-1.jpg', 1, '2016-05-26 14:26:53'),
(4, 8, 4, '隱翅蟲', 1, '前陣子被咬到...超痛...', NULL, NULL, 0, '2016-05-26 14:27:59'),
(5, 9, 3, '雜草也能做電池？', 1, '雜草也能做電池？', NULL, NULL, 0, '2016-06-02 10:07:03'),
(6, 10, 21, '我家', 1, '我累了', NULL, NULL, 1, '2016-06-05 14:14:33'),
(7, 12, 74, '天氣瓶', 1, '天氣瓶天氣瓶天氣瓶', '1412926984-1206754925.jpg', '/co.in/science/model/document/uploads_stage1-1/1412926984-1206754925.jpg', 0, '2016-06-07 13:02:39'),
(8, 9, 4, '天氣瓶的製作方式？', 1, '天氣瓶很美', '2719024_170353560816_2.jpg', '/co.in/science/model/document/uploads_stage1-1/2719024_170353560816_2.jpg', 1, '2016-06-14 13:12:52');

-- --------------------------------------------------------

--
-- 資料表結構 `research_topic`
--

CREATE TABLE `research_topic` (
  `t_id` int(11) NOT NULL COMMENT '研究題目ID',
  `p_id` int(11) NOT NULL COMMENT '專題ID',
  `s_id` int(11) NOT NULL COMMENT '學生ID',
  `topic` varchar(100) NOT NULL COMMENT '題目名稱',
  `description` text NOT NULL COMMENT '題目說明',
  `filename` varchar(100) DEFAULT NULL COMMENT '檔案名稱',
  `fileurl` varchar(255) DEFAULT NULL COMMENT '檔案連結',
  `research` tinyint(2) NOT NULL DEFAULT '0' COMMENT '是否為結果 0：提案 1：結果',
  `research_time` timestamp NOT NULL DEFAULT CURRENT_TIMESTAMP COMMENT '建立時間'
) ENGINE=InnoDB DEFAULT CHARSET=utf8 COMMENT='研究題目';

--
-- 資料表的匯出資料 `research_topic`
--

INSERT INTO `research_topic` (`t_id`, `p_id`, `s_id`, `topic`, `description`, `filename`, `fileurl`, `research`, `research_time`) VALUES
(14, 7, 71, '「一般風扇」的表現比「循環風扇」', '「一般風扇」的表現比「循環風扇」', '擷取2.PNG', '/co.in/science/model/document/uploads_stage1-2/擷取2.PNG', 1, '2016-05-24 08:52:19'),
(15, 8, 3, '蟻巢型態的觀察', '蟻巢型態的觀察', '1-7.PNG', '/co.in/science/model/document/uploads_stage1-2/1-7.PNG', 1, '2016-05-27 07:01:44'),
(16, 10, 21, '家能幹什麼', '學姐一直提媛媛\n', NULL, NULL, 1, '2016-06-05 14:45:07'),
(17, 9, 4, '雜草怎麼做成電池？', '雜草怎麼做成電池？', NULL, NULL, 1, '2016-06-05 14:45:07');

-- --------------------------------------------------------

--
-- 資料表結構 `research_topic_data`
--

CREATE TABLE `research_topic_data` (
  `t_d_id` int(11) NOT NULL COMMENT '主題相關ID',
  `t_id` int(11) NOT NULL COMMENT '主題ID',
  `d_id` int(11) NOT NULL COMMENT '資料庫ID',
  `research_data_time` timestamp NOT NULL DEFAULT CURRENT_TIMESTAMP COMMENT '建立時間'
) ENGINE=InnoDB DEFAULT CHARSET=utf8 COMMENT='參考資料';

--
-- 資料表的匯出資料 `research_topic_data`
--

INSERT INTO `research_topic_data` (`t_d_id`, `t_id`, `d_id`, `research_data_time`) VALUES
(33, 14, 48, '2016-05-24 08:52:19'),
(34, 14, 49, '2016-05-24 08:52:19'),
(35, 14, 50, '2016-05-24 08:52:19'),
(36, 15, 54, '2016-05-27 07:01:44'),
(37, 15, 56, '2016-05-27 07:01:44'),
(38, 15, 52, '2016-05-27 07:01:44'),
(39, 15, 51, '2016-05-27 07:01:44'),
(40, 16, 61, '2016-06-05 14:45:07'),
(41, 16, 62, '2016-06-05 14:45:07'),
(42, 16, 63, '2016-06-05 14:45:07');

-- --------------------------------------------------------

--
-- 資料表結構 `score_group`
--

CREATE TABLE `score_group` (
  `s_g_id` int(11) NOT NULL COMMENT '小組成績ID',
  `p_id` int(11) NOT NULL COMMENT '專題ID',
  `per_group` int(5) NOT NULL DEFAULT '50' COMMENT '小組成績百分比',
  `per_personal` int(5) NOT NULL DEFAULT '50' COMMENT '個人成績百分比',
  `per_process` int(5) NOT NULL DEFAULT '50' COMMENT '過程成績百分比',
  `per_report` int(5) NOT NULL DEFAULT '50' COMMENT '成果成績百分比',
  `process_score` int(5) NOT NULL DEFAULT '0' COMMENT '過程成績',
  `report_score` int(5) NOT NULL DEFAULT '0' COMMENT '報告成果成績',
  `final` tinyint(2) NOT NULL DEFAULT '0' COMMENT '是否為最後成績 0：否 1：是',
  `score_time` timestamp NOT NULL DEFAULT CURRENT_TIMESTAMP COMMENT '建立時間'
) ENGINE=InnoDB DEFAULT CHARSET=utf8 COMMENT='小組成績評量';

--
-- 資料表的匯出資料 `score_group`
--

INSERT INTO `score_group` (`s_g_id`, `p_id`, `per_group`, `per_personal`, `per_process`, `per_report`, `process_score`, `report_score`, `final`, `score_time`) VALUES
(9, 7, 50, 50, 50, 50, 0, 0, 0, '2016-05-24 06:19:37'),
(10, 8, 80, 10, 80, 20, 80, 77, 0, '2016-05-26 13:02:10'),
(11, 9, 50, 50, 50, 50, 0, 0, 0, '2016-05-30 07:05:54'),
(12, 10, 50, 50, 50, 50, 0, 0, 0, '2016-06-04 15:15:26'),
(13, 11, 50, 50, 50, 50, 0, 0, 0, '2016-06-06 03:11:41'),
(14, 12, 50, 50, 50, 50, 0, 0, 0, '2016-06-07 07:40:33'),
(15, 13, 50, 50, 50, 50, 0, 0, 0, '2016-06-10 19:12:35'),
(16, 14, 50, 50, 50, 50, 0, 0, 0, '2016-06-15 09:19:58'),
(17, 15, 50, 50, 50, 50, 0, 0, 0, '2016-06-23 10:21:44');

-- --------------------------------------------------------

--
-- 資料表結構 `score_personal`
--

CREATE TABLE `score_personal` (
  `s_p_id` int(11) NOT NULL COMMENT '個人成績ID',
  `p_id` int(11) NOT NULL COMMENT '專題ID',
  `s_id` int(11) NOT NULL COMMENT '學生ID',
  `score_1` int(5) NOT NULL DEFAULT '0' COMMENT '第一階段成績',
  `score_2` int(5) NOT NULL DEFAULT '0' COMMENT '第二階段成績',
  `score_3` int(5) NOT NULL DEFAULT '0' COMMENT '第三階段成績',
  `score_4` int(5) NOT NULL DEFAULT '0' COMMENT '第四階段成績',
  `score_5` int(5) NOT NULL DEFAULT '0' COMMENT '第五階段成績',
  `final_score` int(5) NOT NULL DEFAULT '0' COMMENT '最後成績',
  `score_time` timestamp NOT NULL DEFAULT CURRENT_TIMESTAMP COMMENT '更新時間'
) ENGINE=InnoDB DEFAULT CHARSET=utf8 COMMENT='個人成績評量';

--
-- 資料表的匯出資料 `score_personal`
--

INSERT INTO `score_personal` (`s_p_id`, `p_id`, `s_id`, `score_1`, `score_2`, `score_3`, `score_4`, `score_5`, `final_score`, `score_time`) VALUES
(20, 7, 70, 0, 0, 0, 0, 0, 0, '2016-05-24 06:19:37'),
(21, 7, 71, 0, 0, 0, 0, 0, 0, '2016-05-24 06:19:37'),
(22, 8, 3, 80, 80, 80, 80, 80, 80, '2016-05-26 13:02:10'),
(23, 8, 4, 80, 55, 56, 70, 99, 100, '2016-05-26 13:02:10'),
(24, 8, 5, 0, 0, 0, 0, 0, 0, '2016-05-26 13:02:10'),
(25, 9, 4, 0, 0, 0, 0, 0, 0, '2016-05-30 07:05:54'),
(26, 9, 3, 0, 0, 0, 0, 0, 0, '2016-05-30 07:05:54'),
(27, 9, 5, 0, 0, 0, 0, 0, 0, '2016-05-30 07:05:55'),
(28, 9, 68, 0, 0, 0, 0, 0, 0, '2016-05-30 07:05:55'),
(29, 10, 21, 0, 0, 0, 0, 0, 0, '2016-06-04 15:15:26'),
(30, 10, 22, 0, 0, 0, 0, 0, 0, '2016-06-04 15:15:26'),
(31, 11, 21, 0, 0, 0, 0, 0, 0, '2016-06-06 03:11:41'),
(32, 11, 22, 0, 0, 0, 0, 0, 0, '2016-06-06 03:11:41'),
(33, 12, 74, 0, 0, 0, 0, 0, 0, '2016-06-07 07:40:33'),
(34, 12, 75, 0, 0, 0, 0, 0, 0, '2016-06-07 07:40:33'),
(35, 13, 3, 0, 0, 0, 0, 0, 0, '2016-06-10 19:12:35'),
(36, 13, 4, 0, 0, 0, 0, 0, 0, '2016-06-10 19:12:35'),
(37, 13, 5, 0, 0, 0, 0, 0, 0, '2016-06-10 19:12:35'),
(38, 14, 74, 0, 0, 0, 0, 0, 0, '2016-06-15 09:19:58'),
(39, 15, 75, 0, 0, 0, 0, 0, 0, '2016-06-23 10:21:44');

-- --------------------------------------------------------

--
-- 資料表結構 `search`
--

CREATE TABLE `search` (
  `s_id` int(5) NOT NULL,
  `title` varchar(150) NOT NULL,
  `year` year(4) DEFAULT NULL COMMENT '年份',
  `grade` varchar(9) DEFAULT NULL,
  `domain` varchar(30) DEFAULT NULL,
  `rank` int(1) DEFAULT NULL,
  `sour` varchar(20) DEFAULT NULL,
  `rd1` varchar(12) DEFAULT NULL,
  `rd2` varchar(12) DEFAULT NULL,
  `self` varchar(1) DEFAULT NULL,
  `nonfuntion` varchar(1) DEFAULT NULL,
  `stype` varchar(1) DEFAULT NULL,
  `kw1` varchar(50) DEFAULT NULL,
  `kw2` varchar(50) DEFAULT NULL,
  `kw3` varchar(50) DEFAULT NULL,
  `kw4` varchar(50) DEFAULT NULL,
  `attachment` varchar(150) DEFAULT NULL,
  `check` tinyint(2) NOT NULL DEFAULT '0' COMMENT '是否收藏(0：未收藏 1：已收藏)'
) ENGINE=MyISAM DEFAULT CHARSET=utf8;

--
-- 資料表的匯出資料 `search`
--

INSERT INTO `search` (`s_id`, `title`, `year`, `grade`, `domain`, `rank`, `sour`, `rd1`, `rd2`, `self`, `nonfuntion`, `stype`, `kw1`, `kw2`, `kw3`, `kw4`, `attachment`, `check`) VALUES
(1, '燈「糖」入視─糖性質的測定', 2013, '國小組', '化學科', 1, '生活', '實驗法', '', 'y', 'y', 'n', '糖度計', '旋光性', '糖的熱量', '', '1燈糖入視糖性質的測定.pdf', 1),
(2, '雜草也能做電池？', 2013, '國小組', '化學科', 2, '新聞', '實驗法', '', 'n', 'n', 'n', '葉綠素', '電池', '', '', '2雜草也能做電池.pdf', 0),
(3, 'Hold住—解析石墨型燃料電池', 2013, '國小組', '化學科', 3, '課堂', '實驗法', '觀察法', 'n', 'n', 'n', '電解食鹽水', '吸水高分子', '燃料電池', '', '3Hold住解析石墨型燃料電池.pdf', 0),
(4, '誰是鎘鬥大明星', 2013, '國小組', '化學科', 3, '生活', '實驗法', '觀察法', 'n', 'n', 'n', '鎘', '牛糞', '稻草桿', '', '3誰是鎘鬥大明星.pdf', 0),
(5, '「銅」話故事的「孑」局', 2013, '國小組', '生物科', 1, '他人研究', '實驗法', '觀察法', 'y', 'n', 'n', '銅離子', '孑孓', '', '', '1銅話故事的孑局.pdf', 0),
(6, '『蟻』隻獨秀', 2013, '國小組', '生物科', 2, '生活', '觀察法', '實驗法', 'y', 'y', 'n', '雙色突胸家蟻', '五孔頂', '攝食行為', '', '2蟻隻獨秀.pdf', 0),
(7, '戰地金門礁岩上的迷彩攀岩戰甲-四齒大額蟹', 2013, '國小組', '生物科', 3, '生活', '觀察法', '', 'n', 'n', 'n', '四齒大額蟹', '螃蟹', '', '', '3戰地金門礁岩上的迷彩攀岩戰甲四齒大額蟹.pdf', 0),
(8, '雙贏新策略-探究外來種非寄主植物水浸液對埃及吹綿介殼蟲的防治', 2013, '國小組', '生物科', 3, '生活', '觀察法', '實驗法', 'n', 'n', 'n', '埃及吹綿介殼蟲', '外來種', '瑪瑙珠', '', '3雙贏新策略探究外來種非寄主植物水浸液對埃及吹綿介殼蟲的防治.pdf', 0),
(9, 'Eureka!!!我分辨得出來了!~找出假東西的新方法~', 2013, '國小組', '生活與應用科學科', 1, '生活', '實驗法', '', 'n', 'n', 'y', '聲音', '頻譜圖', '汽油與假酒鑑定', '', '1Eureka我分辨得出來了找出假東西的新方法.pdf', 0),
(10, '模「飯」生', 2013, '國小組', '生活與應用科學科', 2, '生活', '實驗法', '調查法', 'y', 'y', 'y', '硬度', '黏性', '蒸飯', '', '2模飯生.pdf', 0),
(11, '「電」光「水」蝕 ~ 探討電池漏液原因和預防方法', 2013, '國小組', '生活與應用科學科', 3, '生活', '實驗法', '', 'y', 'n', 'y', '電池', '漏液', '電池防護', '', '3電光水蝕探討電池漏液原因和預防方法.pdf', 0),
(12, '風神演義-循環風扇的秘密', 2013, '國小組', '生活與應用科學科', 3, '生活', '實驗法', '', 'y', 'y', 'y', '循環', '風扇', '氣流', '', '3風神演義循環風扇的秘密.pdf', 0),
(13, '發光吧!捏麵人!-濕軟電路於捏麵人導電之研究', 2013, '國小組', '生活與應用科學科', 3, '其他', '實驗法', '', 'n', 'n', 'y', '濕軟電路', '捏麵人', 'LED燈', '', '3發光吧捏麵人濕軟電路於捏麵人導電之研究.pdf', 0),
(14, '綠色寶笛', 2013, '國小組', '生活與應用科學科', 3, '課堂', '實驗法', '', 'n', 'n', 'n', '寶特瓶', '頻率', '面積', '', '3綠色寶笛.pdf', 0),
(15, '塵定洄瀾灣∼花蓮溪風沙防治探究', 2013, '國小組', '地球科學科', 1, '生活', '實驗法', '調查法', 'y', 'n', 'n', '風的搬運作用', '風沙防治', '', '', '1塵定洄瀾灣花蓮溪風沙防治探究.pdf', 0),
(16, '探索社區「貝殼化石」鑽孔的過去與現在', 2013, '國小組', '地球科學科', 2, '他人研究', '觀察法', '', 'n', 'n', 'n', '化石', '古玉螺', '貝殼', '', '2探索社區貝殼化石鑽孔的過去與現在.pdf', 0),
(17, '天上的星星不說話，海上的眼淚藍如畫', 2013, '國小組', '地球科學科', 3, '生活', '觀察法', '', 'n', 'n', 'n', '馬祖', '藍眼淚', '夜光藻', '', '3天上的星星不說話海上的眼淚藍如畫.pdf', 0),
(18, '趕上潮流', 2013, '國小組', '地球科學科', 3, '生活', '觀察法', '', 'n', 'n', 'n', '潮汐', '', '', '', '3趕上潮流.pdf', 0),
(19, '鄒族獵人的槓桿原理', 2013, '國小組', '物理科', 1, '生活', '實驗法', '', 'n', 'n', 'y', '陷阱', '槓桿原理', '摩擦力', '', '1鄒族獵人的槓桿原理.pdf', 0),
(20, '發電800W--廢棄運動風扇腳踏車變身發電機', 2013, '國小組', '物理科', 2, '生活', '實驗法', '', 'n', 'n', 'y', '感應發電', '發電機', '', '', '2發電800W廢棄運動風扇腳踏車變身發電機.pdf', 0),
(21, '「蛇」我其誰', 2013, '國小組', '物理科', 3, '生活', '實驗法', '', 'y', 'y', 'n', '蛇板', '扭力桿', '擺動動力', '', '3蛇我其誰.pdf', 0),
(22, '桿與輪的華爾滋-桿擺運動的探討', 2013, '國小組', '物理科', 3, '其他', '實驗法', '', 'y', 'n', 'n', '桿擺', '摩擦力', '阻尼', '', '3桿與輪的華爾滋桿擺運動的探討.pdf', 0),
(23, '明列子在生質柴油的應用', 2013, '國中組', '化學科', 1, '生活', '實驗法', '', 'n', 'n', 'n', '明列子', '生質柴油', '', '', '1明列子在生質柴油的應用.pdf', 0),
(24, '神秘魔法石，銅銅抓起來', 2013, '國中組', '化學科', 2, '課堂', '實驗法', '', 'n', 'n', 'n', '大理石', '吸附', '銅離子', '', '2神秘魔法石銅銅抓起來.pdf', 0),
(25, '探討磁場中不同載流硫酸鹽溶液的轉動效果', 2013, '國中組', '化學科', 3, '他人研究', '實驗法', '', 'y', 'n', 'n', '硫酸鹽', '解離', '右手開掌定則', '', '3探討磁場中不同載流硫酸鹽溶液的轉動效果.pdf', 0),
(26, '搞什麼？多酚亂變色！', 2013, '國中組', '化學科', 3, '他人研究', '實驗法', '', 'y', 'n', 'n', '多酚', '雙氧水', '自身還原氧化', '', '3搞什麼多酚亂變色.pdf', 0),
(27, '蝦米吸金ㄟ--幾丁聚醣顆粒對金屬離子吸附之探討', 2013, '國中組', '化學科', 3, '生活', '實驗法', '', 'n', 'n', 'n', '幾丁質', '幾丁聚醣', '去乙醯化', '', '3蝦米吸金幾丁聚醣顆粒對金屬離子吸附之探討.pdf', 0),
(28, '「蛹」恆的約定', 2013, '國中組', '生物科', 1, '生活', '觀察法', '實驗法', 'n', 'n', 'n', '樺斑蝶', '蛹', '結蛹點', '', '1蛹恆的約定.pdf', 0),
(29, '天空的舞者--探討槭樹種子的飛行模式', 2013, '國中組', '生物科', 2, '生活', '觀察法', '', 'n', 'n', 'n', '槭樹種子', '白努力定律', '', '', '2天空的舞者探討槭樹種子的飛行模式.pdf', 0),
(30, '天造地設-探討黃槿刺子節蜱的造癭秘密', 2013, '國中組', '生物科', 3, '他人研究', '觀察法', '', 'n', 'n', 'n', '黃槿刺子節蜱', '蟲癭', '', '', '3天造地設探討黃槿刺子節蜱的造癭秘密.pdf', 0),
(31, '尋找正榕小小蜂', 2013, '國中組', '生物科', 3, '課堂', '觀察法', '', 'n', 'n', 'n', '正榕', '榕果', '榕小蜂', '', '3尋找正榕小小蜂.pdf', 0),
(32, '滿庭芳-植物的氣味世界', 2013, '國中組', '生物科', 3, '生活', '實驗法', '', 'n', 'n', 'n', '可揮發油性物質', '光合作用', '氧化壓力', '', '3滿庭芳植物的氣味世界.pdf', 0),
(33, '聰明的百香果，捲!捲!捲!', 2013, '國中組', '生物科', 3, '課堂', '觀察法', '', 'y', 'n', 'n', '百香果', '向觸性', '捲鬚莖', '', '3聰明的百香果捲捲捲.pdf', 0),
(34, '綠焰重生---落葉碳質燃料在熱電晶片發電應用研究', 2013, '國中組', '生活與應用科學科', 1, '生活', '實驗法', '', 'y', 'n', 'y', '落葉', '碳質燃料', '熱電晶片', '', '1綠焰重生落葉碳質燃料在熱電晶片發電應用研究.pdf', 0),
(35, '省錢！再省錢！螺旋燈管散熱之研究', 2013, '國中組', '生活與應用科學科', 2, '生活', '實驗法', '', 'n', 'n', 'y', '光衰', '螺形導熱片', '散熱風扇', '', '2省錢再省錢螺旋燈管散熱之研究.pdf', 0),
(36, '水深不深有波則明', 2013, '國中組', '生活與應用科學科', 3, '生活', '觀察法', '', 'n', 'n', 'n', '水波', '船速', '水深', '', '3水深不深有波則明.pdf', 0),
(37, '羽置今拾－應用羽球重心斜面力學整列與拋物線的省力收集器', 2013, '國中組', '生活與應用科學科', 3, '生活', '', '', 'n', 'n', 'y', '整列', '省力', '連桿機構', '', '3羽置今拾應用羽球重心斜面力學整列與拋物線的省力收集器.pdf', 0),
(38, '音樂數學，數學音樂', 2013, '國中組', '生活與應用科學科', 3, '課堂', '調查法', '', 'n', 'n', 'y', '黃金比例', '矩陣', '新維也納樂派', '', '3音樂數學數學音樂.pdf', 0),
(39, '塑膠袋，行不行？', 2013, '國中組', '生活與應用科學科', 3, '生活', '實驗法', '', 'n', 'n', 'n', '塑膠袋', '線蟲', '親子代', '', '3塑膠袋行不行.pdf', 0),
(40, '「風」迴路轉-以氣流與水流模擬颱風過山的路徑變化', 2013, '國中組', '地球科學科', 1, '生活', '實驗法', '', 'y', 'y', 'n', '弱風尾流區', '副低壓', '狹管效應', '', '1風迴路轉以氣流與水流模擬颱風過山的路徑變化.pdf', 0),
(41, '轎車頂上的露水洩露了天機', 2013, '國中組', '地球科學科', 2, '生活', '觀察法', '', 'n', 'n', 'n', '氣溫', '相對溼度', '露點溫度', '', '2轎車頂上的露水洩露了天機.pdf', 0),
(42, '小男孩別來亂-聖嬰來了!.', 2013, '國中組', '地球科學科', 3, '生活', '觀察法', '', 'n', 'n', 'n', '聖嬰', '反聖嬰', '颱風', '', '3小男孩別來亂聖嬰來了.pdf', 0),
(43, '坍與不坍-崩塌地之土粒研究', 2013, '國中組', '地球科學科', 3, '生活', '觀察法', '實驗法', 'n', 'n', 'n', '崩塌', '土粒大小', '孔隙率', '', '3坍與不坍崩塌地之土粒研究.pdf', 0),
(44, '黑與白的邂逅--探討黑條紋與白條紋升溫降溫的變化', 2013, '國中組', '物理科', 1, '課堂', '實驗法', '', 'y', 'n', 'n', '黑白條紋', '升溫', '降溫', '', '1黑與白的邂逅探討黑條紋與白條紋升溫降溫的變化.pdf', 0),
(45, '我抓得住它──虛像', 2013, '國中組', '物理科', 2, '課堂', '實驗法', '', 'y', 'y', 'n', '虛像', '視角', '相似三角形', '', '2我抓得住它虛像.pdf', 0),
(46, '繩波急先鋒-抓住速度', 2013, '國中組', '物理科', 2, '課堂', '實驗法', '', 'n', 'n', 'n', '繩波波速', '頻率', '光電計時器', '', '2繩波急先鋒抓住速度.pdf', 0),
(47, '漂浮液滴於液面上產生不連續性體積縮小的變化現象', 2013, '國中組', '物理科', 3, '他人研究', '觀察法', '實驗法', 'n', 'n', 'n', '漂浮液滴', '體積縮小', '不連續性', '', '3漂浮液滴於液面上產生不連續性體積縮小的變化現象.pdf', 0),
(48, '大家來找「茶」－茶抗氧化力之探討', 2012, '國小組', '化學科', 1, '課堂', '調查法', '實驗法', 'n', 'n', 'n', '抗氧化力', '茶', '兒茶素', '', '1大家來找茶茶抗氧化力之探討.pdf', 0),
(49, '向火神借五分鐘∼談耐火材料延遲火災發生的效應', 2012, '國小組', '化學科', 2, '課堂', '實驗法', '觀察法', 'n', 'n', 'n', '耐火材料', '小蘇打', '矽酸鈉', '', '2向火神借五分鐘談耐火材料延遲火災發生的效應.pdf', 0),
(50, '有(氧)運動－製造氧氣初探', 2012, '國小組', '化學科', 3, '課堂', '實驗法', '', 'n', 'n', 'n', '雙氧水', '咸豐草', '校園植物', '', '3有氧運動製造氧氣初探.pdf', 0),
(51, '我自橫罐七天酵，去留酒氣兩崑崙∼探討酒精發酵之最佳條件', 2012, '國小組', '化學科', 3, '生活', '實驗法', '', 'n', 'n', 'n', '酒精發酵', '蒸餾法', '酵母菌', '', '3我自橫罐七天酵去留酒氣兩崑崙探討酒精發酵之最佳條件.pdf', 0),
(52, '宅蟲－黑星弄蝶幼蟲築巢及相關行為探討', 2012, '國小組', '生物科', 1, '課堂', '觀察法', '實驗法', 'n', 'n', 'n', '黑星弄蝶幼蟲', '葉苞', '築巢行為', '', '1宅蟲黑星弄蝶幼蟲築巢及相關行為探討.pdf', 0),
(53, '水中忍者－研究日本沼蝦對棲地環境的適應', 2012, '國小組', '生物科', 2, '生活', '觀察法', '實驗法', 'y', 'n', 'n', '日本沼蝦', '型態特徵', '體色變化', '', '2水中忍者研究日本沼蝦對棲地環境的適應.pdf', 0),
(54, '別太囂「蟑」！', 2012, '國小組', '生物科', 3, '生活', '觀察法', '實驗法', 'n', 'n', 'y', '棕帶蟑螂', '蟑螂防治', '', '', '3別太囂蟑.pdf', 0),
(55, '野蜂之無形助手－靜電與翅膀結構、狀態對採粉的幫助', 2012, '國小組', '生物科', 3, '生活', '實驗法', '觀察法', 'y', 'n', 'n', '臺灣野蜂', '靜電', '翅膀', '', '3野蜂之無形助手靜電與翅膀結構狀態對採粉的幫助.pdf', 0),
(56, '犀利水龜－點刻三線大龍蝨全記錄', 2012, '國小組', '生物科', 3, '生活', '觀察法', '', 'n', 'n', 'n', '點刻三線大龍蝨', '生態', '動物行為', '', '3犀利水龜點刻三線大龍蝨全記錄.pdf', 0),
(57, '彩虹玫瑰新視界－染色花探秘', 2012, '國小組', '生活與應用科學科', 1, '他人研究', '實驗法', '', 'n', 'n', 'y', '毛細現象', '維管束', '食用色素', '', '1彩虹玫瑰新視界染色花探秘.pdf', 0),
(58, '蟲來？門都沒有！', 2012, '國小組', '生活與應用科學科', 1, '課堂', '實驗法', '觀察法', 'y', 'n', 'y', '米蟲', '驅蟲', '防蟲', '', '1蟲來門都沒有.pdf', 0),
(59, '太陽剋星－七彩智能減光機', 2012, '國小組', '生活與應用科學科', 2, '生活', '實驗法', '觀察法', 'n', 'n', 'y', '偏光片', '薄膜干涉', '太陽高度角', '', '2太陽剋星七彩智能減光機.pdf', 0),
(60, '科學「麵」', 2012, '國小組', '生活與應用科學科', 2, '生活', '實驗法', '', 'y', 'n', 'y', '咬勁', '彈性', '手工麵', '', '2科學麵.pdf', 0),
(61, '「珠」撿不斷「軌」還來亂，『雲霄飛車』的探討', 2012, '國小組', '生活與應用科學科', 3, '生活', '實驗法', '', 'n', 'n', 'n', 'G5', '衝量', '向心力', '', '3珠撿不斷軌還來亂雲霄飛車探討.pdf', 0),
(62, '化磁力為動力－永磁動力的探討與應用', 2012, '國小組', '生活與應用科學科', 3, '其他', '實驗法', '', 'y', 'n', 'y', '磁動機', '馬達', '能量守恆', '', '3化磁力為動力永磁動力的探討與應用.pdf', 0),
(63, '好聚好散！用過不留痕跡！好黏又好去的自製天然環保膠', 2012, '國小組', '生活與應用科學科', 3, '生活', '實驗法', '', 'y', 'y', 'y', '天然環保黏膠', '去膠', '黏度', '', '3好聚好散用過不留痕跡好黏又好去的自製天然環保膠.pdf', 0),
(64, '穿越煙瀑 真相大白', 2012, '國小組', '生活與應用科學科', 3, '生活', '實驗法', '', 'n', 'n', 'y', '立香', '煙瀑', '空氣對流', '', '3穿越煙瀑真相大白.pdf', 0),
(65, '神奇小吸管－生活好幫手', 2012, '國小組', '生活與應用科學科', 3, '生活', '實驗法', '', 'y', 'y', 'n', '毛細現象', '澆水', '盆栽', '', '3神奇小吸管生活好幫手.pdf', 0),
(66, '狂暴的太陽－太陽磁力線的模擬與探討', 2012, '國小組', '地球科學科', 1, '課堂', '實驗法', '', 'y', 'y', 'n', '太陽', '日冕', '磁力線', '', '1狂暴的太陽太陽磁力線的模擬與探討.pdf', 0),
(67, '「濁」毋庸議－濁水溪中下游之濁度與自製水質濁度測量法之研究', 2012, '國小組', '地球科學科', 2, '生活', '調查法', '實驗法', 'y', 'y', 'y', '濁水溪', '濁度', '測量濁度', '', '2濁毋庸議濁水溪中下游之濁度與自製水質濁度測量法之研究.pdf', 0),
(68, '搶救「沙灘」大作戰∼探討潛堤對海岸沙灘的影響', 2012, '國小組', '地球科學科', 3, '新聞', '實驗法', '', 'n', 'n', 'n', '潛堤', '波浪', '侵蝕', '', '3搶救沙灘大作戰探討潛堤對海岸沙灘的影響.pdf', 0),
(69, '戀戀鄉「土」∼窺見土角厝的奧秘', 2012, '國小組', '地球科學科', 3, '課堂', '觀察法', '實驗法', 'n', 'n', 'n', 'Q土', '土角', '強度', '', '3戀戀鄉土窺見土角厝的奧秘.pdf', 0),
(70, '「環」原真相－探究雙環潛艇漂移的各種現象', 2012, '國小組', '物理科', 1, '課堂', '實驗法', '', 'n', 'n', 'n', '創意型雙環潛艇', '飄移', '旋轉', '', '1環原真相探究雙環潛艇漂移的各種現象.pdf', 0),
(71, '「空穴」也「來風」－「太陽能塔」氣流動力因素之剖析', 2012, '國小組', '物理科', 2, '新聞', '實驗法', '', 'n', 'n', 'y', '太陽能塔', '溫室', '煙囪效應', '', '2空穴也來風太陽能塔氣流動力因素之剖析.pdf', 0),
(72, '「環」「環」相扣', 2012, '國小組', '物理科', 3, '生活', '實驗法', '', 'y', 'y', 'n', '重力', '力矩', '摩擦力', '', '3環環相扣.pdf', 0),
(73, '不可思議的小尖冰∼探討水珠結冰的特殊現象', 2012, '國小組', '物理科', 3, '課堂', '觀察法', '', 'n', 'n', 'n', '結冰', '體積膨脹', '冰尖凸', '', '3不可思議的小尖冰探討水珠結冰的特殊現象.pdf', 0),
(74, '烘衣何時了，紅外線知曉', 2012, '國小組', '物理科', 3, '生活', '實驗法', '', 'y', 'n', 'y', '烘衣服', '紅外線來客報知器', '透光率', '', '3烘衣何時了紅外線知曉.pdf', 0),
(75, '「氧」「氫」蓄銳•死灰復「燃」', 2012, '國中組', '化學科', 1, '課堂', '實驗法', '', 'y', 'n', 'y', '燃料電池', '活性碳', '水電解', '', '1氧氫蓄銳死灰復燃.pdf', 0),
(76, '七彩的白色小球－探討奈米自組裝變項的交互作用', 2012, '國中組', '化學科', 2, '其他', '實驗法', '', 'n', 'n', 'n', '聚苯乙烯', '自組裝', '光子晶體', '', '2七彩的白色小球探討奈米自組裝變項的交互作用.pdf', 0),
(77, '『金來瘋』－金屬廢液利用電解法提高回收效率與節能大小的探討－', 2012, '國中組', '化學科', 3, '課堂', '實驗法', '', 'n', 'n', 'n', '氧化還原', '汙水處理', '回收效率', '', '3金來瘋金屬廢液利用電解法提高回收效率與節能大小的探討.pdf', 0),
(78, '自製高功率的廢鋁燃料電池', 2012, '國中組', '化學科', 3, '課堂', '實驗法', '', 'n', 'n', 'y', '氧化還原反應', '伏打電池', '燃料電池', '', '3自製高功率的廢鋁燃料電池.pdf', 0),
(79, '不讓你睡∼睡眠運動植物適應時差變化節奏之研究', 2012, '國中組', '生物科', 1, '課堂', '觀察法', '', 'n', 'n', 'n', '睡眠運動', '酢醬草', '含羞草', '', '1不讓你睡睡眠運動植物適應時差變化節奏之研究.pdf', 0),
(80, '埃及吹綿介殼蟲的生存之道∼蠟泌物與蜜露排除機制探討', 2012, '國中組', '生物科', 2, '生活', '觀察法', '', 'n', 'n', 'n', '埃及吹綿介殼蟲', '蠟泌物', '蜜露', '', '2埃及吹綿介殼蟲的生存之道蠟泌物與蜜露排除機制探討.pdf', 0),
(81, '「蓮」香「螅癒」', 2012, '國中組', '生物科', 3, '課堂', '觀察法', '', 'n', 'n', 'n', '綠水螅', '石蓮花', '組織再生', '', '3蓮香螅癒.pdf', 0),
(82, '知「朱」網， 扶桑花訊－探討朱槿的花開花閉', 2012, '國中組', '生物科', 3, '生活', '觀察法', '', 'n', 'n', 'n', '朱槿', '蕊柱', '花瓣', '', '3知朱網扶桑花訊探討朱槿的花開花閉.pdf', 0),
(83, '叛逆生存－研究結實與不結實族群之差異性', 2012, '國中組', '生物科', 3, '其他', '觀察法', '', 'n', 'n', 'n', '竹仔菜', '資源分配', '生態區位', '', '3叛逆生存研究結實與不結實族群之差異性.pdf', 0),
(84, '承諾一個乾淨的未來－太陽能磁浮馬達和高效率磁浮小型電動機及風力發電機', 2012, '國中組', '生活與應用科學科', 1, '其他', '實驗法', '', 'y', 'n', 'y', '太陽能發電', '磁浮馬達', '綠色能源', '', '1承諾一個乾淨的未來太陽能磁浮馬達和高效率磁浮小型電動機及風力發電機.pdf', 0),
(85, '芒草•變裝•show！－芒草纖維作為造紙新原料的可行性研究', 2012, '國中組', '生活與應用科學科', 2, '課堂', '實驗法', '', 'n', 'n', 'y', '芒草', '造紙原料', '紙張性質測試', '', '2芒草變裝show芒草纖維作為造紙新原料的可行性研究.pdf', 0),
(86, '風生水起－流體動能利用系統', 2012, '國中組', '生活與應用科學科', 3, '生活', '實驗法', '', 'n', 'n', 'y', '風力發電', '動能', '轉速', '', '3風生水起流體動能利用系統.pdf', 0),
(87, '尋找最死心蹋地黏著你的環保膠', 2012, '國中組', '生活與應用科學科', 3, '其他', '實驗法', '', 'n', 'n', 'n', '黏著力', '環保膠', '澱粉', '', '3尋找最死心蹋地黏著你的環保膠.pdf', 0),
(88, '調味與抑菌兼具的食材與口腔細菌之探討', 2012, '國中組', '生活與應用科學科', 3, '生活', '實驗法', '', 'n', 'n', 'n', '口腔細菌', '蒜頭', '天然漱口水', '', '3調味與抑菌兼具的食材與口腔細菌之探討.pdf', 0),
(89, '利用沉積岩開啟大高雄旗美地區的地質秘密', 2012, '國中組', '地球科學科', 2, '生活', '實驗法', '', 'y', 'n', 'n', '沉積岩', '地質', '旗美地區', '', '2利用沉積岩開啟大高雄旗美地區的地質秘密.pdf', 0),
(90, '霧會說天氣', 2012, '國中組', '地球科學科', 2, '生活', '觀察法', '', 'n', 'n', 'n', '霧', '', '', '', '2霧會說天氣.pdf', 0),
(91, '「震不震」的住', 2012, '國中組', '地球科學科', 3, '生活', '實驗法', '', 'y', 'n', 'y', '地震', '慣性', '阻尼器', '', '3震不震的住.pdf', 0),
(92, '二分之一秒的偏移∼棒球之變化球軌跡模式的建立', 2012, '國中組', '物理科', 1, '其他', '實驗法', '', 'y', 'n', 'n', '棒球', '變化球', '', '', '1二分之一秒的偏移棒球之變化球軌跡模式的建立.pdf', 0),
(93, '美 ”力” 泡 泡', 2012, '國中組', '物理科', 2, '生活', '實驗法', '', 'y', 'n', 'n', '肥皂泡', '表面張力', '馬拉高尼效應', '', '2美力泡泡.pdf', 0),
(94, '大珠小珠落一盤－出水端水滴體積變化之研究', 2012, '國中組', '物理科', 3, '課堂', '實驗法', '', 'n', 'n', 'n', '體積', '重力', '表面張力', '', '3大珠小珠落一盤出水端水滴體積變化之研究.pdf', 0),
(95, '水「升」火熱－探討水珠在高溫下彈性與移動狀態', 2012, '國中組', '物理科', 3, '生活', '實驗法', '', 'n', 'n', 'n', '溫度', '表面張力', '', '', '3水升火熱探討水珠在高溫下彈性與移動狀態.pdf', 0),
(96, '彩虹橋－利用彩虹原理探討混合液體之折射率的計算模式', 2012, '國中組', '物理科', 3, '生活', '實驗法', '', 'y', 'n', 'n', '光柵', '折射率', '彩虹原理', '', '3彩虹橋利用彩虹原理探討混合液體之折射率的計算模式.pdf', 0),
(97, '竹筒裡的奧秘', 2011, '國小組', '化學科', 1, '課堂', '實驗法', '', 'n', 'n', 'n', '竹筒', '二氧化碳', '氧氣', '', '1竹筒裡的奧秘.pdf', 0),
(98, '察顏觀色有一套，酸鹼『光』看就知道', 2011, '國小組', '化學科', 2, '生活', '實驗法', '', 'y', 'n', 'y', '酸鹼值', '色弱', '太陽能板', '', '2察顏觀色有一套酸鹼光看就知道.pdf', 0),
(99, '你「蒜」哪根「蔥」─蔥蒜抗氧化力之探討', 2011, '國小組', '化學科', 3, '生活', '實驗法', '', 'n', 'n', 'n', '蔥', '蒜頭', '抗氧化力', '', '3你蒜哪根蔥蔥蒜抗氧化力之探討.pdf', 0),
(100, '是我放的電', 2011, '國小組', '化學科', 3, '其他', '實驗法', '', 'n', 'n', 'n', '環保電池', '分辨金屬', '', '', '3是我放的電.pdf', 0),
(101, '春眠怖「孓」曉，處處蚊子咬', 2011, '國小組', '生物科', 1, '生活', '觀察法', '', 'n', 'y', 'n', '登革熱', '斑蚊', '孑孓', '', '1春眠怖孓曉處處蚊子咬.pdf', 0),
(102, '剋「螨」！天敵立大功！', 2011, '國小組', '生物科', 2, '生活', '觀察法', '', 'n', 'n', 'n', '二點夜螨', '補植螨', '草蛉幼蟲', '', '2剋螨天敵立大功.pdf', 0),
(103, '不離不棄-探討石鱉的出洞與回巢', 2011, '國小組', '生物科', 3, '生活', '觀察法', '', 'n', 'n', 'n', '石鱉', '石洞', '潮間帶', '', '3不離不棄探討石鱉的出洞與回巢.pdf', 0),
(104, '甜蜜的負荷-負子蟲全記錄', 2011, '國小組', '生物科', 3, '課堂', '觀察法', '', 'n', 'n', 'n', '負子蟲生物學', '習性', '動物行為', '', '3甜蜜的負荷負子蟲全記錄.pdf', 0),
(105, '誰在指揮蚜蟲的波浪舞？─「蚜蟲集體搖動現象的研究」', 2011, '國小組', '生物科', 3, '生活', '觀察法', '', 'n', 'y', 'n', '蚜蟲', '社會化', '搖動', '', '3誰在指揮蚜蟲的波浪舞蚜蟲集體搖動現象的研究.pdf', 0),
(106, '叫太陽站下', 2011, '國小組', '生活與應用科學科', 1, '生活', '實驗法', '', 'n', 'n', 'y', '紫外線', '紫外線檢測', '防曬', '', '1叫太陽站下.pdf', 0),
(107, '就「油」自取—風動式海面浮油自動汲取器之製作與探討', 2011, '國小組', '生活與應用科學科', 1, '其他', '實驗法', '', 'n', 'y', 'y', '離心泵浦', '相對黏滯性', '汲液含油率', '', '1就油自取風動式海面浮油自動汲取器之製作與探討.pdf', 0),
(108, '水餃熟了，紅蘿蔔知道', 2011, '國小組', '生活與應用科學科', 2, '生活', '實驗法', '', 'y', 'n', 'y', '水餃', '紅蘿蔔', 'Q 度', '', '2水餃熟了紅蘿蔔知道.pdf', 0),
(109, '無角無邊的棋局', 2011, '國小組', '生活與應用科學科', 2, '生活', '調查法', '觀察法', 'y', 'n', 'y', '圍棋', '立體圍棋', '金角', '', '2無角無邊的棋局.pdf', 0),
(110, '「啡」長「菇」得∼Very Good', 2011, '國小組', '生活與應用科學科', 3, '課堂', '實驗法', '', 'n', 'n', 'n', '咖啡渣', '珊瑚菇', '', '', '3啡長菇得VeryGood.pdf', 0),
(111, '小掛鉤大力士', 2011, '國小組', '生活與應用科學科', 3, '生活', '實驗法', '', 'n', 'y', 'y', '掛鉤', '背膠', '黏著力', '', '3小掛鉤大力士.pdf', 0),
(112, '果凍多色？我知道！--探討光在不同型態介質下的反應', 2011, '國小組', '生活與應用科學科', 3, '生活', '實驗法', '', 'y', 'n', 'y', '折射', '三原色', '果凍蠟燭', '', '3果凍多色我知道探討光在不同型態介質下的反應.pdf', 0),
(113, '環保糯米膠', 2011, '國小組', '生活與應用科學科', 3, '新聞', '實驗法', '', 'y', 'n', 'y', '糯米', '黏性', '韌性', '', '3環保糯米膠.pdf', 0),
(114, '檸檬皮的清潔抑菌妙用', 2011, '國小組', '生活與應用科學科', 3, '生活', '實驗法', '', 'n', 'n', 'y', '檸檬皮精油', '抗菌試驗', '紙錠擴散法', '', '3檸檬皮的清潔抑菌妙用.pdf', 0),
(115, '山河大地∼實地勘查並探討土石流防治工法與警戒區危險範圍規劃之研究', 2011, '國小組', '地球科學科', 1, '課堂', '實驗法', '', 'n', 'n', 'n', '透過型壩體', '攔阻率', '分流率', '', '1山河大地實地勘查並探討土石流防治工法與警戒區危險範圍規劃之研究.pdf', 0),
(116, '雙颱效應與地形效應之模擬與探討', 2011, '國小組', '地球科學科', 2, '其他', '觀察法', '', 'y', 'n', 'n', '雙颱效應', '水漩渦', '地形效應', '', '2雙颱效應與地形效應之模擬與探討.pdf', 0),
(117, '太陽打從西邊出來？-地球與金星上太陽在空中位置變化的情形', 2011, '國小組', '地球科學科', 3, '課堂', '觀察法', '', 'n', 'n', 'n', 'Stellarium 星空模擬軟體', '自轉軸', '行星傾斜角', '', '3太陽打從西邊出來地球與金星上太陽在空中位置變化的情形.pdf', 0),
(118, '渴霧', 2011, '國小組', '地球科學科', 3, '課堂', '觀察法', '', 'n', 'n', 'n', '霧', '氣壓', '懸浮微粒', '', '3渴霧.pdf', 0),
(119, '一人盪，兩人搖 ─ 單繩秋千擺盪能量移轉的探討', 2011, '國小組', '物理科', 1, '生活', '實驗法', '', 'y', 'y', 'n', '能量轉移', '停滯時間', '', '', '1一人盪兩人搖單繩秋千擺盪能量移轉的探討.pdf', 0),
(120, '握在掌心的音樂－手笛', 2011, '國小組', '物理科', 2, '其他', '實驗法', '', 'n', 'n', 'n', '手笛', '音高', '手勢', '', '2握在掌心的音樂手笛.pdf', 0),
(121, '「威」力？「浮」力？「球」球，你告訴我！', 2011, '國小組', '物理科', 3, '其他', '調查法', '實驗法', 'n', 'n', 'y', '威浮球', '對流孔', '風洞', '', '3威力浮力球球你告訴我.pdf', 0),
(122, '看！「水」上的「漂」亮舞者', 2011, '國小組', '物理科', 3, '生活', '實驗法', '', 'n', 'n', 'y', '彈力旋轉水漂', '水凹洞', '可調式發射器', '', '3看水上的漂亮舞者.pdf', 0),
(123, '問水哪得高如許？為有熱源伴水來', 2011, '國小組', '物理科', 3, '課堂', '實驗法', '', 'n', 'n', 'n', '熱脹冷縮', '模擬蠟燭燃燒', '影響力', '', '3問水哪得高如許為有熱源伴水來.pdf', 0),
(124, '刑案現場大發現－那是血嗎？', 2011, '國中組', '化學科', 1, '其他', '實驗法', '', 'n', 'n', 'n', '酚酞法(Kastle-Meyer Test)', '亞甲藍法', '血液檢驗', '', '1刑案現場大發現那是血嗎.pdf', 0),
(125, '水滴中的「晶」靈', 2011, '國中組', '化學科', 2, '其他', '實驗法', '', 'n', 'n', 'n', '顯微鏡', '晶體', '晶形', '', '2水滴中的晶靈.pdf', 0),
(126, '捕捉你的點點滴滴 -- 二氧化碳溶解度的探討', 2011, '國中組', '化學科', 3, '其他', '實驗法', '', 'n', 'n', 'n', '二氧化碳', '氣體溶解度', '二氧化碳捕捉', '', '3捕捉你的點點滴滴二氧化碳溶解度的探討.pdf', 0),
(127, '照過來~「投影片」與「石墨烯」天生一對，成就了自製可撓式染料敏化太陽電池', 2011, '國中組', '化學科', 3, '課堂', '實驗法', '', 'n', 'n', 'y', '投影片', '石墨烯', '自製可撓式染料敏化太陽電池', '', '3照過來投影片與石墨烯天生一對成就了自製可撓式染料敏化太陽電池.pdf', 0),
(128, '便便建築師∼白三線蝶幼蟲築糞橋與糞巢行為探討', 2011, '國中組', '生物科', 1, '課堂', '實驗法', '', 'n', 'n', 'n', '白三線蝶', '糞橋', '糞巢', '', '1便便建築師白三線蝶幼蟲築糞橋與糞巢行為探討.pdf', 0),
(129, '時勢「鎖」迫－圓葉鴨跖草的閉鎖花', 2011, '國中組', '生物科', 2, '生活', '實驗法', '觀察法', 'n', 'n', 'n', '圓葉鴨跖草', '閉鎖花', '閉鎖種子', '', '2時勢鎖迫圓葉鴨跖草的閉鎖花.pdf', 0),
(130, '紅色獵殺—紅娘華的異速生長與覓食方式及棲息偏好的關係', 2011, '國中組', '生物科', 3, '生活', '觀察法', '', 'y', 'n', 'n', '台灣紅娘華', '異速生長', '覓食', '', '3紅色獵殺紅娘華的異速生長與覓食方式及棲息偏好的關係.pdf', 0),
(131, '滑翔的舞姬－解析大白斑蝶驚艷飛行', 2011, '國中組', '生物科', 3, '生活', '實驗法', '觀察法', 'y', 'n', 'y', '大白斑蝶', '翼型', '棲地適應', '', '3滑翔的舞姬解析大白斑蝶驚艷飛行.pdf', 0),
(132, '養豬廢水污染終結者—功能藍菌', 2011, '國中組', '生物科', 3, '其他', '觀察法', '實驗法', 'n', 'n', 'n', '生物處理程序', '生物反應器', '藍綠菌', '', '3養豬廢水污染終結者功能藍菌.pdf', 0),
(133, '薑黃素的特性及其在生活上之應用研究', 2011, '國中組', '生活與應用科學科', 1, '生活', '實驗法', '', 'n', 'n', 'n', '抗氧化', '抑菌作用', '', '', '1薑黃素的特性及其在生活上之應用研究.pdf', 0),
(134, '光知我的輕！', 2011, '國中組', '生活與應用科學科', 2, '課堂', '實驗法', '', 'n', 'n', 'y', '光槓桿', '等面積質量分割法', '鋁箔砝碼', '', '2光知我的輕.pdf', 0),
(135, '『擺』『速』可樂！', 2011, '國中組', '生活與應用科學科', 3, '其他', '實驗法', '', 'y', 'n', 'y', '週期', '速度', '電梯', '', '3擺速可樂.pdf', 0),
(136, '冰風暴—液態二氧化碳冰敷包', 2011, '國中組', '生活與應用科學科', 3, '生活', '實驗法', '', 'n', 'n', 'y', '冰敷治療', '液態二氧化碳', '', '', '3冰風暴液態二氧化碳冰敷包.pdf', 0),
(137, '應用聲紋分析原理於建築物隱藏管路探測之研究', 2011, '國中組', '生活與應用科學科', 3, '生活', '實驗法', '', 'n', 'n', 'n', '聲紋分析', '建築物隱藏管路', '', '', '3應用聲紋分析原理於建築物隱藏管路探測之研究.pdf', 0),
(138, '危機自陷—臺灣高鐵差異沉陷的新測量方法', 2011, '國中組', '地球科學科', 1, '其他', '實驗法', '', 'y', 'y', 'n', '地層下陷', '臺灣高鐵', 'Quake Catcher Network (QCN)', '', '1危機自陷臺灣高鐵差異沉陷的新測量方法.pdf', 0),
(139, '南崁溪污染對河川沉積物的影響', 2011, '國中組', '地球科學科', 2, '生活', '調查法', '實驗法', 'n', 'n', 'n', '南崁溪', '污染', '沉積物', '', '2南崁溪污染對河川沉積物的影響.pdf', 0),
(140, '沖沖沖！石頭石頭我不怕∼探討水的力量對大自然的災害及其防治之道', 2011, '國中組', '地球科學科', 3, '其他', '實驗法', '', 'y', 'y', 'y', '土石流', '水的力量', '水流沖力控制器', '', '3沖沖沖石頭石頭我不怕探討水的力量對大自然的災害及其防治之道.pdf', 0),
(141, '紅色警戒', 2011, '國中組', '地球科學科', 3, '其他', '實驗法', '調查法', 'y', 'n', 'n', '土石流', '發生區坡度', '條件因子', '', '3紅色警戒.pdf', 0),
(142, '奮發向上的毛毛蟲', 2011, '國中組', '物理科', 1, '生活', '實驗法', '', 'y', 'n', 'y', '升力', '水平推力', '爬升速率', '', '1奮發向上的毛毛蟲.pdf', 0),
(143, '狗尾草的靈動∼「震」的很有趣', 2011, '國中組', '物理科', 2, '生活', '實驗法', '觀察法', 'y', 'n', 'y', '倒刺結構', '駐波', '摩擦力', '', '2狗尾草的靈動震的很有趣.pdf', 0),
(144, '光、輪輻與視覺之圓舞曲—疾轉下的定格影像', 2011, '國中組', '物理科', 3, '生活', '實驗法', '', 'y', 'n', 'n', '視覺暫留', '定格影像', '光學', '', '3光輪輻與視覺之圓舞曲疾轉下的定格影像.pdf', 0),
(145, '地球親善大使之隔熱杯套篇', 2011, '國中組', '物理科', 3, '其他', '實驗法', '', 'n', 'n', 'n', '隔熱杯套', '熱傳導', '導熱係數', '', '3地球親善大使之隔熱杯套篇.pdf', 0),
(146, '無聲動力—線圈砲的發射分析與應用', 2011, '國中組', '物理科', 3, '其他', '實驗法', '', 'y', 'n', 'y', '線圈砲', '電容', 'coligun', '', '3無聲動力線圈砲的發射分析與應用.pdf', 0),
(147, '我是「地」一名─地瓜葉抗氧化力之探討', 2010, '國小組', '化學科', 1, '其他', '實驗法', '', 'n', 'n', 'n', '抗氧化力', '地瓜葉', '', '', '1我是地名地瓜葉抗氧化力之探討.pdf', 0),
(148, '廚餘生沼氣能源免憂鬱', 2010, '國小組', '化學科', 2, '其他', '實驗法', '', 'n', 'n', 'n', '沼氣', '厭氧醱酵', '', '', '2廚餘生沼氣能源免憂鬱.pdf', 0),
(149, '你溶我濃，特砂請多---糖水溶液對爆米花脆度的影響', 2010, '國小組', '化學科', 3, '其他', '實驗法', '', 'n', 'y', 'n', '爆米花脆度', '結晶', '濃度', '', '3你溶我濃特砂請多糖水溶液對爆米花脆度的影響.pdf', 0),
(150, '肥皂熟了，水知道', 2010, '國小組', '化學科', 3, '課堂', '實驗法', '', 'y', 'y', 'n', '手工皂', '相對濕度', '含水量', '', '3肥皂熟了水知道.pdf', 0),
(151, '天羅地網', 2010, '國小組', '生物科', 1, '生活', '實驗法', '', 'y', 'y', 'n', '蜘蛛絲', '蜘蛛絲與奈米', '', '', '1天羅地網.pdf', 0),
(152, '香蕉葉上的剪刀手--香蕉弄蝶', 2010, '國小組', '生物科', 2, '生活', '觀察法', '實驗法', 'n', 'n', 'n', '生物防治', '築巢行為', '專食性', '', '2香蕉葉上的剪刀手香蕉弄蝶.pdf', 0),
(153, '以「蛾」傳「蛾」', 2010, '國小組', '生物科', 3, '生活', '觀察法', '', 'n', 'n', 'n', '長喙天蛾', '凹緣天蛾', '雞屎藤', '', '3以蛾傳蛾.pdf', 0),
(154, '絲絲入扣─絲瓜生長記實', 2010, '國小組', '生物科', 3, '生活', '觀察法', '實驗法', 'n', 'n', 'n', '絲瓜卷鬚', '逆向纏繞點', '', '', '3絲絲入扣絲瓜生長記實.pdf', 0),
(155, '環保寵物~祈禱蟲螳螂篇', 2010, '國小組', '生物科', 3, '課堂', '觀察法', '', 'n', 'n', 'y', '螳螂', '環保寵物', '', '', '3環保寵物祈禱蟲螳螂篇.pdf', 0),
(156, '「麵」目一新∼探討「湯種麵糰技術」應用在「傳統饅頭」之品質研究', 2010, '國小組', '生活與應用科學科', 1, '生活', '實驗法', '', 'n', 'y', 'n', '湯種熟成條件', '湯種添加比例', '湯種麵糰', '', '1麵目一新探討湯種麵糰技術應用「傳統饅」之品質研究.pdf', 0),
(157, '無「音」腳—找出減小椅腳噪音之最佳包覆材質', 2010, '國小組', '生活與應用科學科', 2, '生活', '實驗法', '', 'n', 'n', 'y', '噪音的大小（分貝數）', '包覆材質', '摩擦', '', '2無音腳找出減小椅腳噪音之最佳包覆材質.pdf', 0),
(158, '「秤」「新」如意！？--自製磁鐵秤', 2010, '國小組', '生活與應用科學科', 3, '課堂', '實驗法', '', 'y', 'n', 'y', '磁鐵秤', '', '', '', '3秤新如意自製磁鐵秤.pdf', 0),
(159, '百變的虹吸管', 2010, '國小組', '生活與應用科學科', 3, '生活', '實驗法', '', 'n', 'n', 'n', '虹吸現象', '溢流管', '水庫', '', '3百變的虹吸管.pdf', 0),
(160, '植物？動物？動植物！－植物自我照護系統', 2010, '國小組', '生活與應用科學科', 3, '生活', '實驗法', '', 'n', 'n', 'y', '盆栽', '植物照護', '植物日照及水量', '', '3植物動物動植物植物自我照護系統.pdf', 0),
(161, '「霧」會大了', 2010, '國小組', '地球科學科', 1, '課堂', '觀察法', '實驗法', 'n', 'n', 'n', '霧', '相對溼度', '', '', '1霧會大了.pdf', 0),
(162, '高屏溪沙很大', 2010, '國小組', '地球科學科', 2, '課堂', '觀察法', '實驗法', 'n', 'y', 'n', '高屏溪', '風吹沙', '粒徑分析', '', '2高屏溪沙很大.pdf', 0),
(163, '小「堤」大作—新竹縣市沙灘消失原因之研究', 2010, '國小組', '地球科學科', 3, '生活', '實驗法', '', 'y', 'n', 'y', '突堤效應', '沙灘消失', '河流供沙量', '', '3小堤大作新竹縣市沙灘消失原因之研究.pdf', 0),
(164, '月神阿提米斯(Artemis)的傷疤~月球隕石坑和輻射紋之模擬與探討', 2010, '國小組', '地球科學科', 3, '課堂', '實驗法', '', 'n', 'n', 'n', '隕石坑', '輻射紋', '光譜', '', '3月神阿提米斯Artemis的傷疤月球隕石坑和輻射紋之模擬與探討.pdf', 0),
(165, '以柔克剛---當牛奶糖撞上椰子', 2010, '國小組', '物理科', 1, '其他', '實驗法', '', 'n', 'y', 'n', '作用力', '撞擊', '', '', '1以柔克剛當牛奶糖撞上椰子.pdf', 0),
(166, '迴旋奇機~解開珍珠板飛機迴旋的終極密碼', 2010, '國小組', '物理科', 2, '課堂', '實驗法', '', 'y', 'n', 'y', '珍珠板飛機', '風洞', '迴旋直徑', '', '2迴旋奇機解開珍珠板飛機迴旋的終極密碼.pdf', 0),
(167, '曲直分明--為何纜車的握臂是彎的？', 2010, '國小組', '物理科', 3, '生活', '實驗法', '', 'y', 'n', 'n', '纜車', '單擺運動', '纜車握臂', '', '3曲直分明為何纜車的握臂是彎的.pdf', 0),
(168, '排笛排敵', 2010, '國小組', '物理科', 3, '生活', '實驗法', '', 'n', 'n', 'y', '聲音的傳播', '吸管笛', '', '', '3排笛排敵.pdf', 0),
(169, '極速小鋼珠-強磁加速器', 2010, '國小組', '物理科', 3, '其他', '實驗法', '', 'y', 'n', 'y', '小鋼珠', '強力磁鐵', '加速器', '', '3極速小鋼珠強磁加速器.pdf', 0),
(170, '亮不亮，有關係─LED在電化學的應用與溶液電導度特性探討', 2010, '國中組', '化學科', 1, '其他', '實驗法', '', 'n', 'n', 'n', 'LED', '電解質', '電導度', '', '1亮不亮有關係LED在電化學的應用與溶液電導度特性探討.pdf', 0),
(171, '煙霧迷曼－探討煙火施放時如何減少煙霧生成', 2010, '國中組', '化學科', 2, '生活', '實驗法', '', 'n', 'n', 'n', '煙火', '自製煙霧彈', '煙霧成因', '', '2煙霧迷曼探討煙火施放時如何減少煙霧生成.pdf', 0),
(172, '光束中盤旋的精靈─層化液體中氯化鈉粒子的運動探討', 2010, '國中組', '化學科', 3, '他人研究', '實驗法', '', 'n', 'n', 'n', '廷得耳效應', '膠態晶體', '旋轉自由度', '', '3光束中盤旋的精靈層化液體中氯化鈉粒子的運動探討.pdf', 0),
(173, '愈吸愈「胺」心-胺基磁性粒子吸附之探討', 2010, '國中組', '化學科', 3, '課堂', '實驗法', '', 'n', 'n', 'n', '磁性粒子', '胺基', 'pH 值', '', '3愈吸愈胺心胺基磁性粒子吸附之探討.pdf', 0),
(174, '愈熱愈涼快', 2010, '國中組', '化學科', 3, '課堂', '實驗法', '', 'n', 'n', 'n', '電解水', '導電度', '電功率', '', '3愈熱愈涼快.pdf', 0),
(175, '「無生」勝「有生」－北臺灣全年無休的睡蓮葉片繁殖法', 2010, '國中組', '生物科', 1, '生活', '實驗法', '', 'n', 'n', 'n', '睡蓮', '無性生殖', '葉片繁殖', '', '1無生勝有生北臺灣全年無休的睡蓮葉片繁殖法.pdf', 0),
(176, '喙生會食—探討無患子椿象喙的差異對食物選擇的影響', 2010, '國中組', '生物科', 2, '他人研究', '觀察法', '實驗法', 'n', 'n', 'n', '倒地鈴', '台灣欒樹', '無患子椿象', '', '2喙生會食探討無患子椿象喙的差異對食物選擇的影響.pdf', 0),
(177, '「螺」密歐與諸綠「葉」--以台灣欒樹(Koelreuteria henryi Dummer) 防治福壽螺之研究', 2010, '國中組', '生物科', 3, '生活', '實驗法', '', 'n', 'n', 'n', '福壽螺', '台灣欒樹', '生物防治', '', '3螺密歐與諸綠葉以台灣欒樹Koelreuteria henryi Dummer防治福壽螺之研究.pdf', 0),
(178, '無線寬頻WiMAX 2.4GHz電磁波對線蟲老化的影響', 2010, '國中組', '生物科', 3, '生活', '實驗法', '', 'n', 'n', 'n', 'WIMAX', '線蟲', '氧化壓力', '', '3無線寬頻WiMAX2.4GHz電磁波對線蟲老化的影響.pdf', 0),
(179, '舞光拾色--多樣化的植物運動', 2010, '國中組', '生物科', 3, '課堂', '實驗法', '', 'y', 'n', 'n', '生物多樣性', '向光性', '擺動現象', '', '3舞光拾色多樣化的植物運動.pdf', 0),
(180, '【蒸】的不簡單', 2010, '國中組', '生活與應用科學科', 1, '生活', '實驗法', '', 'n', 'n', 'y', '自製蒸籠', '溫度暴衝', '光敏電阻', '', '1蒸的不簡單.pdf', 0),
(181, '點食成金--粗糠與常見材料的保溫、隔音及緩衝效能之研究', 2010, '國中組', '生活與應用科學科', 2, '其他', '實驗法', '', 'n', 'n', 'y', '粗糠', '環保', '廢物利用', '', '2點食成金粗糠與常見材料的保溫隔音及緩衝效能之研究.pdf', 0),
(182, '「凍」裡乾坤—愛玉凝膠因子之探討', 2010, '國中組', '生活與應用科學科', 3, '課堂', '實驗法', '', 'n', 'n', 'y', '愛玉子', '硬度測試裝置', '果膠酯酶', '', '3凍裡乾坤愛玉凝膠因子之探討.pdf', 0),
(183, '殺菌大對決~如何確保食用生魚片的安全', 2010, '國中組', '生活與應用科學科', 3, '生活', '實驗法', '', 'n', 'n', 'y', '生魚片', '殺菌', '酸鹼值', '', '3殺菌大對決如何確保食用生魚片的安全.pdf', 0),
(184, '搶救芥菜園-阿媽的芥菜開花了', 2010, '國中組', '生活與應用科學科', 3, '生活', '實驗法', '調查法', 'n', 'n', 'y', '芥菜花', '芥子油', '衝菜', '', '3搶救芥菜園阿媽的芥菜開花了.pdf', 0),
(185, '節能、減碳、綠精靈--環保減碳機的探討與設計', 2010, '國中組', '生活與應用科學科', 3, '其他', '實驗法', '', 'n', 'n', 'y', '植物減碳', '絲狀藻', '綠藻', '', '3節能減碳綠精靈環保減碳機的探討與設計.pdf', 0),
(186, '當哈利遇上莎莉!---論地形效應對颱風結構與路徑的影響', 2010, '國中組', '地球科學科', 1, '其他', '觀察法', '實驗法', 'n', 'n', 'n', '颱風', '地形', '', '', '1當哈利遇上莎莉論地形效應對颱風結構與路徑的影響.pdf', 0),
(187, '天地之間─測量地球的半徑', 2010, '國中組', '地球科學科', 2, '他人研究', '觀察法', '', 'y', 'n', 'y', '地球半徑', '太陽仰角', '凸透鏡聚光', '', '2天地之間測量地球的半徑.pdf', 0),
(188, '貝類天堂－平林溪', 2010, '國中組', '地球科學科', 3, '其他', '觀察法', '', 'n', 'n', 'n', '單體珊瑚', '海膽化石', '鐵丸石', '', '3貝類天堂平林溪.pdf', 0),
(189, '珊瑚生長環境受海洋內波影響？－海洋內波之實驗室模擬', 2010, '國中組', '地球科學科', 3, '課堂', '實驗法', '', 'n', 'n', 'n', '內波', '珊瑚', '', '', '3珊瑚生長環境受海洋內波影響海洋內波之實驗室模擬.pdf', 0),
(190, '水滴在高溫鋸齒狀金屬表面上的爬坡現象', 2010, '國中組', '物理科', 1, '其他', '實驗法', '', 'n', 'n', 'n', '高溫', '鋸齒', '向上爬坡', '', '1水滴在高溫鋸齒狀金屬表面上的爬坡現象.pdf', 0),
(191, '水中的甜甜圈---渦環運動的觀察與研究', 2010, '國中組', '物理科', 2, '其他', '實驗法', '', 'n', 'n', 'n', '渦環', '伯努力定律', '表面張力', '', '2水中的甜甜圈渦環運動的觀察與研究.pdf', 0),
(192, '「力」爭上「油」--破解撈油網終極密碼', 2010, '國中組', '物理科', 3, '生活', '實驗法', '', 'n', 'n', 'n', '撈油網', '水膜', '表面張力', '', '3力爭上油破解撈油網終極密碼.pdf', 0),
(193, '大欺小、小博大、大小相爭的愛恨情仇—泡泡形狀與關係研究', 2010, '國中組', '物理科', 3, '課堂', '實驗法', '', 'n', 'y', 'n', '氣球', '泡泡', '壓力', '', '3大欺小小博大大小相爭的愛恨情仇泡泡形狀與關係研究.pdf', 0),
(194, '花飛蝶舞－探討蝴蝶拍翅渦流與升力之關係', 2010, '國中組', '物理科', 3, '其他', '實驗法', '', 'y', 'n', 'n', '渦流', '升力', '展弦比', '', '3花飛蝶舞探討蝴蝶拍翅渦流與升力之關係.pdf', 0),
(195, '破除主婦的迷思~清洗蔬菜誰最行', 2009, '國小組', '化學科', 1, '生活', '實驗法', '', 'y', 'n', 'y', '光電池及太陽能板', '農藥檢測', '生化法', '', '1破除主婦的迷思清洗蔬菜誰最行.pdf', 0),
(196, '來電「漢堡」--環保電池DIY', 2009, '國小組', '化學科', 2, '其他', '實驗法', '', 'n', 'n', 'y', '蕃茄醬', '環保電池', '通電玩具', '', '2來電漢堡環保電池DIY.pdf', 0),
(197, '天然多功能黏紙王~天然物質製作黏著劑之探討', 2009, '國小組', '化學科', 3, '生活', '實驗法', '', 'n', 'n', 'n', '黏著劑', '黏度', '承重度', '', '3天然多功能黏紙王天然物質製作黏著劑之探討.pdf', 0),
(198, '許我一個長命泡泡吧！---氫氣泡泡會比較長命嗎？', 2009, '國小組', '化學科', 3, '生活', '實驗法', '', 'n', 'n', 'n', '泡泡', '長命泡泡', '', '', '3許我一個長命泡泡吧氫氣泡泡會比較長命嗎.pdf', 0),
(199, '精密的建築師—蠶', 2009, '國小組', '生物科', 1, '課堂', '觀察法', '實驗法', 'n', 'n', 'n', '蠶', '繭', '結繭能力', '', '1精密的建築師蠶.pdf', 0),
(200, '哇系國寶ㄋㄟ－台灣萍蓬草', 2009, '國小組', '生物科', 2, '生活', '觀察法', '', 'n', 'n', 'n', '台灣萍篷草', '原生種', '水生植物', '', '2哇系國寶台灣萍蓬草.pdf', 0),
(201, '小白花呀小白花!何時才能到我家(油桐開花之預測初探)', 2009, '國小組', '生物科', 3, '生活', '觀察法', '', 'n', 'n', 'n', '盛花期', '氣溫', '日照時間', '', '3小白花呀小白花何時才能到我家油桐開花之預測初探.pdf', 0),
(202, '不要一直注意人家的美腿啦！〈棉桿竹節蟲的步行晃動與擬態晃動頻率〉', 2009, '國小組', '生物科', 3, '生活', '觀察法', '', 'n', 'n', 'n', '棉桿竹節蟲', '晃動', '', '', '3不要一直注意人家的美腿啦棉桿竹節蟲的步行晃動與擬態晃動頻率.pdf', 0),
(203, '蜓！水中王者', 2009, '國小組', '生物科', 3, '生活', '觀察法', '', 'n', 'n', 'n', '勾蜓科', '羽化', '水蠆', '', '3蜓水中王者.pdf', 0),
(204, '風之舞', 2009, '國小組', '生活與應用科學科', 1, '生活', '實驗法', '', 'n', 'n', 'n', '風速', '風扇', '舞星人', '', '1風之舞.pdf', 0),
(205, '釣魚臺上假釣魚', 2009, '國小組', '生活與應用科學科', 1, '生活', '實驗法', '', 'y', 'y', 'y', '計步器', '魚密度', '新店溪碧潭', '', '1釣魚臺上假釣魚.pdf', 0),
(206, '『隨風不轉舵』-垂直軸風力發電機之研究與應用', 2009, '國小組', '生活與應用科學科', 2, '生活', '實驗法', '', 'n', 'n', 'n', '風力發電', '電磁效應', '', '', '2隨風不轉舵垂直軸風力發電機之研究與應用.pdf', 0),
(207, '化腐朽為神奇的多多笛', 2009, '國小組', '生活與應用科學科', 2, '課堂', '實驗法', '', 'n', 'n', 'y', '吹孔', '按孔', '頻率', '', '2化腐朽為神奇的多多笛.pdf', 0),
(208, '化鋁牆為綠牆--蔓藤植物生長及減炭效果探討', 2009, '國小組', '生活與應用科學科', 3, '生活', '實驗法', '', 'n', 'n', 'n', '蔓藤植物', '減碳', '光合作用', '', '3化鋁牆為綠牆蔓藤植物生長及減炭效果探討.pdf', 0),
(209, '泡泡排球', 2009, '國小組', '生活與應用科學科', 3, '課堂', '實驗法', '', 'n', 'n', 'y', '泡泡', '彈跳次數', '打擊材料', '', '3泡泡排球.pdf', 0),
(210, '洗手救地球-從「頭」做起', 2009, '國小組', '生活與應用科學科', 3, '生活', '實驗法', '調查法', 'n', 'n', 'y', '省水龍頭', '虹吸現象', '連通管', '', '3洗手救地球從頭做起.pdf', 0),
(211, '熱˙回收再利用', 2009, '國小組', '生活與應用科學科', 3, '生活', '實驗法', '', 'n', 'n', 'n', '熱的輻射', '', '', '', '3熱回收再利用.pdf', 0),
(212, '繩「紙」以「法」？紙繩應用在生活中', 2009, '國小組', '生活與應用科學科', 3, '生活', '實驗法', '', 'y', 'n', 'y', '紙繩', '載重量', '防水性', '', '3繩紙以法紙繩應用在生活中.pdf', 0),
(213, '星空狂想曲--多功能天球儀的設計與探究', 2009, '國小組', '地球科學科', 1, '課堂', '觀察法', '', 'n', 'n', 'y', '日晷', '天球儀', '四季', '', '1星空狂想曲多功能天球儀的設計與探究.pdf', 0),
(214, '冷熱圓舞曲', 2009, '國小組', '地球科學科', 2, '課堂', '實驗法', '觀察法', 'y', 'n', 'n', '冷熱作用', '雨量', '洋流', '', '2冷熱圓舞曲.pdf', 0),
(215, '水來土「淹」', 2009, '國小組', '地球科學科', 3, '生活', '實驗法', '', 'n', 'n', 'n', '流量', '開始溢堤時間', '溢堤範圍', '', '3水來土淹.pdf', 0),
(216, '身邊被遺忘的「氣質」', 2009, '國小組', '地球科學科', 3, '生活', '觀察法', '實驗法', 'y', 'n', 'n', '空氣品質', 'PSI 值', '落塵量', '', '3身邊被遺忘的氣質.pdf', 0),
(217, '有感而發', 2009, '國小組', '物理科', 1, '課堂', '實驗法', '', 'n', 'n', 'n', '磁生電', '感應電流', '發電機', '', '1有感而發.pdf', 0),
(218, '就是這個「光」--探討影響閱讀照明的因素', 2009, '國小組', '物理科', 2, '生活', '實驗法', '', 'n', 'n', 'y', '照度', '反光', '可調式太陽能測光板', '', '2就是這個光探討影響閱讀照明的因素.pdf', 0),
(219, '亮不亮？有關係！_自製紫外線觀測器研究', 2009, '國小組', '物理科', 3, '課堂', '實驗法', '', 'n', 'n', 'y', '太陽光電板', '紫外線', '螢光', '', '3亮不亮有關係自製紫外線觀測器研究.pdf', 0),
(220, '背叛地心引力~尋找球往上滾的秘密', 2009, '國小組', '物理科', 3, '課堂', '實驗法', '', 'n', 'n', 'n', '球往上滾', '重心', '地心引力', '', '3背叛地心引力尋找球往上滾的秘密.pdf', 0),
(221, '滴水不漏~節能環保自動澆花器', 2009, '國小組', '物理科', 3, '生活', '實驗法', '', 'n', 'n', 'y', '自動澆花', '太陽能', '環保', '', '3滴水不漏節能環保自動澆花器.pdf', 0),
(222, '凝膠密碼~阿拉伯膠(Acacia Gum)的凝膠特性在酒精濃度量測上的應用', 2009, '國中組', '化學科', 1, '課堂', '實驗法', '', 'n', 'n', 'n', '凝膠', '酒精濃度檢測', '', '', '1凝膠密碼阿拉伯膠Acacia Gum的凝膠特性在酒精濃度量測上的應用.pdf', 0),
(223, '「晶」益求精-探討不同聲波、溫度、濃度、離子等對其影響', 2009, '國中組', '化學科', 2, '新聞', '實驗法', '', 'n', 'n', 'n', '飽和溶解度', '聲波', '酸鹼鹽', '', '2晶益求精探討不同聲波溫度濃度離子等對其影響.pdf', 0),
(224, '電從哪裡來？鋁－空氣電池的製作與探討', 2009, '國中組', '化學科', 3, '新聞', '實驗法', '', 'n', 'n', 'y', '空氣電池', '乾電池', '活性碳', '', '3電從哪裡來鋁空氣電池的製作與探討.pdf', 0),
(225, '蝦兵蟹將─讓「磷」不再有問題', 2009, '國中組', '化學科', 3, '其他', '實驗法', '', 'n', 'n', 'n', '磷酸鹽', '幾丁質', '優氧化', '', '3蝦兵蟹將讓磷不再有問題.pdf', 0),
(226, '育鈴還需刺鈴蟲-探討小紅姬緣椿象與倒地鈴的關係', 2009, '國中組', '生物科', 1, '其他', '觀察法', '實驗法', 'n', 'n', 'n', '倒地鈴', '小紅姬緣椿象', '發芽率', '', '1育鈴還需刺鈴蟲探討小紅姬緣椿象與倒地鈴的關係.pdf', 0),
(227, '地下的V尾怪客--蠼螋', 2009, '國中組', '生物科', 2, '生活', '觀察法', '', 'n', 'n', 'n', '蠼螋', '生活史', '動物行為', '', '2地下的V尾怪客.pdf', 0),
(228, '色彩魔術師~紅色蠟蟬與藍色蠟蟬的秘密', 2009, '國中組', '生物科', 3, '生活', '觀察法', '', 'n', 'n', 'n', '蠟蟬', '變色', '生活史', '', '3色彩魔術師紅色蠟蟬與藍色蠟蟬的秘密.pdf', 0),
(229, '芹菜有「漏洞」-探討國中生物「蒸散作用實驗」實際與理論相異之原因', 2009, '國中組', '生物科', 3, '課堂', '實驗法', '', 'n', 'n', 'n', '芹菜', '裂縫', '蒸散作用', '', '3芹菜有漏洞探討國中生物蒸散作用實驗實際與理論相異之原因.pdf', 0),
(230, '誰偷了狗食？以創新腳紋拓印法發現白頭翁(Pycnonotus sinensis)覓食狗食新族群', 2009, '國中組', '生物科', 3, '生活', '觀察法', '', 'n', 'n', 'n', '白頭翁（Pycnonotus sinensis）', '狗食', '覓食行為', '', '3誰偷了狗食以創新腳紋拓印法發現白頭翁Pycnonotus sinensis覓食狗食新族群.pdf', 0),
(231, '變大變小，一付搞定--可變倍率透鏡及其應用', 2009, '國中組', '生活與應用科學科', 1, '其他', '實驗法', '', 'n', 'n', 'n', '透鏡', '可變倍率', '液體透鏡', '', '1變大變小一付搞定可變倍率透鏡及其應用.pdf', 0),
(232, '聞香下馬—精油提煉與分流', 2009, '國中組', '生活與應用科學科', 2, '生活', '實驗法', '', 'y', 'n', 'y', '精油', '蒸餾', '混合物分離', '', '2聞香下馬精油提煉與分流.pdf', 0),
(233, '歃氧為錳-攪拌排氣排水重量縮減自動記錄器之研發應用', 2009, '國中組', '生活與應用科學科', 3, '課堂', '實驗法', '', 'y', 'n', 'y', '重量縮減裝置', '自動記錄', '催化劑', '', '3歃氧為錳攪拌排氣排水重量縮減自動記錄器之研發應用.pdf', 0),
(234, '節能減碳，化腐朽為神奇─光碟機與手機合體', 2009, '國中組', '生活與應用科學科', 3, '生活', '實驗法', '', 'n', 'n', 'y', '手搖發電', '鋰電池', '手電筒', '', '3節能減碳化腐朽為神奇光碟機與手機合體.pdf', 0),
(235, '養殖新選~微泡泡水機', 2009, '國中組', '生活與應用科學科', 3, '生活', '實驗法', '', 'n', 'n', 'y', '微泡泡水機', '白努利定律', '溶氧量', '', '3養殖新選微泡泡水機.pdf', 0),
(236, '有殼動物的辛「酸」--酸化海水與有殼動物外殼交互影響之研究', 2009, '國中組', '地球科學科', 1, '其他', '實驗法', '調查法', 'n', 'n', 'n', '海洋酸化', '有殼動物', '珊瑚', '', '1有殼動物的辛酸酸化海水與有殼動物外殼交互影響之研究.pdf', 0),
(237, '滾滾濁水入海流－河川入海濁流之實驗模擬', 2009, '國中組', '地球科學科', 2, '新聞', '實驗法', '', 'n', 'n', 'n', '密度', '密度流', '濁流', '', '2滾滾濁水入海流河川入海濁流之實驗模擬.pdf', 0),
(238, '「滾蛟龍的反噬」─模糊方法對土石流發生之探討', 2009, '國中組', '地球科學科', 3, '課堂', '實驗法', '', 'y', 'n', 'n', '土石流', '模糊理論', '危險等級', '', '3滾蛟龍的反噬模糊方法對土石流發生之探討.pdf', 0),
(239, '落落大(坍)方---邊坡土石崩落下滑之探究', 2009, '國中組', '地球科學科', 3, '新聞', '實驗法', '', 'n', 'n', 'n', '邊坡土石', '邊坡下滑', '岩層下滑', '', '3落落大坍方邊坡土石崩落下滑之探究.pdf', 0),
(240, '飛躍”鈴”揚', 2009, '國中組', '物理科', 1, '生活', '實驗法', '', 'n', 'n', 'n', '扯鈴', '跳鈴', '', '', '1飛躍鈴揚.pdf', 0),
(241, '光的奇「積」-探索地面海市蜃樓', 2009, '國中組', '物理科', 2, '他人研究', '實驗法', '', 'n', 'n', 'n', '海市蜃樓', '全反射', '折射', '', '2光的奇積探索地面海市蜃樓.pdf', 0),
(242, '會漂浮的水滴', 2009, '國中組', '物理科', 3, '其他', '觀察法', '實驗法', 'n', 'n', 'n', '水滴', '空氣層', '表面張力', '', '3會漂浮的水滴.pdf', 0),
(243, '漂浮液珠', 2009, '國中組', '物理科', 3, '其他', '實驗法', '', 'y', 'y', 'n', '液珠', '靜電', '表面張力', '', '3漂浮液珠.pdf', 0),
(244, '綠豆湯的奧秘---糖水、食鹽水的終極密碼', 2009, '國中組', '物理科', 3, '生活', '實驗法', '', 'n', 'n', 'n', '煮綠豆', '糖水物性', '食鹽水物性', '', '3綠豆湯的奧秘糖水食鹽水的終極密碼.pdf', 0);

-- --------------------------------------------------------

--
-- 資料表結構 `stage`
--

CREATE TABLE `stage` (
  `s_id` int(11) NOT NULL COMMENT '階段ID',
  `stage` varchar(10) NOT NULL COMMENT '階段任務',
  `name` varchar(100) NOT NULL COMMENT '階段名稱',
  `description` varchar(100) NOT NULL COMMENT '階段描述',
  `pass` text NOT NULL COMMENT '階段過關',
  `guide` text NOT NULL COMMENT '階段指引',
  `end` text NOT NULL COMMENT '階段結尾語'
) ENGINE=InnoDB DEFAULT CHARSET=utf8;

--
-- 資料表的匯出資料 `stage`
--

INSERT INTO `stage` (`s_id`, `stage`, `name`, `description`, `pass`, `guide`, `end`) VALUES
(1, '1-1', '提出研究主題與題目', '尋找自己有興趣的現象、科技，在眾多科展作品裡脫穎而出。謹慎評估自己的科展主題會不會太無趣或是太危險？', '1. 請先<span style="color: #1C90FD;">「新增研究主題」</span>並經由討論過後，勾選正確的研究主題，進入 <button>下一步</button>。<br />\n2. 接下來，先<span style="color: #1C90FD;">「新增研究題目」</span>經由討論過後，確定正確的研究題目，進行自我檢核表並 <button>繳交作業</button>。', '<h4>- 研究主題 -</h4>\n			<p>要開始進行一個科展專題，首先得想出一個有趣的研究主題，而關於這個主題的想法，有可能來自於課本當中，或是來自於日常生活的觀察當中，你也可以參考別人做過的題目。</p>\n			<p>在這個階段當中，請你想出一個可能的研究主題以及寫下你的理由，並向你的組員們提案，決定一個屬於你們的科展研究主題。</p>\n			<p class="steps_tips">[提示：所謂的研究主題就是科展製作的大方向；在決定明確的研究題目之前，你必須先想出你有興趣的主題！]</p>\n			<h4>- 研究題目 -</h4>\n			<p>在這之前，你需要瞭解哪些是不好的研究題目，並避免這些類型的題目。請盡量避免以下的題目：</p>\n			<table class="fancybox_table">\n				<tr>\n					<th width="60%">不好的科展題目</th>\n					<th width="60%">原因</th>\n				</tr>\n				<tr>\n					<td>1. 偏向喜好或味覺的題目。例：可口可樂與百事可樂，哪個好喝？</td>\n					<td>沒辦法用準確的數字進行測量</td>\n				</tr>\n				<tr>\n					<td>2. 測試哪一種產品最好用。例：哪一款清潔劑效果最好？</td>\n					<td>產品背後的科學知識較為複雜難懂。</td>\n				</tr>\n				<tr>\n					<td>3. 要求人們回憶的題目。例：日治時期的醬油與現代醬油的差異。</td>\n					<td>蒐集到的資料常常是不準確的。</td>\n				</tr>\n				<tr>\n					<td>4. 不同色光對植物的影響</td>\n					<td>太多人做過了。</td>\n				</tr>\n				<tr>\n					<td>5. 音樂或談話對植物的影響。例：搖滾樂及古典樂如何影響植物生長？</td>\n					<td>差異難以量測。</td>\n				</tr>\n				<tr>\n					<td>6. 運動、音樂或電玩..等對血壓的影響。例：看鬼片與喜劇片時血壓的差異？</td>\n					<td>結果通常很顯而易見，或是難以控制實驗的變因。</td>\n				</tr>\n				<tr>\n					<td>7. 對色彩的記憶、感覺、情緒、品味及強度等。例：紅色是否讓人熱情如火？</td>\n					<td>太過主觀以及難以衡量。</td>\n				</tr>\n				<tr>\n					<td>8. 含有困難的量測方法、不易取得實驗器材的主題。例：地震發生前白老鼠會有什麼異常行為？</td>\n					<td>無法量測數據就不是科學研究。</td>\n				</tr>\n				<tr>\n					<td>9. 筆跡或筆順分析</td>\n					<td>對科學的幫助不大。</td>\n				</tr>\n				<tr>\n					<td>10. 占星術、第六感。例：獅子座男孩是否有領導特質？</td>\n					<td>沒有科學有效性。</td>\n				</tr>\n				<tr>\n					<td>11.	需要危險、難以取得、昂貴或非法的材料。例：警用手槍的彈道分析。</td>\n					<td>沒有科學有效性。</td>\n				</tr>\n				<tr>\n					<td>12.	牽涉虐待動物的主題。例：熊掌的營養成分分析。</td>\n					<td>違背科學展覽的初衷。</td>\n				</tr>\n				<tr>\n					<td>13.	對人的身體或心理會造成風險的題目。例：瓦斯氣爆威力的研究。</td>\n					<td>違背科學展覽的初衷。</td>\n				</tr>\n				<tr>\n					<td>14.	需要對動物進行活體採樣的主題。</td>\n					<td>違背科學展覽的初衷。</td>\n				</tr>\n			</table>', '<h2>完成的學習任務，已經提交給老師!等待老師審核。</h2>\n<p>在老師回復審核結果前，你可以先想想如何進行下個階段，並利用<button><a href="/pbls/osfp/student/diary.php">個人日誌</a></button>回想自己在這個階段學習到了什麼。</p>'),
(3, '2-1', '提出研究問題', '學習如何深度分析主題，從發散性的思考中發現「待答問題」，接著篩選出值得研究的目標；經過蒐集資訊以及核理的推論後，提出你們的研究假設。', '1. 請先按「新增研究問題」，選擇「先做發散性思考」，還是「先做嘗試性實驗」。<br />\n2. <b><u>先做發散性思考</u></b>：請思考5W1H的方式，與誰有關？什麼時候？什麼地點？什麼事物？為什麼？如何？確認研究問題。<br />\n3. <b><u>先做嘗試性實驗</u></b>：先將已有的構想，撰寫進研究構想表中，並確定該研究為成功或失敗，決定此任務是否可行，在進入<b><u>發散性思考</u></b>，確認研究問題。<br />\n4. 接下來進入「編輯研究問題」，新增研究可能之相關變因，編輯研究問題選擇相關變因後，進行自我檢核表並<button>繳交作業</button>。', '<p>請先閱讀以下教學素材再進行下一步驟：</p>\n			<div id="research_guide_tabs">\n				<ul>\n					<li><a href="#tabs_2_1_1">何謂變因？</a></li>\n					<li><a href="#tabs_2_1_2">提出研究問題</a></li>\n					<li><a href="#tabs_2_1_3">概念圈圖</a></li>\n					<li><a href="#tabs_2_1_4">提出假設</a></li>\n					<li><a href="#tabs_2_1_5">提出提示</a></li>\n				</ul>\n				<div id="tabs_2_1_1">\n					<h4>1. 什麼是操縱變因</h4>\n					<p>一次實驗中應該要改變的因素，一次只能改變一個變因。</p>\n					<h4>2. 什麼是應變變因</h4>\n					<p>一次實驗中應該要觀察及測量的因素，是否有被操縱變因影響。</p>\n					<h4>3. 什麼是控制變因</h4>\n					<p>一次實驗中應該要改變的因素，一次只能改變一個變因。</p>\n					<h4>4. 變因的例子</h4>\n					<p>\n						<table class="fancybox_table">\n						<tr>\n							<th width="35%">研究問題</th>\n							<th width="15%">操縱變因</th>\n							<th width="25%">應變變因</th>\n							<th width="25%">控制變因</th>\n						</tr>\n						<tr>\n							<td>水龍頭開啟的程度不同，水流量有什麼變化?</td>\n							<td>水龍頭封閉<br/>水龍頭半開<br/>水龍頭全開</td>\n							<td>水龍頭每分鐘流出多少公升的水</td>\n							<td>1.相同的水龍頭<br/>2.相同的水壓</td>\n						</tr>\n						<tr>\n							<td>不同的水溫會影響冰塊融化的速度嗎？【康軒版三下第二單元】</td>\n							<td>不同溫度的水</td>\n							<td>冰塊完全融化所需的時間</td>\n							<td>1.水的體積<br/>2.裝水容器的材質<br/>3.冰塊的體積<br/>4.冰塊的溫度<br/>5.實驗室的室溫</td>\n						</tr>\n						<tr>\n							<td>熱水是否可以溶解更多的糖？</td>\n							<td>不同溫度的水</td>\n							<td>測量完全溶解的白糖克數</td>\n							<td>1.攪拌次數<br>2.不同溫度水的體積<br>3.裝水容器的材質<br>4.糖的種類</td>\n						</tr>\n						<tr>\n							<td>肥料可以讓植物長的更高大嗎?</td>\n							<td>施予肥料的克數</td>\n							<td>1.植物生長的高度<br>2.葉片的數量<br>3.其他能具體量測植物生長的方法</td>\n							<td>1.肥料成分<br>2.花盆的大小<br>3.土壤種類和重量<br>4.植物的個體一樣大<br>5.水量和照光量相同<br>6.同時測量植物的生長情形</td>\n						</tr>\n						<tr>\n							<td>增加電壓會讓馬達轉動的速度變快嗎?</td>\n							<td>施予的電壓值</td>\n							<td>每分鐘的旋轉圈數(RPMs)</td>\n							<td>1.馬達<br>2.馬達要轉動相同的物品，例如轉向輪或風扇..等</td>\n						</tr>\n						</table>\n					</p>\n					<h4>5.用「存在情形」當作操縱變因的例子</h4>\n					<p>\n						<table class="fancybox_table">\n						<tr>\n							<th width="35%">研究問題</th>\n							<th width="15%">操縱變因</th>\n							<th width="25%">應變變因</th>\n							<th width="25%">控制變因</th>\n						</tr>\n						<tr>\n							<td>老師不在教室裡，班級會比較吵嗎？</td>\n							<td>老師在教室與否</td>\n							<td>教室的噪音（分貝）</td>\n							<td>1.相同的教室<br>2.相同的學生<br>3.相同的時間</td>\n						</tr>\n						<tr>\n							<td>擋泥板能讓車手騎經水坑時，身體不會弄濕嗎?</td>\n							<td>有沒有擋泥板（許多工程類題目的操縱變因都跟這個很像）</td>\n							<td>車手有溼或沒溼</td>\n							<td>1.相同形式的自行車<br>2.車速相同<br>3.水坑的大小及深度一樣</td>\n						</tr>\n						</table>\n					</p>\n				</div>\n				<div id="tabs_2_1_2">\n					<p>若你已經從自己的清單中篩選出你喜歡的、同時又是值得研究的主題，接下來要進行「深入分析主題」的步驟。</p>\n					<p>一般來說，使人有興趣的主題大多蘊含了相當廣泛的知識在裡面。例如小明對蟑螂有興趣，想要深入研究蟑螂，這時小明該怎麼著手研究蟑螂呢？聰明的你可能已經想到了一部分的答案，例如「蟑螂的品種」、「蟑螂的習性」、「蟑螂的食物」、「蟑螂的生殖」…等等；甚至還有人會想到應用層面的問題，像是「如何不用殺蟲劑消滅蟑螂」、「如何防範蟑螂在廚房內橫行霸道」、「如何防止蟑螂在我家客廳產卵」…等問題。</p>\n					<p>這些都是很好的問題，然而有些問題純粹屬於知識上的疑問，只要查閱書籍或是上網搜尋都可以找到令人滿意的答案；此時就會造成研究者的困擾：「我究竟該研究什麼？哪些是別人尚未探索、而我可以鑽研的領域呢？」為了讓你贏在起跑點、不再徬徨於人間，我們建議你自行製作以下的檢核表來剖析你有興趣的研究主題，讓你可以快速地找到研究的方向：</p>\n					<table class="fancybox_table">\n						<tr>\n							<th>分類</th>\n							<th>範例（以蟑螂為例）</th>\n							<th>這是值得研究的主題嗎</th>\n						</tr>\n						<tr>\n							<td>人</td>\n							<td>什麼人會怕蟑螂？男性和女性怕蟑螂的比例？蟑螂對人有什麼危害或幫助？蟑螂分成哪些品種？</td>\n							<td>是/部分/否</td>\n						</tr>\n						<tr>\n							<td>事</td>\n							<td>蟑螂平常都做什麼事？蟑螂一次產幾個卵？</td>\n							<td>是/部分/否</td>\n						</tr>\n						<tr>\n							<td>時</td>\n							<td>什麼時候蟑螂活動力最強？地球上什麼時候開始有蟑螂？蟑螂的繁殖季節是何時？</td>\n							<td>是/部分/否</td>\n						</tr>\n						<tr>\n							<td>地</td>\n							<td>蟑螂大都出現在什麼地方？</td>\n							<td>是/部分/否</td>\n						</tr>\n						<tr>\n							<td>物</td>\n							<td>蟑螂吃什麼？什麼食物會讓蟑螂蜂擁而至？蟑螂怕什麼東西？人們最常拿什麼東西打蟑螂？</td>\n							<td>是/部分/否</td>\n						</tr>\n						<tr>\n							<td>為什麼？</td>\n							<td>蟑螂為什麼會出現在廚房？為什麼蟑螂可以很久不吃東西？為什麼蟑螂可以爬牆？</td>\n							<td>是/部分/否</td>\n						</tr>\n						<tr>\n							<td>如何？</td>\n							<td>蟑螂如何繁衍下一代？蟑螂如何呼吸？蟑螂如何覓食？蟑螂如何飛行？如何不用殺蟲劑消滅蟑螂？</td>\n							<td>是/部分/否</td>\n						</tr>\n					</table>\n					<p>你會發現這裡提出的問題都包含了「對象」和「觀察項目」，例如：「蟑螂的繁殖季節是何時？」即是以蟑螂為對象、繁殖季節為觀察項目。</p>\n					<p>透過這種「發散思考」可以幫助你們找出與研究目標有關聯的各種疑問，大部分的疑問都是知識性的問題，查找資料就可以得到解答。但其中有一些問題難以透過實驗驗證，甚至有一些與你的研究方向無關，你必須對這些研究問題做出取捨，才可以找出真正值得研究的問題。</p>\n				</div>\n				<div id="tabs_2_1_3">\n					<p>我們建議你使用「概念圈圖」來釐清每個問題之間的關聯，以及協助你刪掉不適合研究的問題。</p>\n					<p>範例：</p>\n					<img src="../../model/images/guide_02.jpg" width="80%">\n					<p>你可以像範例一樣畫出所有與蟑螂有關係的研究問題，接著思考哪些是值得研究的問題，哪些不適合。</p>\n					<p>不適合的原因有以下幾點：</p>\n					<ul>\n						<li>1. 與觀察項目無關。</li>\n						<li>2. 會傷害生命。</li>\n						<li>3. 有危險性。</li>\n						<li>4. 不容易取得實驗材料。</li>\n					</ul>\n					<p>在這例子中我們將「人們最常拿什麼東西打蟑螂？」列為不適合的研究問題，因為他與觀察項目「蟑螂」之間沒有直接的關聯。而「如何不用殺蟲劑消滅蟑螂？」是一個很棒的研究問題，如果研究出來的方法可以比使用殺蟲劑有效，大家就可以減少環境中的毒害、同時又達成驅蟑的效果。</p>\n					<img src="../../model/images/guide_25.png" width="80%">\n					<p>緊接著我們可以繼續對「如何不用殺蟲劑消滅蟑螂？」做更多聯想，重複相同的步驟直到你認為研究方向非常明確為止。</p>\n					<img src="../../model/images/guide_26.png" width="80%">\n				</div>\n				<div id="tabs_2_1_4">\n					<p>瞭解變因的分類以及內涵之後，你們應該針對這次的研究主題提出「假設」。</p>\n					<p>「假設」並不是科學家對於現實環境的胡亂猜測，而是透過<b>觀察</b>以及<b>統合現有資訊</b>之後產生的推論。好的假設大都是科學家閱讀相關的資訊之後，運用邏輯推理產生的推測，而這個推測有待檢驗。</p>\n					<p>以2010年全國科展物理科國小組第一名「以柔克剛---當牛奶糖撞上椰子」的實驗內容為例，同學們在網路上看到牛奶糖打穿椰子殼的影片之後感到不可思議，於是先檢驗牛奶糖與椰子殼的硬度，發現椰子殼比較硬。這個資訊讓同學們思考眾多可能性，並提出假設：「牛奶糖在經過加速之後，力量足以打穿硬度比它高的椰子殼。」而進行一系列的實驗。</p>\n					<p>假設的形式常常是長這個樣子：「如果…，就會…」帶有強烈的因果關係，因、果分別是上述的操縱變因以及應變變因。例如「施予的肥料愈多，植物會長得愈高」、「服用安眠藥會導致夢遊」。</p>\n				</div>\n				<div id="tabs_2_1_5">\n					<p>1. 做假設之前，你必須對這個問題很有興趣。</p>\n					<P>2. 假設是肯定句，不是問句。假設不是你研究中的問題，而是一種嚴謹的，可被檢驗的預測。</P>\n					<p>3. 假設要簡單明瞭。</p>\n					<p>4. 注意變因。好的假設能明確的說出操縱變因和應變變因。</p>\n					<p>5. 你的假設是可被檢驗的。</p>\n					<p>6. 不要好高騖遠，一個實驗只要有一個假設就好。</p>\n					<table class="fancybox_table">\n						<tr>\n							<th width="60%">好的假設</th>\n							<th width="40%">不好的假設</th>\n						</tr>\n						<tr>\n							<td>\n								<div>對彈簧所施的拉力增加，彈簧的長度就會跟著變長。【康軒版五上第四單元】</div>\n								<div>等量的水，當水的溫度越高，砂糖可溶解量會增加。【康軒版三上第四單元】</div>\n								<div>電磁鐵的漆包線圈的圈數增加，電磁鐵的磁力愈強。【康軒版六上第四單元】</div>\n								<div>鐵在潮濕的環境下容易生鏽。【康軒版六下第二單元】</div>\n								<div>水中的氧氣變少了，虹鱒身上的蝨子就變多了。</div>\n								<div>原因：可以被檢驗，包含主角和變因，並能預測結果</div>\n							</td>\n							<td>\n								<div>我們的宇宙被另一個更大的宇宙包圍起來。</div>\n								<div>原因：沒辦法檢測</div>\n							</td>\n						</tr>\n						<tr>\n							<td>\n								<div>接觸瓢蟲一週後，植物上的蚜蟲數量會減少。</div>\n								<div>原因：提出自變項(瓢蟲)和因變項(蚜蟲數量)，並能預測結果。</div>\n							</td>\n							<td>\n								<div>瓢蟲是治療被蚜蟲危害植物的天然農藥。</div>\n								<div>原因：沒有提出如何測量和評估預測。</div>\n							</td>\n						</tr>\n					</table>\n				</div>\n			</div>', '<h2>完成的學習任務，已經提交給老師!等待老師審核。</h2>\n<p>在老師回復審核結果前，你可以先想想如何進行下個階段，並利用<button><a href="/pbls/osfp/student/diary.php">個人日誌</a></button>回想自己在這個階段學習到了什麼。</p>'),
(4, '2-2', '訂定研究構想表', '準備好研究的工具，並開始設計實驗步驟！', '1. 請跟小組進行討論，填寫實驗所需使用的<u>研究材料</u>、<u>研究步驟</u>，以及<u>記錄方式</u>？構想表填寫完畢後，按下<button>返回研究列表</button>。<br />\n2. 最後，進行自我檢核表並<button>繳交作業</button>給老師進行審核。', '			<p>接下來，請為你們的研究問題，設計適合的研究工具、研究材料。</p>\n			<p>每個研究問題都會有不同的研究步驟，在這個階段中，你需要與小組討論哪些步驟才能夠完成研究問題所需的實驗，並且思考該如何蒐集數據。</p>\n			<fieldset id="research_guide_field">\n				<p>名詞解釋</p>\n				<p>研究工具：用來進行實驗的各項器材、例如廣口瓶、酒精燈或自製的各項工具。</p>\n				<p>研究材料：被用來實驗的物質，例如太白粉、酒精….等。</p>\n				<p>研究步驟：要說明實驗如何進行，分步驟一一說明清楚。</p>\n			</fieldset>\n			<div id="research_guide_tabs">\n			 	<ul>\n					<li><a href="#tabs_2_2-1">研究工具</a></li>\n					<li><a href="#tabs_2_2-2">研究材料</a></li>\n					<li><a href="#tabs_2_2-3">研究步驟</a></li>\n				</ul>\n				<div id="tabs_2_2-1">\n					<h3>研究工具範例</h3>\n					<figure>\n						<img src="../../model/images/guide_04.jpg" alt="研究工具範例">\n						<figcaption>資料來源：2013年全國中小學科展國小組物理科第一名「發電800W--廢棄運動風扇腳踏車變身發電機」,p2</figcaption>\n					</figure>\n				</div>\n				<div id="tabs_2_2-2">\n					<h3>材料清單寫法</h3>\n					<table class="fancybox_table" width="50%">\n						<tr>\n							<th width="50%">正確的寫法</th>\n							<th width="50%">錯誤的寫法</th>\n						</tr>\n						<tr>\n							<td>500毫升去離子水</td>\n							<td>水</td>\n						</tr>\n						<tr>\n							<td>精準到0.1秒的碼表</td>\n							<td>時鐘</td>\n						</tr>\n						<tr>\n							<td>AA鹼性電池</td>\n							<td>電池</td>\n						</tr>\n					</table>\n					<h3>研究材料範例</h3>\n					<figure>\n						<img src="../../model/images/guide_05.jpg" alt="研究材料範例">\n						<figcaption>資料來源：2013年全國中小學科展國小組物理科第二名「發電800W--廢棄運動風扇腳踏車變身發電機」,p2</figcaption>\n					</figure>\n					<figure>\n						<img src="../../model/images/guide_06.jpg" alt="研究材料範例">\n						<figcaption>資料來源：2013年全國中小學科展國中組物理科第一名「黑與白的邂逅--探討黑條紋與白條紋升溫降溫的變化」</figcaption>\n					</figure>\n				</div>\n				<div id="tabs_2_2-3">\n					<h3>研究步驟範例</h3>\n					<figure>\n						<img src="../../model/images/guide_08.jpg" alt="研究工具範例" width="100%">\n						<figcaption>資料來源：2011年全國中小學科展國小組化學科第三名「你「蒜」哪根「蔥」─蔥蒜抗氧化力之探討」</figcaption>\n					</figure>\n				</div>\n			</div>', '<h2>完成的學習任務，已經提交給老師!等待老師審核。</h2>\n<p>在老師回復審核結果前，你可以先想想如何進行下個階段，並利用<button><a href="/pbls/osfp/student/diary.php">個人日誌</a></button>回想自己在這個階段學習到了什麼。</p>'),
(5, '2-3', '設計研究紀錄表格', '知道該如何進行實驗之後，設計紀錄表格，幫助你在實驗過程中觀察應該被注意的現象。', '1. 請先瀏覽完研究構想後，與小組討論出適合的紀錄表格，並<button>選擇檔案</button>上傳。<br />\n2. 即可進行自我檢核表並<button>繳交作業</button>，交給老師審核。', '<p>在你們討論出研究問題的步驟以及需要的研究工具和材料之後，接下來請設計出問題紀錄表格，以做為實驗紀錄用。</p>\n			<fieldset id="research_guide_field">\n				<p>什麼是問題記錄表格？</p>\n				<p>答：用來紀錄實驗數據和發現，最好多做兩次，去掉最大值和最小值，最後必須算出平均值。</p>\n			</fieldset>\n			<p>範例：</p>\n			<figure>\n				<img src="../../model/images/guide_07.jpg" alt="研究材料範例" width="100%">\n				<figcaption>資料來源：2011年全國中小學科展國小組化學科第三名「你「蒜」哪根「蔥」─蔥蒜抗氧化力之探討」</figcaption>\n			</figure>', '<h2>完成的學習任務，已經提交給老師!等待老師審核。</h2>\n<p>在老師回復審核結果前，你可以先想想如何進行下個階段，並利用<button><a href="/pbls/osfp/student/diary.php">個人日誌</a></button>回想自己在這個階段學習到了什麼。</p>'),
(6, '2-4', '進行嘗試性研究', '試試看這樣的實驗步驟和工具有沒有辦法完成實驗，根據現實狀況調整你們的實驗步驟。 執行', '1. 請先瀏覽<u>研究構想表</u>後，與小組討論嘗試性實驗結果，紀錄實驗結果後，送出給老師決定此實驗是否通過。<br />\n2. 全部經由老師審核通過後，即可進行自我檢核表並<button>繳交作業</button>。', '<p>為了確認你們設計的實驗流程能夠執行，請選擇一個研究問題進行嘗試性研究，並且討論是否還有需要修正的實驗設計。在進行嘗試性研究的時候，記得實驗的過程需要符合下列的準則！</p>\n			<h4>實驗準則</h4>\n			<ol>\n				<li>必須小心謹慎地測量，以免產生過多的人工誤差。</li>\n				<li>要控制所有的控制變因，不因實驗進展而變化。</li>\n				<li>在實驗日誌中詳細記載實驗數據、觀察到的現象</li>\n				<li>事先設計好實驗紀錄簿，在實驗進行的時候紀錄數據。</li>\n				<li>若遇到意料之外的狀況，分析原因並調整實驗計畫。</li>\n			</ol>', '<h2>完成的學習任務，已經提交給老師!等待老師審核。</h2>\n<p>在老師回復審核結果前，你可以先想想如何進行下個階段，並利用<button><a href="/pbls/osfp/student/diary.php">個人日誌</a></button>回想自己在這個階段學習到了什麼。</p>'),
(7, '3-1', '進行實驗並紀錄', '小心謹慎地進行實驗，詳實紀錄現象和數據。', '1. 請先瀏覽<u>研究構想表</u>後，與小組討論<u>實驗結果</u>，撰寫實驗日誌，即可進行自我檢核表並<button>繳交作業</button>。', '<p>接下來即將進行實驗步驟，在這之前，請你先閱讀下列說明，再與小組成員一同進行實驗，並且完成實驗紀錄。</p>\n			<div id="research_guide_tabs">\n				<ul>\n					<li><a href="#tabs_3_1_1">關鍵要素</a></li>\n					<li><a href="#tabs_3_1_2">實驗前的準備</a></li>\n					<li><a href="#tabs_3_1_3">實驗紀錄表範例</a></li>\n					<li><a href="#tabs_3_1_4">實驗計畫範例</a></li>\n					<li><a href="#tabs_3_1_5">撰寫實驗日誌</a></li>\n				</ul>\n				<div id="tabs_3_1_1">\n					<h3>實驗過程的關鍵要素</h3>\n					<table class="fancybox_table">\n						<tr>\n							<th width="35%">實驗過程的關鍵要素</th>\n							<th width="65%">以「熱水可以溶解更多的糖？」為例</th>\n						</tr>\n						<tr>\n							<td>1.確定實驗組及對照組。</td>\n							<td>實驗組：80℃的水 / 對照組：20℃的水</td>\n						</tr>\n						<tr>\n							<td>2.仔細思考每一個步驟，並列出實驗步驟和每一個實驗記錄表格。</td>\n							<td>1. 將不同溫度、相同體積的水放入兩個相同的燒杯。<br>\n		 						2. 將80℃以及20℃的水分別放入特製保溫箱，並分開50公尺遠。</td>\n						</tr>\n						<tr>\n							<td>3.實驗計畫必須說清楚如何改變操縱變因，還有如何測量變因。</td>\n							<td>冷熱水的水溫利用保溫箱維持、製作器材將等量的糖加入水中…</td>\n						</tr>\n						<tr>\n							<td>4.實驗計畫中必須解釋一個應變變因或許多應變變因的變化。</td>\n							<td>將過量的糖加入兩個燒杯中，攪拌後用濾紙過濾出未溶解的糖，未溶解的糖愈少代表該種水能溶解愈多糖…</td>\n						</tr>\n						<tr>\n							<td>5.實驗計畫應解釋如何將控制變因控制在一個恆定的數值中。</td>\n							<td>有保溫箱維持水溫、相同的燒杯…</td>\n						</tr>\n						<tr>\n							<td>6.實驗計畫應能重複數次實驗，以便你能重複驗證實驗結果。</td>\n							<td>同樣的實驗進行至少三次，並平均結果…</td>\n						</tr>\n						<tr>\n							<td>7.一個好的實驗計畫會讓其他人也能重複你的實驗。</td>\n							<td>以條列式的方式撰寫實驗步驟…</td>\n						</tr>\n					</table>\n				</div>\n				<div id="tabs_3_1_2">\n					<h3>實驗前的準備</h3>\n					<table class="fancybox_table">\n						<tr>\n							<td width="20%">知道如何進行：</td>\n							<td width="80%">閱讀並理解你的實驗計畫。有沒有將所有必要的步驟都寫下來?有沒有任何關於實驗步驟的問題?</td>\n						</tr>\n						<tr>\n							<td>準備實驗紀錄表：</td>\n							<td>記錄數據和收集資料(如-實驗紀錄表範例)</td>\n						</tr>\n						<tr>\n							<td>準備實驗器材：</td>\n							<td>收集並整理所有實驗會用到的實驗器材及材料。你的材料準備齊全了嗎?有沒有將所有的器材放在實驗室裡觸手可及的地方?</td>\n						</tr>\n						<tr>\n							<td>思考安全問題：</td>\n							<td>你應該採取任何防護措施嗎?你需要大人在旁監督嗎?你需要戴手套或護目鏡嗎?你需要把長頭髮綁起來嗎?你需要在附近擺一個滅火器嗎?</td>\n						</tr>\n					</table>\n				</div>\n				<div id="tabs_3_1_3">\n					<h3>實驗紀錄表範例</h3>\n					<table class="fancybox_table">\n						<tr>\n							<th>實驗序號</th>\n							<th>水龍頭打開的程度(操縱變因)</th>\n							<th>水的流量(應變變因)<br>寫下你的實驗數據</th>\n						</tr>\n						<tr>\n							<td>#1</td>\n							<td>開1/4</td>\n							<td></td>\n						</tr>\n						<tr>\n							<td>#2</td>\n							<td>開1/4</td>\n							<td></td>\n						</tr>\n						<tr>\n							<td>#3</td>\n							<td>開1/4</td>\n							<td></td>\n						</tr>\n						<tr>\n							<td>#4</td>\n							<td>開1/2</td>\n							<td></td>\n						</tr>\n						<tr>\n							<td>#5</td>\n							<td>開1/2</td>\n							<td></td>\n						</tr>\n						<tr>\n							<td>#6</td>\n							<td>開1/2</td>\n							<td></td>\n						</tr>\n						<tr>\n							<td>#7</td>\n							<td>開3/4</td>\n							<td></td>\n						</tr>\n						<tr>\n							<td>#8</td>\n							<td>開3/4</td>\n							<td></td>\n						</tr>\n						<tr>\n							<td>#9</td>\n							<td>開3/4</td>\n							<td></td>\n						</tr>\n						<tr>\n							<td>#10</td>\n							<td>全開</td>\n							<td></td>\n						</tr>\n						<tr>\n							<td>#11</td>\n							<td>全開</td>\n							<td></td>\n						</tr>\n						<tr>\n							<td>#12</td>\n							<td>全開</td>\n							<td></td>\n						</tr>\n					</table>\n					<div>備註：如果需要2個以上的應變變因，可以新增一欄。</div>\n				</div>\n				<div id="tabs_3_1_4">\n					<ol>\n						<li>將每一個電池編號，以便區分。</li>\n						<li>使用電壓表測量每一個電池的電壓。</li>\n						<li>把相同的電池放進耗電設備中，並打開它。</li>\n						<li>讓設備運行30分鐘後再測量一次電壓(在記錄表中記錄每次測量的電壓)。</li>\n						<li>重複第4步驟，直到電壓降到0.9伏特以下或是設備停止運轉。</li>\n						<li>重複步驟1-5，每個品牌的電池都進行三次實驗。</li>\n						<li>每隔30秒按一次相機閃光燈，每5分鐘測量一次電壓。</li>\n						<li>輪流將不同品牌的電池裝進手電筒裡。</li>\n						<li>用CD播放器以相同音量播放同一首歌曲。</li>\n					</ol>\n				</div>\n				<div id="tabs_3_1_5">\n					<ol>\n						<li>找一本堅固耐用的筆記本，不要用分離式的收藏夾，這樣容易弄丟。</li>\n						<li>標明你的姓名、電話號碼、電子信箱及電子郵件。</li>\n						<li>標上頁碼。</li>\n						<li>每一筆記錄都要標明日期，簡單明瞭，不要寫得太過於複雜。</li>\n						<li>不必擔心整潔或美觀，這是個人工作記錄，所以不必重新做日誌。</li>\n						<li>它可以用來紀錄電話號碼、材料的來源和價格、參考資料列表、照片、數字、統計圖、表、素描、統計算式。</li>\n						<li>工作日誌的條目應包含：思考的想法、計算、收集的資料、電話號碼、小組討論記錄、跟專家或老師的討論紀錄、實驗數據紀錄、實驗設備或其他相關的活動。</li>\n						<li>經常使用它，記錄各種微不足道的小事。</li>\n						<li>用膠水或膠帶固定任何容易鬆脫的文件，最好不要用鬆散的紙張來記錄，因為容易不見。</li>\n						<li>組織你的實驗日誌，製作目錄並用標籤製作索引，有助於你組織不同的內容。</li>\n						<li>在「反思」的這一節裡要包含：下一次我會改善哪個地方？實驗的哪個部分可以調整，讓實驗步驟更完整？</li>\n						<li>記錄所有的變動：步驟改變、事故、失敗、錯誤..等。</li>\n						<li>記錄所有的觀察結果、將重要的數據複製或輸入電腦。</li>\n					</ol>\n					<table class="fancybox_table">\n						<tr>\n							<th width="80%">目錄表</th>\n							<th width="10%">標籤顏色</th>\n							<th width="10%">頁碼</th>\n						</tr>\n						<tr>\n							<td>工作進度表</td>\n							<td>紅</td>\n							<td>1</td>\n						</tr>\n						<tr>\n							<td>日常記錄及反思</td>\n							<td>白</td>\n							<td>2</td>\n						</tr>\n						<tr>\n							<td>圖書館及網路參考資料</td>\n							<td>藍</td>\n							<td>20</td>\n						</tr>\n						<tr>\n							<td>各項資訊及材料設備來源</td>\n							<td>綠</td>\n							<td>26</td>\n						</tr>\n						<tr>\n							<td>實驗設備</td>\n							<td>黃</td>\n							<td>35</td>\n						</tr>\n						<tr>\n							<td>實驗數據</td>\n							<td>紫</td>\n							<td>40</td>\n						</tr>\n						<tr>\n							<td>實驗結果(照片、圖表、摘要表)</td>\n							<td>橘</td>\n							<td>50</td>\n						</tr>\n						<tr>\n							<td>反思</td>\n							<td>亮藍</td>\n							<td>60</td>\n						</tr>\n					</table>\n				</div>\n			</div>', '<h2>完成的學習任務，已經提交給老師!等待老師審核。</h2>\n<p>在老師回復審核結果前，你可以先想想如何進行下個階段，並利用<button><a href="/pbls/osfp/student/diary.php">個人日誌</a></button>回想自己在這個階段學習到了什麼。</p>'),
(8, '3-2', '分析資料與繪圖', '紀錄的數據要轉化成為有意義的文字和圖案，你會在這裡學到整理實驗數據的技巧，讓你面對雜亂無章的數據時能夠像孔明一樣，淡定地拿羽扇搧風', '1. 請先瀏覽<u>實驗日誌</u>後，與小組討論<u>實驗分析與圖表</u>，並上傳<u>資料分析</u>，即可進行自我檢核表並<button>繳交作業</button>。', '			<p>接下來即將進行資料的分析與圖表的繪製，請根據實驗紀錄表。</p>\n			<h3>用批判的眼光檢查你的資料：</h3>\n			<ol>\n				<li>實驗紀錄完整嗎?還是你忘了什麼？</li>\n				<li>你需要收集更多資料嗎？</li>\n				<li>你有犯錯嗎？</li>\n				<li>每一次記錄有沒有計算平均呢？</li>\n				<li>每一張圖表都很清楚嗎？(包含計量單位)</li>\n				<li>把操縱變因放在統計圖的X軸，應變變因放在Y軸。</li>\n				<li>你有用正確的<mark>圖表類型</mark>來表達實驗數據嗎？</li>\n			</ol>\n			<div id="research_guide_tabs">\n				<ul>\n					<li><a href="#tabs_3_2_1">圖表的呈現重點</a></li>\n					<li><a href="#tabs_3_2_2">圖表的種類</a></li>\n					<li><a href="#tabs_3_2_3">統計方法</a></li>\n				</ul>\n				<div id="tabs_3_2_1">\n					<ul>\n						<li>你應該把自變項放在圖表的X軸，依變項放在Y軸。</li>\n						<li>要把圖表的名稱寫上，必須註明測量單位。</li>\n						<li>用不同顏色表示不同種的數據。</li>\n					</ul>\n				</div>\n				<div id="tabs_3_2_2">\n					<ul>\n						<li>條形圖(bar graph)：適合用來比較不同種類的數據，如果你的自變項不是數值的話，更適合。</li>\n							<img src="../../model/images/guide_09.png" alt="條形圖" width="40%">\n						<li>折線圖(line graph)：如果你的自變項是數字(例如時間)，可用折線圖來表示。</li>\n							<img src="../../model/images/guide_10.jpg" alt="折線圖" width="40%">\n						<li>XY線圖(xy-line graph)：展示自變項和依變項之間的關係。</li>\n							<img src="../../model/images/guide_11.jpg" alt="XY線圖">\n						<li>散點圖(scatter plot)：展示兩個變因之間的關係。</li>\n							<img src="../../model/images/guide_12.jpg" alt="散點圖">\n					</ul>\n				</div>\n				<div id="tabs_3_2_3">\n					<ul>\n						<li>平均數(Mean)</li>\n						<li>中位數(Median)</li>\n						<li>眾數(Mode)</li>\n					</ul>\n					<table>\n						<tr>\n							<th width="30%">第一<br>你設法要描述什麼？</th>\n							<th width="40%">第二<br>呈現的圖表</th>\n							<th width="30%">第三<br>使用的統計方法</th>\n						</tr>\n						<tr>\n							<td>分組或分類的結果。哪一種方法對戒菸最有效？</td>\n							<td><img src="../../model/images/guide_27.png" alt="折線圖" width="95%"></td>\n							<td>眾數。</td>\n						</tr>\n						<tr>\n							<td>排名的位置。一到五星的電影。</td>\n							<td><img src="../../model/images/guide_28.png" alt="中位數" width="95%"></td>\n							<td>中位數。 在這個範例中，計算電影排名的中位數後得到的結果是2.3顆星。</td>\n						</tr>\n						<tr>\n							<td>線性量表的測量（如電壓，質量，身高，金錢等）</td>\n							<td><img src="../../model/images/guide_29.png" alt="平均數" width="95%"></td>\n							<td>平均數。這一數據的形狀是圖表左右側大致相同，所以我們稱這種為對稱數據。對於對稱數據，平均數是測量集中趨勢的最好方法。在這種情況下，平均體重為178克。</td>\n						</tr>\n					</table>\n				</div>\n			</div>', '<h2>完成的學習任務，已經提交給老師!等待老師審核。</h2>\n<p>在老師回復審核結果前，你可以先想想如何進行下個階段，並利用<button><a href="/pbls/osfp/student/diary.php">個人日誌</a></button>回想自己在這個階段學習到了什麼。</p>'),
(9, '3-3', '撰寫研究結果', '闡述你們實驗的發現。', '1. 請先瀏覽<u>研究構想表</u>與<u>實驗日誌</u>後，並下載<u>實驗分析</u>，與小組討論並撰寫。<br />\n2. 之後寫成WORD檔案上傳<u>研究結果</u>，即可進行自我檢核表並<button>繳交作業</button>。', '			<p>在做完實驗之後，你需要利用實驗結果，與小組成員討論出你們的研究結果；研究結果可以用來解釋實驗結果與研究問題的關聯性，或是做為如何改善實驗的參考依據。</p>\n			<p class="steps_tips">[提示：以描述實驗數據、調查結果（陳述事實），並將每個實驗結果都撰寫出來。]</p>\n			<h3>名詞解釋</h3>\n			<fieldset id="research_guide_field">\n				<p>實驗結果：描述實驗數據、調查結果（陳述事實）。</p>\n			</fieldset>\n			<h3>實驗結果的範例</h3>\n			<fieldset id="research_guide_field">\n				<p>從折線圖可以明顯看出，竹籤骨架在飛行距離及漂浮時間的項目裡，有最好的效果， 圓形飛機木第二；三角柱及長方體飛機木骨架的飛行效果最差。骨架為細圓形能降低風阻，有最佳的飛行效果，若是角柱體，則會增加風阻使飛行效果降低。</p>	\n			</fieldset>\n			<h3>實驗結果範例</h3>\n			<p>研究問題：不同形狀的飛行翼面對飛行距離的影響？</p>\n			<p>研究步驟：</p>\n			<table border="1" cellspacing="0" cellpadding="5">\n				<tr>\n					<td>1.</td>\n					<td>以西卡紙面積300平方公分，剪出〈三角形、箏形、鳶形、正方形、菱形〉。</td>\n				</tr>\n				<tr>\n					<td>2.</td>\n					<td>先以竹籤分別黏在兩側和中線，並且黏上一根橫桿距離間端6公分和一根跨在橫桿上的發射桿，然後再在發射桿和中主骨架之間塗上熱熔膠。</td>\n				</tr>\n				<tr>\n					<td>3.</td>\n					<td>以發射架〈仰角40度〉射出，拉長橡皮筋至55公分，手放開射出。</td>\n				</tr>\n				<tr>\n					<td>4.</td>\n					<td>最後以碼表測量時間；再以布尺測量飛行距離。(以第一次碰地計算)</td>\n				</tr>\n			</table><br />\n			<table border="1" cellspacing="0" cellpadding="5">\n				<tr>\n					<td width="33%"><img src="../../model/images/guide_30.png" width="100%"></td>\n					<td width="33%"><img src="../../model/images/guide_31.png" width="100%"></td>\n					<td width="33%"><img src="../../model/images/guide_32.png" width="100%"></td>\n				</tr>\n				<tr>\n					<td>膠模、透明布、尼龍布</td>\n					<td>垃圾袋</td>\n					<td>報紙</td>\n				</tr>\n				<tr>\n					<td><img src="../../model/images/guide_33.png" width="100%"></td>\n					<td><img src="../../model/images/guide_34.png" width="100%"></td>\n					<td><img src="../../model/images/guide_35.png" width="100%"></td>\n				</tr>\n				<tr>\n					<td>墊板</td>\n					<td>透明塑膠布</td>\n					<td>利用發射架投射</td>\n				</tr>\n			</table>\n			<div>註：-1代表與發射方向相反飛行1公尺的意思，藍色為單項第1、2名。</div><br />\n			<img src="../../model/images/guide_36.png" width="100%">\n			<h3>結果：</h3>\n			<p>由折線圖可知，三角形機翼飛的最遠，而且飛的最直，漂浮時間也很久；鳶形機翼第二遠，正方形、箏形、菱形的飛行距離很短，所以前窄後寬的機翼能有較好的飛行效果。</p>', '<h2>完成的學習任務，已經提交給老師!等待老師審核。</h2>\n<p>在老師回復審核結果前，你可以先想想如何進行下個階段，並利用<button><a href="/pbls/osfp/student/diary.php">個人日誌</a></button>回想自己在這個階段學習到了什麼。</p>'),
(10, '4-1', '進行研究討論', '和你的夥伴們談談實驗數據背後所代表的意義，有哪些科學原理是可以用來解釋這個現象的呢？', '1. 請先編輯「一般性討論」，討論各個研究問題其研究假設，研究變因，研究分析圖表與其研究結論。\n2. 下一步，勾選出相關的研究問題，進行「綜合性討論」，即可進行自我檢核表並<button>繳交作業</button>。', '			<p>「實驗結果」只不過是簡單陳述實驗中所觀察到的現象，如果只是將這些表格和圖表印出來拿給別人看，一定沒有人看得懂你在做什麼。為了讓實驗結果可以被大家閱讀、接受，你們必須將實驗結果做更多的解釋和分析，讓每個人都可以了解這個實驗結果有什麼意義。</p>\n			<p class="steps_tips">[提示：依據「相關的資訊」和「實驗結果」推論出這個實驗背後所隱含的意義（推論分析）。]</p>\n			<h3>名詞解釋</h3>\n			<fieldset id="research_guide_field">\n				<p>實驗結果：描述實驗數據、調查結果（陳述事實）。</p>\n	 			<p>研究討論：依據「相關的資訊」和「實驗結果」推論出這個實驗背後所隱含的意義（推論分析）。</p>\n	 			<p>一般性研究討論：針對每一個實驗結果做討論，探討背後隱含的科學原理。</p>\n	 			<p>綜合性研究討論：有些實驗結果彼此之間有因果關係，需要放在一起討論才有意義。</p>\n			</fieldset>\n			<h3>「研究討論」的內容通常包含了以下幾個部分</h3>\n			<fieldset id="research_guide_field">\n				<ol>\n					<li>每個實驗組與對照組的比較、分析原因？</li>\n					<li>實驗結果被後所隱含的意義、原理？</li>\n					<li>實驗過程中可能造成的誤差有哪些？是否已經避免或減少誤差？誤差有嚴重影響實驗嗎？</li>\n					<li>你們所提出的假設經過實驗之後被否定還是證實呢？</li>\n				</ol>\n			</fieldset>\n	 		<h3>研究討論的範例</h3>\n	 		<fieldset id="research_guide_field">\n	 			<p>研究問題：哪一種骨架材質能使飛行距離最遠？</p>	\n	 			<p>研究討論：</p>\n				<ol>\n					<li>竹籤質輕有彈性，價格便宜，而且容易加工，最適合作滑翔翼骨架。</li>\n					<li>飛機木雖然也很輕耐用，不過價格很貴不適合用來做大量的實驗。</li>\n					<li>吸管容易破損，且飛行時翼面容易擾動，所以飛行效果較差。</li>\n					<li>原本以為骨架的形狀和飛行沒有關係，沒想到骨架若是角柱體，受風時會產生阻力，還是圓形的骨架阻力較小，飛行效果較好。</li>\n				</ol>\n	 		</fieldset>', '<h2>完成的學習任務，已經提交給老師!等待老師審核。</h2>\n<p>在老師回復審核結果前，你可以先想想如何進行下個階段，並利用<button><a href="/pbls/osfp/student/diary.php">個人日誌</a></button>回想自己在這個階段學習到了什麼。</p>'),
(11, '4-2', '撰寫研究結論', '總結你們的想法和研究結果，用簡潔的文字表達你們研究的結論，距離科展完成愈來愈近了！', '1. 觀看其<u>研究結果</u>與<u>研究討論</u>後，「新增研究結論」，跟小組討論完後，即可進行自我檢核表並<button>繳交作業</button>。', '<p>在你們討論出研究結果之後，需要整合實驗結果，找出這些結果與研究問題的關係，並為研究討論做出「結論」。這些結論可能用來回答你的研究問題及假設，或是用來做出屬於整個科展作品的綜合性結論，請你參考下列範例之後，與小組成員討論出你們的結論。</p>\n			<h3>研究結論範例：</h3>\n			<table class="fancybox_table">\n				<tr>\n					<tr>\n						<th>研究結果</th>\n						<td>\n							<p>根據實驗結果，使用低耗電設備時，勁量鹼性電池維持電壓的時間比金頂電池多3％。使用中耗電設備時，勁量鹼性電池維持電壓的時間比金頂電池多10％。使用高耗電設備時，勁量鹼性電池維持電壓的時間比金頂電池多29％。基本上，隨著耗電量越多，勁量鹼性電池使用的效果越好。一般乾電池沒辦法在任何耗電設備中跟鹼性電池一樣保持電壓。</p>\n						</td>\n					</tr>\n					<tr>\n						<th>研究結論</th>\n						<td>\n							<ol>\n								<li>我的假設是勁量鹼性電池可以在各種耗電設備中維持較久的時間，我的結果符合我的假設。</li>\n								<li>我的實驗很順利，除了一個問題，電池就算不放進任何耗電設備中也會使電壓下降，所以我必須很快的完成實驗。</li>\n								<li>未來可以進行溫度對電池影響的實驗，模擬極熱或極冷的環境，觀察電池的使用狀況。</li>\n							</ol>\n						</td>\n					</tr>\n				</tr>\n			</table>', '<h2>完成的學習任務，已經提交給老師!等待老師審核。</h2>\n<p>在老師回復審核結果前，你可以先想想如何進行下個階段，並利用<button><a href="/pbls/osfp/student/diary.php">個人日誌</a></button>回想自己在這個階段學習到了什麼。</p>'),
(12, '5-1', '統整作品報告書', '進行資料整理，完整的用書面資料呈現你們的科展作品。', '1. 請閱讀完其指示語後，與小組討論，並上傳作品報告書。<br />\n2. 即可進行自我檢核表並<button>繳交作業</button>，交給老師審核。', '<p>在將科展作品拿去參加科展競賽之前，必須統整出作品說明書。</p>\n			<p>說明書的內容應包含以下的內容：</p>\n			<ol>\n				<li>封面：引人入勝的封面一定可以讓讀者心情愉悅。</li>\n				<li>摘要：對你的科展做簡略說明，引起他人的興趣。</li>\n				<li>目錄：說明書的內容有哪些？標註各個章節的頁碼。</li>\n				<li>研究動機：為什麼想要研究這個主題？</li>\n				<li>研究問題：你找出了哪些值得研究的問題？</li>\n				<li>研究設備及器材：你使用了哪些器材協助你做實驗和觀察？</li>\n				<li>研究過程與結果：你如何進行實驗或調查？</li>\n				<li>實驗結果：簡單陳述實驗的結果。</li>\n				<li>研究討論：對實驗結果進一步的分析和解說。</li>\n				<li>結論：簡述你的假設是否有被實驗結果證實，闡述未來的研究方向。</li>\n				<li>參考文獻：你的資訊來源有哪些？</li>\n			</ol>\n			<div id="research_guide_tabs">\n				<ul>\n					<li><a href="#tabs_5_1_1">摘要應包含的部分</a></li>\n					<li><a href="#tabs_5_1_2">需要避面的事項</a></li>\n					<li><a href="#tabs_5_1_3">摘要的範例</a></li>\n					<li><a href="#tabs_5_1_4">文獻格式</a></li>\n				</ul>\n				<div id="tabs_5_1_1">\n					<h3>摘要應包含的部分</h3>\n					<table class="fancybox_table">\n						<tr>\n							<th>介紹</th>\n							<td>介紹動機，讓人知道為什麼要做這個研究，引發讀者繼續往下看的興趣。</td>\n						</tr>\n						<tr>\n							<th>問題描述</th>\n							<td>說明要解決的問題及你的假設。</td>\n						</tr>\n						<tr>\n							<th>實驗步驟</th>\n							<td>說明實驗的方法。</td>\n						</tr>\n						<tr>\n							<th>研究結果</th>\n							<td>你得到什麼答案，盡量將你的結果用數字呈現出來。</td>\n						</tr>\n						<tr>\n							<th>結論</th>\n							<td>你的研究結果有哪些貢獻。</td>\n						</tr>\n					</table>\n				</div>\n				<div id="tabs_5_1_2">\n					<ol>\n						<li>避免使用太過專業的術語。</li>\n						<li>除非你會描述意思，不然不要使用縮寫詞。</li>\n						<li>避免放入參考書目或參考文獻。</li>\n						<li>摘要沒有包含圖表。</li>\n						<li>著重要12個月內的工作成果。</li>\n						<li>不要在摘要內感謝其他人。</li>\n					</ol>\n				</div>\n				<div id="tabs_5_1_3">\n					<p>根據第五十一屆科學展覽生物科作品「春眠怖『孑』曉，處處蚊子咬」的研究指出：「300毫升的水中放置4個一元硬幣，會使孑孓無法存活」，是因為「銅離子阻斷孑孓的生長」。許願池裡沒有孑孓，真的是因為「硬幣發揮了防治蚊子幼蟲孳生的作用？」我們嘗試針對孑孓生長環境、一元硬幣釋放銅離子對孑孓的生長阻斷，再進一步研究。研究發現，「在自然環境下銅離子不會對孑孓造成傷害，而是對藻類生長有影響」！放有一元硬幣的水，不易長出絲藻而較為清澈；若以銅片進行測試，也能得到同樣效果。以此證明，水中含一元硬幣釋放出銅離子造成藻類無法生存，孑孓濾食不到食物而餓死；若水域中食物來源充足，則銅離子仍無法阻斷孑孓生長。</p>\n	 				<details>資料來源：2013年全國中小學科展國小組生物科第一名《「銅」話故事的「孑」局》</details>\n				</div>\n				<div id="tabs_5_1_4">\n					<p>除了摘要以外的其他內容，你應該已經在實驗過程中都準備好了，只要把它們依照順序彙整起來，就會是一份完整的作品說明書。</p>\n					<p>以下說明參考文獻的格式：</p>\n					<ol>\n						<li>資料來源若為網路資訊，則應註明<mark>網址</mark>以及<mark>資料刊登的日期</mark>。\n							<div>範例：「全國就業E 網。保健養身-你吃的是哪一種米？2011.11.30。取自：http://www.ejob.gov.tw/news/」</div>\n						</li>\n						<li>資料來源若為書籍，則應依序註明<mark>作者、書名、版次、出版地區、出版社、頁碼、出版年份</mark>。\n							<div>範例：徐堉峰。昆蟲的生活（1），初版。台北縣：泛亞文化。46頁。2008。</div>\n						</li>\n					</ol>\n				</div>\n			</div>', '<h2>完成的學習任務，已經提交給老師!等待老師審核。</h2>\n<p>在老師回復審核結果前，你可以先想想如何進行下個階段，並利用<button><a href="/pbls/osfp/student/diary.php">個人日誌</a></button>回想自己在這個階段學習到了什麼。</p>'),
(13, '5-2', '製做作品海報', '把你們辛勞多日的心血轉化為一張老少咸宜的海報，就算路人都能透過海報看到你們的學習成果！', '1.請先下載<button style="color: blue;"><u>作品海報範例</u></button>，並觀看下列閱讀提示，下載其<button style="color: blue;"><u>參考版型</u></button>，並可上傳作品海報(PPT)。<br />\n2. 之後將觀看作品海報區，觀看其上傳檔案，即可進行自我檢核表並<button>繳交作業</button>，交給老師審核。', '<p>在完成作品說明書的製作之後，接著要製作作品海報囉！參展看板分為標題列、左、中、右等四大區塊，請利用你們的作品說明書，來做為作品海報內容的依據。</p>\n			<p class="steps_tips"></p>\n			<figure>\n				<img src="../../model/images/guide_24.jpg" alt="作品海報範例" width="100%">\n			</figure>', '<h2>完成的學習任務，已經提交給老師!等待老師審核。</h2>\n<p>在老師回復審核結果前，你可以先想想如何進行下個階段，並利用<button><a href="/pbls/osfp/student/diary.php">個人日誌</a></button>回想自己在這個階段學習到了什麼。</p>'),
(14, '5-3', '錄製報告影片', '用簡短的影片介紹你們的科展作品，準備在科展中大放異彩！', '1.請錄製5分鐘以內的報告影片，上傳報告影片，即可於觀看報告影片中，觀看其影片。<br />\n2. 即可進行自我檢核表並<button>繳交作業</button>，交給老師審核。', '<p>參加科展競賽，你需要瞭解科展評審的內容是什麼，並且練習如何在評審的過程中，表達出你的科展小組作品的重點。請閱讀以下的指引，接著進行科展報告影片的錄製。</p>\n			<ol>\n				<li>寫一個簡短的講稿(2-5分鐘)，簡述你的科展報告，不要逐字念摘要。</li>\n				<fieldset id="research_guide_field">\n					<ul>\n						<li>你怎麼得到這個點子的？</li>\n						<li>你怎麼進行實驗？</li>\n						<li>你的結果和結論。</li>\n						<li>為什麼你的科展對現在的社會很重要？ (可以怎麼幫助人類，對小部分群體的人有幫助也可以)</li>\n						<li>展示你用來進行研究的基礎理論。</li>\n						<li>如果不能將所有的部分都放進去，準備好討論某一個主題即可。</li>\n					</ul>\n				</fieldset>\n				<li>列一張評審可能會問的清單。</li>\n				<fieldset id="research_guide_field">\n					<ul>\n						<li>你從別人那邊得到多少幫助？</li>\n						<li>你的數據告訴你什麼？</li>\n						<li>為什麼這個研究很重要？</li>\n						<li>你的圖表表示什麼？</li>\n						<li>進行實驗時發生什麼問題？你怎麼解決它？</li>\n						<li>列出三個你進行科展時學到最有趣的事。</li>\n						<li>針對這個科展，你未來還想做什麼研究？</li>\n					</ul>\n				</fieldset>\n				<li>對文獻資料知道的越詳細越好。</li>\n				<li>把其他人當評審，練習解釋你的科展。</li>\n				<fieldset id="research_guide_field">\n					<ul>\n						<li>練習用圖表來回答可能的問題。</li>\n						<li>練習說明你的研究背後的理論(和文獻探討有關)。</li>\n						<li>把練習情形錄下來，從錄影中發現自己的錯誤並修正。</li>\n					</ul>\n				</fieldset>\n				<li>練習用簡單的話說明你的科展。</li>\n				<li>表情要柔和一點。</li>\n				<li>善用你的科展看板。</li>\n				<li>保持正向的態度。</li>\n				<li>要肯定的回答，不要有不明確的態度。</li>\n				<li>強調你的科展多麼地有創意和獨特。</li>\n				<li>如果不知道怎麼回答就說不知道。</li>\n				<li>讓每個人都看過你的科展報告。</li>\n				<li>從評審那裡得到回饋，可以跟評審要信箱，問他們要怎麼改善自己的科展。</li>\n			</ol>', '<h2>完成的學習任務，已經提交給老師!等待老師審核。</h2>\n<p>在老師回復審核結果前，你可以先想想如何進行下個階段，並利用<button><a href="/pbls/osfp/student/diary.php">個人日誌</a></button>回想自己在這個階段學習到了什麼。</p>'),
(15, '5-4', '討論與省思', '想想看透過這個科展作品學到了什麼？有什麼心得或感想呢？你也可以想想該怎樣才可以做得更好！', '1. 請先等待老師出完題目後，與小組討論並進行問與答，即可進行自我檢核表並<button>繳交作業</button>，交給老師審核。', '<p>在完成科展製作以及參展作品說明書、海報製作之後，你必須依據老師的提問單，與小組成員進行討論，並且回答問題；最後，反思你在學習的過程中的心得感想。</p>', '<h2>完成的學習任務，已經提交給老師!等待老師審核。</h2>\n<p>在老師回復審核結果前，你可以先想想如何進行下個階段，並利用<button><a href="/pbls/osfp/student/diary.php">個人日誌</a></button>回想自己在這個階段學習到了什麼。</p>');

-- --------------------------------------------------------

--
-- 資料表結構 `userinfo`
--

CREATE TABLE `userinfo` (
  `u_id` int(11) NOT NULL COMMENT 'UID',
  `name` varchar(16) NOT NULL COMMENT '姓名',
  `nickname` varchar(16) NOT NULL COMMENT '暱稱',
  `birthday` date NOT NULL COMMENT '出生年月日',
  `gender` varchar(2) NOT NULL COMMENT '性別(男/女)',
  `account` varchar(20) NOT NULL COMMENT '使用者帳號',
  `password` varchar(20) NOT NULL COMMENT '使用者密碼',
  `identity` varchar(2) NOT NULL COMMENT '使用者身份 S：學生 T：老師  H：家長 A：管理員',
  `county` varchar(16) NOT NULL COMMENT '縣(市)',
  `school` varchar(16) NOT NULL COMMENT '校名',
  `grade` int(2) NOT NULL COMMENT '年級',
  `teacher` varchar(16) DEFAULT NULL COMMENT '指導老師',
  `email` varchar(50) NOT NULL COMMENT '使用者信箱',
  `photo` varchar(255) NOT NULL DEFAULT '/co.in/science/model/images/project_null.jpg' COMMENT '個人圖像',
  `register_time` timestamp NOT NULL DEFAULT CURRENT_TIMESTAMP COMMENT '註冊時間',
  `recent_login_time` timestamp NOT NULL DEFAULT '0000-00-00 00:00:00' COMMENT '最近登入時間',
  `db_del` tinyint(1) NOT NULL DEFAULT '1' COMMENT '刪除資料 0：刪除 1：顯示'
) ENGINE=InnoDB DEFAULT CHARSET=utf8;

--
-- 資料表的匯出資料 `userinfo`
--

INSERT INTO `userinfo` (`u_id`, `name`, `nickname`, `birthday`, `gender`, `account`, `password`, `identity`, `county`, `school`, `grade`, `teacher`, `email`, `photo`, `register_time`, `recent_login_time`, `db_del`) VALUES
(1, '蔡小菜', '小菜', '1991-12-11', '女', 'a', 'a', 'A', '桃園市', '中央大學', 0, NULL, 'lovecatus@gmail.com', '/co.in/science/model/images/project_null.jpg', '2016-01-18 04:18:57', '2016-08-09 08:22:31', 1),
(2, '吳老大', '小沺', '1991-05-13', '男', 'z', 'z', 'T', '桃園市', '中央大學', 0, NULL, 'lovecatus@gmail.com', '/co.in/science/model/images/project_null.jpg', '2016-01-18 04:18:57', '2016-09-12 14:44:44', 1),
(3, '劉倍倍', '倍倍', '1991-10-15', '女', 'q', 'q', 'S', '桃園市', '中央大學', 2, '吳沺沺', 'appleaaaa99@gmail.com', '/co.in/science/model/document/account/LOGO.jpg', '2016-01-18 04:18:57', '2016-09-12 14:44:16', 1),
(4, '張小哲', '小哲', '1991-08-16', '男', 'w', 'w', 'S', '桃園市', '中央大學', 2, '吳沺沺', 'lovecatus@gmail.com', '/co.in/science/model/images/project_null.jpg', '2016-01-18 04:18:57', '2016-08-01 08:37:21', 1),
(5, '陳香蕉', '香蕉', '1992-07-25', '男', 'e', 'e', 'S', '桃園市', '中央大學', 2, '吳沺沺', 'lovecatus@gmail.com', '/co.in/science/model/images/project_null.jpg', '2016-01-18 04:18:57', '2016-05-27 17:37:50', 1),
(6, '吳小沺', '小沺', '1988-01-01', '男', 'wurett', 'wurett', 'T', '桃園市', '中央大學', 0, NULL, 'lovecatus@gmail.com', '/co.in/science/model/images/project_null.jpg', '2016-02-23 06:44:12', '2016-05-05 13:49:19', 1),
(7, '吳小萱', '小萱', '1991-10-15', '女', 'wurets1', 'wurets1', 'S', '桃園市', '中央大學', 2, '吳沺沺', 'lovecatus@gmail.com', '/co.in/science/model/images/project_null.jpg', '2016-01-18 04:18:57', '2016-05-05 13:49:11', 1),
(8, '吳歐弟', '歐弟', '1991-08-16', '男', 'wurets2', 'wurets2', 'S', '桃園市', '中央大學', 2, '吳沺沺', 'lovecatus@gmail.com', '/co.in/science/model/images/project_null.jpg', '2016-01-18 04:18:57', '2016-05-05 14:05:01', 1),
(9, '畢正一', '正一', '0000-00-00', '男', 'x', 'x', 'T', '基隆市', '清水國小', 0, NULL, 'lovecatus@gmail.com', '/co.in/science/model/images/project_null.jpg', '2016-05-11 13:15:13', '2016-06-02 12:51:45', 1),
(10, '劉力揚', '', '0000-00-00', '女', 'c', 'c', 'T', '基隆市', '清水國小', 0, NULL, 'lovecatus@gmail.com', '/co.in/science/model/images/project_null.jpg', '2016-05-11 13:19:40', '2016-05-26 12:40:24', 1),
(11, '揚為萱', '萱', '0001-01-01', '女', 'v', 'v', 'T', '基隆市', '清水國小', 0, NULL, 'lovecatus@gmail.com', '/co.in/science/model/images/project_null.jpg', '2016-05-11 13:37:46', '2016-05-26 12:40:31', 1),
(12, '陳哲', '', '0001-01-01', '男', 'r', 'r', 'S', '基隆市', '清水國小', 1, '畢正一', 'lovecatus@gmail.com', '/co.in/science/model/images/project_null.jpg', '2016-05-11 13:47:28', '2016-05-26 12:41:24', 1),
(13, '莊文文', '文文', '0001-01-01', '女', 't', 't', 'S', '基隆市', '清水國小', 1, '畢正一', 'lovecatus@gmail.com', '/co.in/science/model/images/project_null.jpg', '2016-05-11 13:47:28', '2016-06-04 14:58:00', 1),
(17, '劉凡凡', '凡凡', '0002-02-02', '男', 'y', 'y', 'S', '基隆市', '清水國小', 1, '畢正一', 'lovecatus@gmail.com', '/co.in/science/model/images/project_null.jpg', '2016-05-11 14:53:41', '2016-05-26 12:41:37', 1),
(18, '姜姜', '姜姜', '0008-08-08', '女', 'u', 'u', 'S', '基隆市', '清水國小', 1, '劉力揚', 'lovecatus@gmail.com', '/co.in/science/model/images/project_null.jpg', '2016-05-11 14:58:33', '2016-05-26 12:41:41', 1),
(19, '張源源', '源源', '0004-04-04', '女', 'i', 'i', 'S', '基隆市', '清水國小', 4, '吳穎穎', 'lovecatus@gmail.com', '/co.in/science/model/images/project_null.jpg', '2016-05-11 15:15:34', '2016-05-26 12:41:47', 1),
(20, '陳守鋒', '守鋒', '1987-01-04', '男', 'b', 'b', 'T', '彰化縣', '西湖國小', 0, NULL, 'lovecatus@gmail.com', '/co.in/science/model/images/project_null.jpg', '2016-05-16 07:48:19', '2016-06-06 03:12:27', 1),
(21, '鄭兒', '鄭兒', '0000-00-00', '女', 'o', 'o', 'S', '嘉義縣', '西湖國小', 4, '陳峰哥', 'lovecatus@gmail.com', '/co.in/science/model/images/project_null.jpg', '2016-05-16 07:51:40', '2016-06-06 03:15:04', 1),
(22, '蘭陵王', '蘭陵王', '1994-08-07', '男', 'p', 'p', 'S', '高雄市', '西湖國小', 1, '陳峰哥', 'lovecatus@gmail.com', '/co.in/science/model/images/project_null.jpg', '2016-05-16 07:53:49', '2016-05-26 12:42:01', 1),
(68, '菜菜菜', '小菜', '1991-12-11', '女', 'g', 'g', 'S', '桃園市', '中央大學', 1, '吳沺沺', 'lovecatus@gmail.com', '/co.in/science/model/images/project_null.jpg', '2016-05-17 15:43:14', '2016-05-26 12:43:12', 1),
(69, '靖王', '大樑王', '1911-01-01', '男', 'n', 'n', 'T', '基隆市', '大樑國小', 0, 'NULL', 'lovecatus@gmail.com', '/co.in/science/model/document/account/cute.PNG', '2016-05-24 06:07:43', '2016-05-26 12:40:53', 1),
(70, '蘇哲', '哲哲', '1911-01-01', '男', 's', 's', 'S', '基隆市', '大樑國小', 1, '靖王', 'lovecatus@gmail.com', '/co.in/science/model/images/project_null.jpg', '2016-05-24 06:13:59', '2016-05-30 08:02:26', 1),
(71, '霓凰', '霓霓', '1911-01-01', '女', 'd', 'd', 'S', '基隆市', '大樑國小', 1, '靖王', 'lovecatus@gmail.com', '/co.in/science/model/images/project_null.jpg', '2016-05-24 06:14:59', '2016-05-26 12:42:23', 1),
(72, '飛流', '飛流', '1911-01-01', '男', 'f', 'f', 'S', '基隆市', '大樑國小', 1, '靖王', 'lovecatus@gmail.com', '/co.in/science/model/images/project_null.jpg', '2016-05-24 06:13:59', '2016-05-26 12:42:29', 1),
(73, '老師', '', '1991-01-01', '男', 'teacher1', 'teacher1', 'T', '基隆市', '中央國中', 0, 'NULL', 'lovecatus@gmail.com', '/co.in/science/model/images/project_null.jpg', '2016-06-07 07:14:17', '2016-07-13 01:16:58', 1),
(74, '學生一', '', '1991-01-01', '女', 'student1', 'student1', 'S', '基隆市', '中央國中', 1, '老師', 'lovecatus@gmail.com', '/co.in/science/model/images/project_null.jpg', '2016-06-07 07:35:05', '2016-07-13 01:20:37', 1),
(75, '學生二', '', '1991-01-01', '男', 'student2', 'student2', 'S', '基隆市', '中央國中', 1, '老師', 'lovecatus@gmail.com', '/co.in/science/model/images/project_null.jpg', '2016-06-07 07:35:05', '2016-06-23 10:20:47', 1),
(76, '陳家騏', '', '1986-07-07', '男', 'P123254885', 'il0707lala', 'T', '新北市', '錦和高中', 0, 'NULL', 'getter010138@hotmail.com', '/co.in/science/model/images/project_null.jpg', '2016-06-08 00:34:21', '2016-06-15 00:18:43', 1),
(77, '徐春蘭', '蘭', '1964-03-12', '女', 'eklvh20160', '538490', 'T', '新北市', '正德國中國中', 0, 'NULL', 'eklvh201314@gmail.com', '/co.in/science/model/images/project_null.jpg', '2016-06-10 10:53:48', '2016-06-10 10:54:35', 1),
(78, '許慧英', 'tinashi', '1970-05-11', '女', 'tinashi', 'ts197000', 'T', '新竹市', '龍山國小', 0, 'NULL', 'tinashi5774287@yahoo.com.tw', '/co.in/science/model/images/project_null.jpg', '2016-06-15 06:32:27', '2016-06-15 06:32:40', 1),
(79, '吳妙芳', '', '1968-09-08', '女', 'fenny', 'miao1968', 'T', '新竹市', '新竹高工高中', 0, 'NULL', 'fenny@hcvs.hc.edu.tw', '/co.in/science/model/images/project_null.jpg', '2016-06-15 08:22:48', '2016-06-15 08:23:01', 1),
(80, '盛老師', '', '1975-02-08', '女', 'shengpj', '38493849', 'T', '台北市', '麗山高中', 0, 'NULL', 'shengpj@lssh.tp.edu.tw', '/co.in/science/model/images/project_null.jpg', '2016-06-15 10:12:41', '2016-06-17 07:17:01', 1),
(81, '陳淑苾', '', '1971-10-16', '女', '897430088', 'bee9999', 'T', '台北市', '龍安國小', 0, 'NULL', 'ivychen04022000@yahoo.com.tw', '/co.in/science/model/images/project_null.jpg', '2016-06-18 06:50:27', '2016-06-18 06:51:05', 1),
(82, '楊育欣', '', '1975-04-04', '女', 'yusin', 'jht267', 'T', '台中市', '清水國小', 0, 'NULL', 'yu6406@gmail.com', '/co.in/science/model/images/project_null.jpg', '2016-06-23 13:58:16', '2016-06-23 14:06:16', 1),
(83, 'banana', 'NULL', '0000-00-00', '男', 'banana', 'banana', '1', '花蓮縣', 'banana國中', 0, 'NULL', 'banana@banana', '/co.in/science/model/images/project_null.jpg', '2016-07-15 08:15:10', '0000-00-00 00:00:00', 1),
(84, '', 'NULL', '0000-00-00', '男', '', '', 'S', '基隆市', '國小', 0, 'NULL', '', '/co.in/science/model/images/project_null.jpg', '2016-07-15 08:29:02', '0000-00-00 00:00:00', 1),
(85, 'cat', 'NULL', '0000-00-00', '男', 'cat', 'cat', 'T', '屏東縣', 'cat國中', 0, 'NULL', 'cat@cat', '/co.in/science/model/images/project_null.jpg', '2016-07-15 08:31:21', '2016-07-15 08:32:15', 1),
(86, 'dog', 'NULL', '0000-00-00', '男', 'dog', 'dog', 'T', '澎湖縣', 'dog國中', 0, 'NULL', 'dog@dog', '/co.in/science/model/images/project_null.jpg', '2016-07-15 08:46:04', '0000-00-00 00:00:00', 1),
(87, 'zzz', 'NULL', '0000-00-00', '男', 'zzz', 'zzz', 'T', '澎湖縣', 'zzz國中', 0, 'NULL', 'zzz', '/co.in/science/model/images/project_null.jpg', '2016-07-15 08:49:01', '0000-00-00 00:00:00', 1);

--
-- 已匯出資料表的索引
--

--
-- 資料表索引 `checklist`
--
ALTER TABLE `checklist`
  ADD PRIMARY KEY (`c_id`),
  ADD KEY `p_id` (`p_id`);

--
-- 資料表索引 `database`
--
ALTER TABLE `database`
  ADD PRIMARY KEY (`d_id`),
  ADD KEY `p_id` (`p_id`);

--
-- 資料表索引 `database_cnt`
--
ALTER TABLE `database_cnt`
  ADD PRIMARY KEY (`d_c_id`),
  ADD KEY `d_id` (`d_id`),
  ADD KEY `k_id` (`k_id`);

--
-- 資料表索引 `database_kwd`
--
ALTER TABLE `database_kwd`
  ADD PRIMARY KEY (`k_id`),
  ADD KEY `p_id` (`p_id`);

--
-- 資料表索引 `diary`
--
ALTER TABLE `diary`
  ADD PRIMARY KEY (`d_id`),
  ADD KEY `p_id` (`p_id`);

--
-- 資料表索引 `discussion`
--
ALTER TABLE `discussion`
  ADD PRIMARY KEY (`d_id`),
  ADD KEY `p_id` (`p_id`);

--
-- 資料表索引 `discussion_active`
--
ALTER TABLE `discussion_active`
  ADD PRIMARY KEY (`d_a_id`),
  ADD KEY `d_id` (`d_id`);

--
-- 資料表索引 `discussion_reply`
--
ALTER TABLE `discussion_reply`
  ADD PRIMARY KEY (`d_r_id`),
  ADD KEY `d_id` (`d_id`);

--
-- 資料表索引 `friends`
--
ALTER TABLE `friends`
  ADD PRIMARY KEY (`f_id`);

--
-- 資料表索引 `guide`
--
ALTER TABLE `guide`
  ADD PRIMARY KEY (`g_id`);

--
-- 資料表索引 `help`
--
ALTER TABLE `help`
  ADD PRIMARY KEY (`h_id`);

--
-- 資料表索引 `help_reply`
--
ALTER TABLE `help_reply`
  ADD PRIMARY KEY (`h_r_id`),
  ADD KEY `h_id` (`h_id`);

--
-- 資料表索引 `log`
--
ALTER TABLE `log`
  ADD PRIMARY KEY (`l_id`);

--
-- 資料表索引 `news`
--
ALTER TABLE `news`
  ADD PRIMARY KEY (`n_id`),
  ADD KEY `u_id` (`u_id`);

--
-- 資料表索引 `project`
--
ALTER TABLE `project`
  ADD PRIMARY KEY (`p_id`);

--
-- 資料表索引 `project_examine`
--
ALTER TABLE `project_examine`
  ADD PRIMARY KEY (`p_e_id`),
  ADD KEY `p_id` (`p_id`);

--
-- 資料表索引 `project_group`
--
ALTER TABLE `project_group`
  ADD PRIMARY KEY (`p_g_id`),
  ADD KEY `p_id` (`p_id`),
  ADD KEY `p_id_2` (`p_id`),
  ADD KEY `p_id_3` (`p_id`);

--
-- 資料表索引 `project_notes`
--
ALTER TABLE `project_notes`
  ADD PRIMARY KEY (`n_id`),
  ADD KEY `p_id` (`p_id`);

--
-- 資料表索引 `project_perform`
--
ALTER TABLE `project_perform`
  ADD PRIMARY KEY (`p_p_id`),
  ADD KEY `p_id` (`p_id`);

--
-- 資料表索引 `project_schedule`
--
ALTER TABLE `project_schedule`
  ADD PRIMARY KEY (`p_s_id`),
  ADD KEY `p_id` (`p_id`);

--
-- 資料表索引 `research_conclusion`
--
ALTER TABLE `research_conclusion`
  ADD PRIMARY KEY (`c_id`),
  ADD KEY `p_id` (`p_id`);

--
-- 資料表索引 `research_discussion`
--
ALTER TABLE `research_discussion`
  ADD PRIMARY KEY (`d_id`),
  ADD KEY `p_id` (`p_id`);

--
-- 資料表索引 `research_experiment`
--
ALTER TABLE `research_experiment`
  ADD PRIMARY KEY (`e_id`),
  ADD KEY `q_id` (`q_id`),
  ADD KEY `p_id` (`p_id`);

--
-- 資料表索引 `research_form`
--
ALTER TABLE `research_form`
  ADD PRIMARY KEY (`f_id`),
  ADD KEY `q_id` (`q_id`),
  ADD KEY `p_id` (`p_id`);

--
-- 資料表索引 `research_idea`
--
ALTER TABLE `research_idea`
  ADD PRIMARY KEY (`i_id`),
  ADD KEY `q_id` (`q_id`),
  ADD KEY `p_id` (`p_id`);

--
-- 資料表索引 `research_idea_pic`
--
ALTER TABLE `research_idea_pic`
  ADD PRIMARY KEY (`i_p_id`),
  ADD KEY `i_id` (`i_id`);

--
-- 資料表索引 `research_idea_steps`
--
ALTER TABLE `research_idea_steps`
  ADD PRIMARY KEY (`i_s_id`),
  ADD KEY `q_id` (`q_id`),
  ADD KEY `q_id_2` (`q_id`),
  ADD KEY `p_id` (`p_id`);

--
-- 資料表索引 `research_pilot`
--
ALTER TABLE `research_pilot`
  ADD PRIMARY KEY (`r_id`),
  ADD KEY `q_id` (`q_id`),
  ADD KEY `p_id` (`p_id`);

--
-- 資料表索引 `research_qna`
--
ALTER TABLE `research_qna`
  ADD PRIMARY KEY (`q_id`),
  ADD KEY `p_id` (`p_id`);

--
-- 資料表索引 `research_question`
--
ALTER TABLE `research_question`
  ADD PRIMARY KEY (`q_id`),
  ADD KEY `p_id` (`p_id`);

--
-- 資料表索引 `research_question_var`
--
ALTER TABLE `research_question_var`
  ADD PRIMARY KEY (`q_v_id`),
  ADD KEY `p_id` (`p_id`);

--
-- 資料表索引 `research_report`
--
ALTER TABLE `research_report`
  ADD PRIMARY KEY (`r_id`),
  ADD KEY `p_id` (`p_id`);

--
-- 資料表索引 `research_theme`
--
ALTER TABLE `research_theme`
  ADD PRIMARY KEY (`t_id`),
  ADD KEY `p_id` (`p_id`);

--
-- 資料表索引 `research_topic`
--
ALTER TABLE `research_topic`
  ADD PRIMARY KEY (`t_id`),
  ADD KEY `p_id` (`p_id`);

--
-- 資料表索引 `research_topic_data`
--
ALTER TABLE `research_topic_data`
  ADD PRIMARY KEY (`t_d_id`),
  ADD KEY `t_id` (`t_id`),
  ADD KEY `d_id` (`d_id`);

--
-- 資料表索引 `score_group`
--
ALTER TABLE `score_group`
  ADD PRIMARY KEY (`s_g_id`),
  ADD KEY `p_id` (`p_id`);

--
-- 資料表索引 `score_personal`
--
ALTER TABLE `score_personal`
  ADD PRIMARY KEY (`s_p_id`),
  ADD KEY `p_id` (`p_id`);

--
-- 資料表索引 `search`
--
ALTER TABLE `search`
  ADD PRIMARY KEY (`s_id`);

--
-- 資料表索引 `stage`
--
ALTER TABLE `stage`
  ADD PRIMARY KEY (`s_id`);

--
-- 資料表索引 `userinfo`
--
ALTER TABLE `userinfo`
  ADD PRIMARY KEY (`u_id`);

--
-- 在匯出的資料表使用 AUTO_INCREMENT
--

--
-- 使用資料表 AUTO_INCREMENT `checklist`
--
ALTER TABLE `checklist`
  MODIFY `c_id` int(11) NOT NULL AUTO_INCREMENT COMMENT '審核表ID', AUTO_INCREMENT=106;
--
-- 使用資料表 AUTO_INCREMENT `database`
--
ALTER TABLE `database`
  MODIFY `d_id` int(11) NOT NULL AUTO_INCREMENT COMMENT '資料庫ID', AUTO_INCREMENT=67;
--
-- 使用資料表 AUTO_INCREMENT `database_cnt`
--
ALTER TABLE `database_cnt`
  MODIFY `d_c_id` int(11) NOT NULL AUTO_INCREMENT COMMENT '關聯資料庫ID', AUTO_INCREMENT=217;
--
-- 使用資料表 AUTO_INCREMENT `database_kwd`
--
ALTER TABLE `database_kwd`
  MODIFY `k_id` int(11) NOT NULL AUTO_INCREMENT COMMENT '關鍵字ID', AUTO_INCREMENT=44;
--
-- 使用資料表 AUTO_INCREMENT `diary`
--
ALTER TABLE `diary`
  MODIFY `d_id` int(11) NOT NULL AUTO_INCREMENT COMMENT '日誌ID', AUTO_INCREMENT=47;
--
-- 使用資料表 AUTO_INCREMENT `discussion`
--
ALTER TABLE `discussion`
  MODIFY `d_id` int(11) NOT NULL AUTO_INCREMENT COMMENT '討論區ID', AUTO_INCREMENT=41;
--
-- 使用資料表 AUTO_INCREMENT `discussion_active`
--
ALTER TABLE `discussion_active`
  MODIFY `d_a_id` int(11) NOT NULL AUTO_INCREMENT COMMENT '討論狀態ID', AUTO_INCREMENT=124;
--
-- 使用資料表 AUTO_INCREMENT `discussion_reply`
--
ALTER TABLE `discussion_reply`
  MODIFY `d_r_id` int(11) NOT NULL AUTO_INCREMENT COMMENT '回覆討論區ID', AUTO_INCREMENT=21;
--
-- 使用資料表 AUTO_INCREMENT `friends`
--
ALTER TABLE `friends`
  MODIFY `f_id` int(11) NOT NULL AUTO_INCREMENT COMMENT '朋友ID';
--
-- 使用資料表 AUTO_INCREMENT `guide`
--
ALTER TABLE `guide`
  MODIFY `g_id` int(11) NOT NULL AUTO_INCREMENT COMMENT '指引ID', AUTO_INCREMENT=12;
--
-- 使用資料表 AUTO_INCREMENT `help`
--
ALTER TABLE `help`
  MODIFY `h_id` int(11) NOT NULL AUTO_INCREMENT COMMENT '求助ID', AUTO_INCREMENT=12;
--
-- 使用資料表 AUTO_INCREMENT `help_reply`
--
ALTER TABLE `help_reply`
  MODIFY `h_r_id` int(11) NOT NULL AUTO_INCREMENT COMMENT '求助回覆ID', AUTO_INCREMENT=2;
--
-- 使用資料表 AUTO_INCREMENT `log`
--
ALTER TABLE `log`
  MODIFY `l_id` int(11) NOT NULL AUTO_INCREMENT COMMENT 'LOG ID', AUTO_INCREMENT=1381;
--
-- 使用資料表 AUTO_INCREMENT `news`
--
ALTER TABLE `news`
  MODIFY `n_id` int(11) NOT NULL AUTO_INCREMENT COMMENT '最新消息ID', AUTO_INCREMENT=264;
--
-- 使用資料表 AUTO_INCREMENT `project`
--
ALTER TABLE `project`
  MODIFY `p_id` int(11) NOT NULL AUTO_INCREMENT COMMENT '專題ID', AUTO_INCREMENT=16;
--
-- 使用資料表 AUTO_INCREMENT `project_examine`
--
ALTER TABLE `project_examine`
  MODIFY `p_e_id` int(11) NOT NULL AUTO_INCREMENT COMMENT '審核ID', AUTO_INCREMENT=96;
--
-- 使用資料表 AUTO_INCREMENT `project_group`
--
ALTER TABLE `project_group`
  MODIFY `p_g_id` int(11) NOT NULL AUTO_INCREMENT COMMENT '專題成員ID', AUTO_INCREMENT=36;
--
-- 使用資料表 AUTO_INCREMENT `project_notes`
--
ALTER TABLE `project_notes`
  MODIFY `n_id` int(11) NOT NULL AUTO_INCREMENT COMMENT '備註ID', AUTO_INCREMENT=4;
--
-- 使用資料表 AUTO_INCREMENT `project_perform`
--
ALTER TABLE `project_perform`
  MODIFY `p_p_id` int(11) NOT NULL AUTO_INCREMENT COMMENT '專題表現', AUTO_INCREMENT=18;
--
-- 使用資料表 AUTO_INCREMENT `project_schedule`
--
ALTER TABLE `project_schedule`
  MODIFY `p_s_id` int(11) NOT NULL AUTO_INCREMENT COMMENT '時間表ID', AUTO_INCREMENT=18;
--
-- 使用資料表 AUTO_INCREMENT `research_conclusion`
--
ALTER TABLE `research_conclusion`
  MODIFY `c_id` int(11) NOT NULL AUTO_INCREMENT COMMENT '研究結論ID', AUTO_INCREMENT=8;
--
-- 使用資料表 AUTO_INCREMENT `research_discussion`
--
ALTER TABLE `research_discussion`
  MODIFY `d_id` int(11) NOT NULL AUTO_INCREMENT COMMENT '研究討論ID', AUTO_INCREMENT=7;
--
-- 使用資料表 AUTO_INCREMENT `research_experiment`
--
ALTER TABLE `research_experiment`
  MODIFY `e_id` int(11) NOT NULL AUTO_INCREMENT COMMENT '實驗日誌ID', AUTO_INCREMENT=12;
--
-- 使用資料表 AUTO_INCREMENT `research_form`
--
ALTER TABLE `research_form`
  MODIFY `f_id` int(11) NOT NULL AUTO_INCREMENT COMMENT '實驗表單ID', AUTO_INCREMENT=30;
--
-- 使用資料表 AUTO_INCREMENT `research_idea`
--
ALTER TABLE `research_idea`
  MODIFY `i_id` int(11) NOT NULL AUTO_INCREMENT COMMENT '構想表ID', AUTO_INCREMENT=74;
--
-- 使用資料表 AUTO_INCREMENT `research_idea_pic`
--
ALTER TABLE `research_idea_pic`
  MODIFY `i_p_id` int(11) NOT NULL AUTO_INCREMENT COMMENT '構想表圖片ID', AUTO_INCREMENT=53;
--
-- 使用資料表 AUTO_INCREMENT `research_idea_steps`
--
ALTER TABLE `research_idea_steps`
  MODIFY `i_s_id` int(11) NOT NULL AUTO_INCREMENT COMMENT '構想表步驟ID', AUTO_INCREMENT=64;
--
-- 使用資料表 AUTO_INCREMENT `research_pilot`
--
ALTER TABLE `research_pilot`
  MODIFY `r_id` int(11) NOT NULL AUTO_INCREMENT COMMENT '嘗試性實驗ID', AUTO_INCREMENT=27;
--
-- 使用資料表 AUTO_INCREMENT `research_qna`
--
ALTER TABLE `research_qna`
  MODIFY `q_id` int(11) NOT NULL AUTO_INCREMENT COMMENT '反思與提問ID', AUTO_INCREMENT=25;
--
-- 使用資料表 AUTO_INCREMENT `research_question`
--
ALTER TABLE `research_question`
  MODIFY `q_id` int(11) NOT NULL AUTO_INCREMENT COMMENT '研究問題ID', AUTO_INCREMENT=49;
--
-- 使用資料表 AUTO_INCREMENT `research_question_var`
--
ALTER TABLE `research_question_var`
  MODIFY `q_v_id` int(11) NOT NULL AUTO_INCREMENT COMMENT '問題變數ID', AUTO_INCREMENT=20;
--
-- 使用資料表 AUTO_INCREMENT `research_report`
--
ALTER TABLE `research_report`
  MODIFY `r_id` int(11) NOT NULL AUTO_INCREMENT COMMENT '研究報告ID', AUTO_INCREMENT=7;
--
-- 使用資料表 AUTO_INCREMENT `research_theme`
--
ALTER TABLE `research_theme`
  MODIFY `t_id` int(11) NOT NULL AUTO_INCREMENT COMMENT '研究主題ID', AUTO_INCREMENT=9;
--
-- 使用資料表 AUTO_INCREMENT `research_topic`
--
ALTER TABLE `research_topic`
  MODIFY `t_id` int(11) NOT NULL AUTO_INCREMENT COMMENT '研究題目ID', AUTO_INCREMENT=18;
--
-- 使用資料表 AUTO_INCREMENT `research_topic_data`
--
ALTER TABLE `research_topic_data`
  MODIFY `t_d_id` int(11) NOT NULL AUTO_INCREMENT COMMENT '主題相關ID', AUTO_INCREMENT=43;
--
-- 使用資料表 AUTO_INCREMENT `score_group`
--
ALTER TABLE `score_group`
  MODIFY `s_g_id` int(11) NOT NULL AUTO_INCREMENT COMMENT '小組成績ID', AUTO_INCREMENT=18;
--
-- 使用資料表 AUTO_INCREMENT `score_personal`
--
ALTER TABLE `score_personal`
  MODIFY `s_p_id` int(11) NOT NULL AUTO_INCREMENT COMMENT '個人成績ID', AUTO_INCREMENT=40;
--
-- 使用資料表 AUTO_INCREMENT `search`
--
ALTER TABLE `search`
  MODIFY `s_id` int(5) NOT NULL AUTO_INCREMENT, AUTO_INCREMENT=245;
--
-- 使用資料表 AUTO_INCREMENT `stage`
--
ALTER TABLE `stage`
  MODIFY `s_id` int(11) NOT NULL AUTO_INCREMENT COMMENT '階段ID', AUTO_INCREMENT=16;
--
-- 使用資料表 AUTO_INCREMENT `userinfo`
--
ALTER TABLE `userinfo`
  MODIFY `u_id` int(11) NOT NULL AUTO_INCREMENT COMMENT 'UID', AUTO_INCREMENT=88;
--
-- 已匯出資料表的限制(Constraint)
--

--
-- 資料表的 Constraints `checklist`
--
ALTER TABLE `checklist`
  ADD CONSTRAINT `checklist_ibfk_1` FOREIGN KEY (`p_id`) REFERENCES `project` (`p_id`) ON DELETE CASCADE ON UPDATE CASCADE;

--
-- 資料表的 Constraints `database`
--
ALTER TABLE `database`
  ADD CONSTRAINT `database_ibfk_1` FOREIGN KEY (`p_id`) REFERENCES `project` (`p_id`) ON DELETE CASCADE ON UPDATE CASCADE;

--
-- 資料表的 Constraints `database_cnt`
--
ALTER TABLE `database_cnt`
  ADD CONSTRAINT `database_cnt_ibfk_1` FOREIGN KEY (`d_id`) REFERENCES `database` (`d_id`) ON DELETE CASCADE ON UPDATE CASCADE,
  ADD CONSTRAINT `database_cnt_ibfk_2` FOREIGN KEY (`k_id`) REFERENCES `database_kwd` (`k_id`) ON DELETE CASCADE ON UPDATE CASCADE;

--
-- 資料表的 Constraints `database_kwd`
--
ALTER TABLE `database_kwd`
  ADD CONSTRAINT `database_kwd_ibfk_1` FOREIGN KEY (`p_id`) REFERENCES `project` (`p_id`) ON DELETE CASCADE ON UPDATE CASCADE;

--
-- 資料表的 Constraints `diary`
--
ALTER TABLE `diary`
  ADD CONSTRAINT `diary_ibfk_1` FOREIGN KEY (`p_id`) REFERENCES `project` (`p_id`) ON DELETE CASCADE ON UPDATE CASCADE;

--
-- 資料表的 Constraints `discussion`
--
ALTER TABLE `discussion`
  ADD CONSTRAINT `discussion_ibfk_1` FOREIGN KEY (`p_id`) REFERENCES `project` (`p_id`) ON DELETE CASCADE ON UPDATE CASCADE;

--
-- 資料表的 Constraints `discussion_active`
--
ALTER TABLE `discussion_active`
  ADD CONSTRAINT `discussion_active_ibfk_1` FOREIGN KEY (`d_id`) REFERENCES `discussion` (`d_id`) ON DELETE CASCADE ON UPDATE CASCADE;

--
-- 資料表的 Constraints `discussion_reply`
--
ALTER TABLE `discussion_reply`
  ADD CONSTRAINT `discussion_reply_ibfk_1` FOREIGN KEY (`d_id`) REFERENCES `discussion` (`d_id`) ON DELETE CASCADE ON UPDATE CASCADE;

--
-- 資料表的 Constraints `help_reply`
--
ALTER TABLE `help_reply`
  ADD CONSTRAINT `help_reply_ibfk_1` FOREIGN KEY (`h_id`) REFERENCES `help` (`h_id`) ON DELETE CASCADE ON UPDATE CASCADE;

--
-- 資料表的 Constraints `news`
--
ALTER TABLE `news`
  ADD CONSTRAINT `news_ibfk_1` FOREIGN KEY (`u_id`) REFERENCES `userinfo` (`u_id`) ON DELETE CASCADE ON UPDATE CASCADE;

--
-- 資料表的 Constraints `project_examine`
--
ALTER TABLE `project_examine`
  ADD CONSTRAINT `project_examine_ibfk_1` FOREIGN KEY (`p_id`) REFERENCES `project` (`p_id`) ON DELETE CASCADE ON UPDATE CASCADE;

--
-- 資料表的 Constraints `project_group`
--
ALTER TABLE `project_group`
  ADD CONSTRAINT `project_group_ibfk_1` FOREIGN KEY (`p_id`) REFERENCES `project` (`p_id`) ON DELETE CASCADE ON UPDATE CASCADE;

--
-- 資料表的 Constraints `project_notes`
--
ALTER TABLE `project_notes`
  ADD CONSTRAINT `project_notes_ibfk_1` FOREIGN KEY (`p_id`) REFERENCES `project` (`p_id`) ON DELETE CASCADE ON UPDATE CASCADE;

--
-- 資料表的 Constraints `project_perform`
--
ALTER TABLE `project_perform`
  ADD CONSTRAINT `project_perform_ibfk_1` FOREIGN KEY (`p_id`) REFERENCES `project` (`p_id`) ON DELETE CASCADE ON UPDATE CASCADE;

--
-- 資料表的 Constraints `project_schedule`
--
ALTER TABLE `project_schedule`
  ADD CONSTRAINT `project_schedule_ibfk_1` FOREIGN KEY (`p_id`) REFERENCES `project` (`p_id`) ON DELETE CASCADE ON UPDATE CASCADE;

--
-- 資料表的 Constraints `research_conclusion`
--
ALTER TABLE `research_conclusion`
  ADD CONSTRAINT `research_conclusion_ibfk_1` FOREIGN KEY (`p_id`) REFERENCES `project` (`p_id`) ON DELETE CASCADE ON UPDATE CASCADE;

--
-- 資料表的 Constraints `research_discussion`
--
ALTER TABLE `research_discussion`
  ADD CONSTRAINT `research_discussion_ibfk_1` FOREIGN KEY (`p_id`) REFERENCES `project` (`p_id`) ON DELETE CASCADE ON UPDATE CASCADE;

--
-- 資料表的 Constraints `research_experiment`
--
ALTER TABLE `research_experiment`
  ADD CONSTRAINT `research_experiment_ibfk_1` FOREIGN KEY (`p_id`) REFERENCES `project` (`p_id`) ON DELETE CASCADE ON UPDATE CASCADE,
  ADD CONSTRAINT `research_experiment_ibfk_2` FOREIGN KEY (`q_id`) REFERENCES `research_question` (`q_id`) ON DELETE CASCADE ON UPDATE CASCADE;

--
-- 資料表的 Constraints `research_form`
--
ALTER TABLE `research_form`
  ADD CONSTRAINT `research_form_ibfk_1` FOREIGN KEY (`p_id`) REFERENCES `project` (`p_id`) ON DELETE CASCADE ON UPDATE CASCADE,
  ADD CONSTRAINT `research_form_ibfk_2` FOREIGN KEY (`q_id`) REFERENCES `research_question` (`q_id`) ON DELETE CASCADE ON UPDATE CASCADE;

--
-- 資料表的 Constraints `research_idea`
--
ALTER TABLE `research_idea`
  ADD CONSTRAINT `research_idea_ibfk_1` FOREIGN KEY (`p_id`) REFERENCES `project` (`p_id`) ON DELETE CASCADE ON UPDATE CASCADE,
  ADD CONSTRAINT `research_idea_ibfk_2` FOREIGN KEY (`q_id`) REFERENCES `research_question` (`q_id`) ON DELETE CASCADE ON UPDATE CASCADE;

--
-- 資料表的 Constraints `research_idea_pic`
--
ALTER TABLE `research_idea_pic`
  ADD CONSTRAINT `research_idea_pic_ibfk_1` FOREIGN KEY (`i_id`) REFERENCES `research_idea` (`i_id`) ON DELETE CASCADE ON UPDATE CASCADE;

--
-- 資料表的 Constraints `research_idea_steps`
--
ALTER TABLE `research_idea_steps`
  ADD CONSTRAINT `research_idea_steps_ibfk_1` FOREIGN KEY (`p_id`) REFERENCES `project` (`p_id`) ON DELETE CASCADE ON UPDATE CASCADE,
  ADD CONSTRAINT `research_idea_steps_ibfk_2` FOREIGN KEY (`q_id`) REFERENCES `research_question` (`q_id`) ON DELETE CASCADE ON UPDATE CASCADE;

--
-- 資料表的 Constraints `research_pilot`
--
ALTER TABLE `research_pilot`
  ADD CONSTRAINT `research_pilot_ibfk_1` FOREIGN KEY (`p_id`) REFERENCES `project` (`p_id`) ON DELETE CASCADE ON UPDATE CASCADE,
  ADD CONSTRAINT `research_pilot_ibfk_2` FOREIGN KEY (`q_id`) REFERENCES `research_question` (`q_id`) ON DELETE CASCADE ON UPDATE CASCADE;

--
-- 資料表的 Constraints `research_qna`
--
ALTER TABLE `research_qna`
  ADD CONSTRAINT `research_qna_ibfk_1` FOREIGN KEY (`p_id`) REFERENCES `project` (`p_id`) ON DELETE CASCADE ON UPDATE CASCADE;

--
-- 資料表的 Constraints `research_question`
--
ALTER TABLE `research_question`
  ADD CONSTRAINT `research_question_ibfk_1` FOREIGN KEY (`p_id`) REFERENCES `project` (`p_id`) ON DELETE CASCADE ON UPDATE CASCADE;

--
-- 資料表的 Constraints `research_question_var`
--
ALTER TABLE `research_question_var`
  ADD CONSTRAINT `research_question_var_ibfk_1` FOREIGN KEY (`p_id`) REFERENCES `project` (`p_id`) ON DELETE CASCADE ON UPDATE CASCADE;

--
-- 資料表的 Constraints `research_report`
--
ALTER TABLE `research_report`
  ADD CONSTRAINT `research_report_ibfk_1` FOREIGN KEY (`p_id`) REFERENCES `project` (`p_id`) ON DELETE CASCADE ON UPDATE CASCADE;

--
-- 資料表的 Constraints `research_theme`
--
ALTER TABLE `research_theme`
  ADD CONSTRAINT `research_theme_ibfk_1` FOREIGN KEY (`p_id`) REFERENCES `project` (`p_id`) ON DELETE CASCADE ON UPDATE CASCADE;

--
-- 資料表的 Constraints `research_topic`
--
ALTER TABLE `research_topic`
  ADD CONSTRAINT `research_topic_ibfk_1` FOREIGN KEY (`p_id`) REFERENCES `project` (`p_id`) ON DELETE CASCADE ON UPDATE CASCADE;

--
-- 資料表的 Constraints `research_topic_data`
--
ALTER TABLE `research_topic_data`
  ADD CONSTRAINT `research_topic_data_ibfk_1` FOREIGN KEY (`t_id`) REFERENCES `research_topic` (`t_id`) ON DELETE CASCADE ON UPDATE CASCADE,
  ADD CONSTRAINT `research_topic_data_ibfk_2` FOREIGN KEY (`d_id`) REFERENCES `database` (`d_id`) ON DELETE CASCADE ON UPDATE CASCADE;

--
-- 資料表的 Constraints `score_group`
--
ALTER TABLE `score_group`
  ADD CONSTRAINT `score_group_ibfk_1` FOREIGN KEY (`p_id`) REFERENCES `project` (`p_id`) ON DELETE CASCADE ON UPDATE CASCADE;

--
-- 資料表的 Constraints `score_personal`
--
ALTER TABLE `score_personal`
  ADD CONSTRAINT `score_personal_ibfk_1` FOREIGN KEY (`p_id`) REFERENCES `project` (`p_id`) ON DELETE CASCADE ON UPDATE CASCADE;

/*!40101 SET CHARACTER_SET_CLIENT=@OLD_CHARACTER_SET_CLIENT */;
/*!40101 SET CHARACTER_SET_RESULTS=@OLD_CHARACTER_SET_RESULTS */;
/*!40101 SET COLLATION_CONNECTION=@OLD_COLLATION_CONNECTION */;
